latency#SimpleSystemsManagement_AWS::SimpleSystemsManagement,latency#petlistadoptions_AWS::ECS::Fargate,latency#lambda_step_priceLessThan55,latency#petlistadoptions_client,latency#lambda_step_priceLessThan55_AWS::Lambda,latency#Servi-searc.us-west-2.elb.amazonaws.com_remote,latency#lambda_step_priceLessThan55_AWS::Lambda::Function,latency#PetSite,latency#https://sqs.us-west-2.amazonaws.com/Services-sqspetadoption_AWS::SQS::Queue,latency#PetSearch_AWS::ECS::Fargate,latency#SimpleNotificationService_AWS::SimpleNotificationService,latency#DynamoDB_AWS::DynamoDB,latency#amazon.com_remote,latency#adoptions@services-database.us-west-2.rds.amazonaws.com_Database::SQL,latency#lambdastatusupdater_AWS::Lambda,latency#petInfo_AWS::DynamoDB::Table,latency#servi-searc.us-west-2.elb.amazonaws.com_remote,latency#www.amazon.com_remote,latency#lambdastatusupdater_AWS::Lambda::Function,latency#lambda_step_priceGreaterThan55_AWS::Lambda::Function,latency#lambda_step_readDDB_AWS::Lambda::Function,latency#lambda_step_readDDB_AWS::Lambda,latency#PetAdoptionStatusUpdater/prod_AWS::ApiGateway::Stage,latency#lambda_step_priceGreaterThan55_AWS::Lambda,latency#servi-petsi.us-west-2.elb.amazonaws.com_remote,latency#lambda_step_readDDB,latency#PGSQL Query_remote,latency#payforadoption_AWS::ECS::Container,latency#SSM_AWS::SSM,latency#AWS::StepFunctions::StateMachine,latency#Evidently_AWS::Evidently,latency#PetSearch_client,latency#AWSSimpleSystemsManagement_AWS::AWSSimpleSystemsManagement,latency#servi-lista.us-west-2.elb.amazonaws.com_remote,availability#SimpleSystemsManagement_AWS::SimpleSystemsManagement,availability#petlistadoptions_AWS::ECS::Fargate,availability#lambda_step_priceLessThan55,availability#petlistadoptions_client,availability#lambda_step_priceLessThan55_AWS::Lambda,availability#Servi-searc.us-west-2.elb.amazonaws.com_remote,availability#lambda_step_priceLessThan55_AWS::Lambda::Function,availability#PetSite,availability#https://sqs.us-west-2.amazonaws.com/Services-sqspetadoption_AWS::SQS::Queue,availability#PetSearch_AWS::ECS::Fargate,availability#SimpleNotificationService_AWS::SimpleNotificationService,availability#DynamoDB_AWS::DynamoDB,availability#amazon.com_remote,availability#adoptions@services-database.us-west-2.rds.amazonaws.com_Database::SQL,availability#lambdastatusupdater_AWS::Lambda,availability#petInfo_AWS::DynamoDB::Table,availability#servi-searc.us-west-2.elb.amazonaws.com_remote,availability#www.amazon.com_remote,availability#lambdastatusupdater_AWS::Lambda::Function,availability#lambda_step_priceGreaterThan55_AWS::Lambda::Function,availability#lambda_step_readDDB_AWS::Lambda::Function,availability#lambda_step_readDDB_AWS::Lambda,availability#PetAdoptionStatusUpdater/prod_AWS::ApiGateway::Stage,availability#lambda_step_priceGreaterThan55_AWS::Lambda,availability#servi-petsi.us-west-2.elb.amazonaws.com_remote,availability#lambda_step_readDDB,availability#PGSQL Query_remote,availability#payforadoption_AWS::ECS::Container,availability#SSM_AWS::SSM,availability#AWS::StepFunctions::StateMachine,availability#Evidently_AWS::Evidently,availability#PetSearch_client,availability#AWSSimpleSystemsManagement_AWS::AWSSimpleSystemsManagement,availability#servi-lista.us-west-2.elb.amazonaws.com_remote,traffic,issue
0.0163279782705504,0.0251392126052254,2.3327431633333333,4.453659057617188e-05,2.44666679,0.009132112775,2.448979533333333,0.0936207616201111,0.0090917298117127,0.0075268159435681,0.0215880033762765,0.1360331943785714,0.0672541374746808,0.0037420116248208,0.0500638256599999,0.0129168612968991,0.0122865890598965,0.1236849312796808,0.0763439751552127,3.01456014,0.4526579379714285,0.4488571711285714,0.0603616947730851,3.60399993,0.01213312149,0.3397691249285714,0.0186924071975531,0.19682545154,0.2011439459399999,3.4322857144142853,0.2408410707666666,0.002804698943038,0.0247946891152173,0.0424001923266666,100.0,100.0,100.0,100.0,100.0,100.0,100.0,100.0,100.0,100.0,100.0,100.0,100.0,100.0,100.0,100.0,100.0,100.0,100.0,0.0,100.0,100.0,100.0,0.0,0.0,100.0,100.0,100.0,100.0,57.142857142857146,100.0,100.0,100.0,100.0,low_traffic,0
0.0169745786396982,0.0242649984662574,1.3850580021666667,4.4864416122436526e-05,2.169250008225,0.005974292754,2.037210161325,0.0903627086993654,0.0110103021727722,0.0066317937516106,0.0199581018714851,0.064793695098,0.0621612449566336,0.0036685060941631,0.0486732733029703,0.0155293259534028,0.0112184683456,0.1113412450688118,0.0724440966375247,3.0088664633333333,0.3862945166090909,0.3790000784909091,0.0588811789315841,3.56566675,0.01164197921,0.2857581051454546,0.0177734818748514,0.1799082970463964,0.211017847020909,2.494454511154545,0.3550580342333334,0.0027609777439721,0.0229258493066666,0.0386100133216666,100.0,100.0,100.0,100.0,75.0,100.0,75.0,99.80276134122288,100.0,100.0,100.0,100.0,100.0,100.0,100.0,100.0,100.0,100.0,100.0,0.0,100.0,100.0,100.0,0.0,0.0,100.0,100.0,100.0,100.0,63.63636363636363,100.0,100.0,100.0,100.0,low_traffic,0
0.0161671005680094,0.0221767727977068,1.0463558820333334,4.876852035522461e-05,1.1956666304,0.0097363928081304,1.201801932566667,0.0870362716668768,0.0075349085909908,0.0059417500718875,0.0156045116320163,0.1078100999,0.0660101682495744,0.0037733387584552,0.0607766039715957,0.0136467700104294,0.0150388191452586,0.1114563510539361,0.0897694445515957,3.01265239,0.451740543,0.447666645,0.0711914833421276,3.56399989,0.0204406579299999,0.3332592248333333,0.0173680021360638,0.1860551306393269,0.2209708690066667,2.013833399616667,0.2801084518,0.0031272361147055,0.0227423429453333,0.0411660250452941,100.0,100.0,100.0,100.0,100.0,100.0,100.0,100.0,100.0,100.0,100.0,100.0,100.0,100.0,100.0,100.0,100.0,100.0,100.0,0.0,100.0,100.0,100.0,0.0,0.0,100.0,100.0,100.0,100.0,83.33333333333333,100.0,100.0,100.0,100.0,low_traffic,0
0.0156044440353846,0.0223182331399653,1.90251398,4.469476095060023e-05,3.92474999625,0.0153418214642631,2.827194718571429,0.0909451449070313,0.0095046805382941,0.005722580905471,0.0180300824738235,0.0964854756858333,0.0644554039887254,0.0040254710418239,0.0526666664508823,0.0150189841309336,0.012425382083851,0.1242379090013725,0.0766077438836274,3.01363261,0.3602845469583333,0.3519999582999999,0.0631764823211764,3.5816667,0.013244032855,0.2499498327074999,0.0171409845306862,0.1942267907121428,0.1454669832883333,3.731250003275,0.3104091881999999,0.0032612155457679,0.0215627605227272,0.0399234890883333,100.0,100.0,100.0,100.0,25.0,100.0,28.57142857142857,100.0,100.0,100.0,100.0,100.0,100.0,100.0,100.0,100.0,100.0,100.0,100.0,0.0,100.0,100.0,100.0,0.0,0.0,100.0,100.0,100.0,100.0,33.33333333333333,100.0,100.0,100.0,100.0,low_traffic,0
0.0159671650238288,0.0244900426410295,0.2608616352,4.6759843826293945e-05,3.603666693333333,0.0108429017576065,3.021519256666666,0.0975561567725544,0.007412753998125,0.0062931066168902,0.0195477058444791,0.0732682347183333,0.0648418068789583,0.0043773651116714,0.0462708522814583,0.0111377790480915,0.0129596974134464,0.1558659324661458,0.0629323596677083,3.0161972,0.37803626055,0.3795833388416667,0.0571041653472916,3.5694999625,0.0126119454633333,0.2852117021416666,0.0183912565267708,0.2226821633640566,0.2084776162724999,2.81924996535,0.06625008583,0.0025239753713619,0.0264646530065714,0.04511164796,100.0,100.0,100.0,100.0,0.0,100.0,0.0,100.0,100.0,100.0,100.0,100.0,100.0,98.57142857142856,100.0,100.0,100.0,100.0,100.0,0.0,100.0,100.0,100.0,0.0,0.0,100.0,100.0,100.0,100.0,41.66666666666666,100.0,100.0,100.0,100.0,low_traffic,0
0.0168759660251363,0.0224548367859578,2.36770296,5.109906196594238e-05,4.220333253333333,0.0129916416936842,2.8381480300000006,0.0946093291567846,0.0079454773340631,0.0061142429471462,0.0195055961557894,0.0928623676228571,0.063083513150421,0.0045600202340074,0.0449894829730526,0.0139332676367808,0.0167345437702916,0.137650477220421,0.0592904910370833,3.0207155925,0.3431194424,0.4405715124571428,0.0559157722797894,3.5587499675000003,0.01592087745,0.2835406575428571,0.0175351301783333,0.2050547667500952,0.1865784781014285,4.0746250108375,0.264059782,0.0048310804356829,0.022440767285,0.0403631704785185,100.0,100.0,100.0,100.0,33.33333333333333,100.0,33.33333333333333,99.58592132505176,100.0,100.0,100.0,100.0,100.0,100.0,100.0,100.0,100.0,100.0,100.0,0.0,100.0,100.0,100.0,0.0,0.0,100.0,100.0,100.0,100.0,25.0,100.0,100.0,100.0,100.0,low_traffic,0
0.0166666418060902,0.0268265096539748,0.2608616352,5.2416324615478514e-05,4.344714284285714,0.0094814896525833,3.0045682533333333,0.1002202551481557,0.0178782501423218,0.0093357300736585,0.0190278990473563,0.066992902752,0.0631823887278125,0.0036481759122205,0.0531770810383333,0.0142048990952915,0.0260856789542253,0.1387820318049999,0.0783699099421649,3.01513367625,0.3443374156466666,0.3434666792,0.0636145820107291,3.5872499600000003,0.0170972347175,0.2508921304866666,0.0178950230239583,0.2063422967389622,0.1821532884953333,4.240933350853334,0.06625008583,0.0093554685675368,0.0204794504187755,0.0436847540988888,100.0,100.0,100.0,100.0,0.0,100.0,0.0,97.3360655737705,100.0,97.125,100.0,100.0,100.0,100.0,100.0,100.0,94.3661971830986,100.0,100.0,0.0,100.0,100.0,100.0,0.0,0.0,100.0,100.0,100.0,100.0,6.666666666666671,100.0,94.33962264150944,100.0,100.0,low_traffic,0
0.0155997231909302,0.0219459180445973,1.7602148975400005,4.329681396484375e-05,3.681777818011112,0.0101638436307142,2.47799008505,0.0945512815684185,0.0075349085909908,0.0064708635879394,0.0156045116320163,0.0783140999878571,0.0687178931264893,0.003917859560791,0.0424467933874468,0.0135690993183218,0.0167981807967692,0.1514432582028723,0.0614674116645744,3.004222768,0.7010864858000001,0.71220000484,0.0530425563718085,4.784285665714286,0.01600694656,0.33668782015,0.0166869389338947,0.2230876477411538,0.2395005730692857,4.636214268571429,0.2654883861,0.0036842203130473,0.0247916459985,0.0388797857771794,100.0,100.0,100.0,100.0,44.44444444444444,100.0,50.0,100.0,100.0,100.0,100.0,100.0,100.0,100.0,100.0,100.0,100.0,100.0,100.0,0.0,92.85714285714286,93.33333333333331,100.0,0.0,0.0,100.0,100.0,100.0,100.0,28.57142857142857,100.0,100.0,100.0,100.0,low_traffic,0
0.0198187574635265,0.0212255599773308,1.7383914960428573,4.492998123168945e-05,1.841428582585714,0.0080309356947142,1.8538008371714283,0.101454253910334,0.0075349085909908,0.0063678577471854,0.0156045116320163,0.0939290722108333,0.0640201850487096,0.0041032769619323,0.0468817192952688,0.0124712046126785,0.0176812701726222,0.163928301057957,0.0635367234436559,3.00435733,0.592798133175,0.8306667206,0.0579247346392473,3.5150001,0.02330303192,0.420784830725,0.0168749978425806,0.2298946796569902,0.3126245137325,2.558000004883334,0.2403026648428571,0.004017515181703,0.0223289728121428,0.0410400503494736,100.0,100.0,100.0,100.0,100.0,100.0,100.0,100.0,100.0,100.0,100.0,100.0,100.0,100.0,100.0,100.0,100.0,100.0,100.0,0.0,91.66666666666669,91.66666666666669,100.0,0.0,0.0,100.0,100.0,100.0,100.0,83.33333333333333,100.0,100.0,100.0,100.0,low_traffic,0
0.0164256746087272,0.0216415087346042,1.3175362313,4.5698881149292e-05,1.955749985125,0.0085819256605128,1.8255196174,0.0905276401046584,0.0105378552470631,0.0062796344575496,0.0196817272545263,0.0635004895021428,0.0678474225386315,0.0039612964342444,0.0566105265236842,0.0162423836293265,0.0122522115678928,0.1063305528326315,0.0808987441682105,3.022733366666667,0.3253227642071429,0.3184999908142857,0.0670631383468421,3.5820000133333334,0.0124090512533333,0.2266488585657143,0.0172148528806315,0.182818539899238,0.1584895338071428,2.584071375828572,0.2478260198833333,0.0026167126792157,0.02169249653375,0.0361109452320512,100.0,100.0,100.0,100.0,75.0,100.0,75.0,100.0,100.0,100.0,100.0,100.0,100.0,100.0,100.0,100.0,100.0,100.0,100.0,0.0,100.0,100.0,100.0,0.0,0.0,100.0,100.0,100.0,100.0,64.28571428571428,100.0,100.0,100.0,100.0,low_traffic,0
0.0156861218501913,0.0209207872816102,1.04017877235,4.785656929016113e-05,2.3926666551,0.0069331169112999,2.223209059733333,0.093069014790744,0.05164945125,0.0058293218885295,0.031036019325,0.095345735545,0.0647546804391304,0.0038391207197878,0.0400108643154347,0.0103284578820474,0.0129616345645,0.1586431705032608,0.0584682684598901,3.005744213333333,0.3700274626,0.361000001375,0.0505978283620652,3.564666743333333,0.0156610012,0.2595458328125,0.0173297410277659,0.223460141312549,0.155174404345,2.721999985766667,0.3888995647,0.0052103853213137,0.0223318229987878,0.0371230939975,100.0,100.0,100.0,100.0,66.66666666666666,100.0,66.66666666666666,98.32985386221294,100.0,100.0,100.0,100.0,100.0,100.0,100.0,100.0,100.0,100.0,100.0,0.0,100.0,100.0,100.0,0.0,0.0,100.0,100.0,100.0,100.0,55.55555555555556,100.0,100.0,100.0,100.0,low_traffic,0
0.0181810613955555,0.0223938110140424,2.418748516,4.6879053115844727e-05,3.133833323333333,0.0109608241476285,2.60964707,0.094986677649852,0.0075349085909908,0.0060998669735899,0.0156045116320163,0.0749430235629411,0.0614500481508602,0.0041383746863909,0.0437526933546236,0.0116088416694582,0.0146384884887708,0.1331839996988172,0.0644527609539784,3.0127104285714283,0.3160688315705882,0.3122941044823529,0.0546021461407526,4.11337496375,0.01230311393,0.2223213560052941,0.0188140894732258,0.2006217784913592,0.1437153395188235,3.401647073270588,0.28017559046,0.0061140012733219,0.0242523193339999,0.0419291451869767,100.0,100.0,100.0,100.0,83.33333333333333,100.0,83.33333333333333,100.0,100.0,100.0,100.0,100.0,100.0,100.0,100.0,100.0,100.0,100.0,100.0,0.0,100.0,100.0,100.0,0.0,0.0,100.0,100.0,100.0,100.0,52.94117647058823,100.0,100.0,100.0,100.0,low_traffic,0
0.017340600219417,0.0221478351618482,1.3342205262000002,4.565119743347168e-05,1.45750009955,0.0087685077717021,1.47094988325,0.0928410641719775,0.0088425154476145,0.0058096667556416,0.0204291517491666,0.1310988266983333,0.0643022159635416,0.00401960900275,0.0488541622882291,0.0135734870534212,0.0150296437087368,0.1365050797373958,0.0767524068420833,3.0087861166666663,0.4543215830666667,0.4478332996,0.059281244863125,3.55899995,0.01246452331,0.3479699293333333,0.0180598716306122,0.206754298391619,0.2122226952966666,3.10266669205,0.2821502685,0.0046580663083091,0.0231448888755,0.0422427861543478,100.0,100.0,100.0,100.0,100.0,100.0,100.0,100.0,100.0,100.0,100.0,100.0,100.0,100.0,100.0,100.0,100.0,100.0,100.0,0.0,100.0,100.0,100.0,0.0,0.0,100.0,100.0,100.0,100.0,50.0,100.0,100.0,100.0,100.0,low_traffic,0
0.0159759885699074,0.0235419327110091,1.99456685,4.578828811645508e-05,4.379199985,0.0100939598945,2.8345592875,0.0960323214256612,0.0095461953056344,0.0065643709047662,0.0208932071562365,0.0696068320905714,0.0666279228686021,0.0038590951066766,0.0457311830145161,0.0130370896422315,0.0301032700867833,0.1358504935925806,0.0617789452949462,3.02031898,0.3452983242571429,0.3397142886642857,0.0564300988216129,3.553999895,0.01350212097,0.2476611307357143,0.0174092708058064,0.2066331025082524,0.1730840887028571,3.4377142670357146,0.30244290825,0.0026271159819658,0.0214726470723809,0.0461557019799999,100.0,100.0,100.0,100.0,30.0,100.0,37.5,99.36974789915966,100.0,100.0,100.0,100.0,100.0,100.0,100.0,100.0,100.0,100.0,100.0,0.0,100.0,100.0,100.0,0.0,0.0,100.0,100.0,100.0,100.0,50.0,100.0,100.0,100.0,100.0,low_traffic,0
0.0171932124601435,0.0210240374878556,0.2608616352,4.70280647277832e-05,3.563999883333333,0.0095461628630545,3.00767421,0.0851739995401954,0.0136276375146363,0.0058955144364526,0.0182709260381818,0.0861686547446666,0.0640540926236956,0.0037749662537651,0.0422499957234782,0.0145082426231506,0.0147426036649615,0.1052549403379347,0.06213573009,3.005273695,0.5197366394999999,0.5154666737266667,0.0534239074332608,3.54016665,0.0157127380325,0.3352455774066667,0.0168923009948913,0.1766456832661764,0.2402578192746666,2.983933380886667,0.06625008583,0.0023482967817964,0.02439870684875,0.0395894759359459,100.0,100.0,100.0,100.0,0.0,100.0,0.0,99.36974789915966,100.0,100.0,100.0,100.0,100.0,100.0,100.0,100.0,100.0,100.0,100.0,0.0,100.0,100.0,100.0,0.0,0.0,100.0,100.0,100.0,100.0,40.0,100.0,100.0,100.0,100.0,low_traffic,0
0.017414096356028,0.021551596487665,1.2981271721,4.870891571044922e-05,1.453249929275,0.0092908577478181,1.462645708025,0.0951087143316581,0.0087130173382173,0.0061034214693621,0.020045140510326,0.0963101982962499,0.0627196793885869,0.0037347854984545,0.0409347933193478,0.0127736310572434,0.013198985425377,0.1485078593602173,0.0582500151901086,3.0065209825,0.3992526795666666,0.3878749906375,0.0512826313079347,3.55520005,0.013362741468,0.28209185595,0.0179566414086021,0.2121786229342157,0.1817123293612499,3.025777785488889,0.2322428225999999,0.0054216384879581,0.0226440620356,0.0395082064989285,100.0,100.0,100.0,100.0,100.0,100.0,100.0,99.57894736842104,100.0,100.0,100.0,100.0,100.0,100.0,100.0,100.0,100.0,100.0,100.0,0.0,100.0,100.0,100.0,0.0,0.0,100.0,100.0,100.0,100.0,55.55555555555556,100.0,100.0,100.0,100.0,low_traffic,0
0.015693661108125,0.023529469963651,0.2608616352,4.616761818910256e-05,3.5837500650000003,0.0092537999085833,3.00861078,0.0919301786234092,0.0075349085909908,0.0076801313189698,0.0156045116320163,0.094926977151,0.0628943135549462,0.0035344873149398,0.0447096798946236,0.0156741452662972,0.0122063606945625,0.1358083421845161,0.0648513147796774,3.010989376,0.39967005249,0.39930005069,0.0563655848064516,3.559799952,0.01398694515,0.28578715319,0.0174891871746236,0.2022603552693204,0.185246491399,4.010500045350001,0.06625008583,0.0030916357028469,0.0234059582261971,0.0455790007511111,100.0,100.0,100.0,100.0,0.0,100.0,0.0,100.0,100.0,100.0,100.0,100.0,100.0,100.0,100.0,100.0,100.0,100.0,100.0,0.0,100.0,100.0,100.0,0.0,0.0,100.0,100.0,100.0,100.0,10.0,100.0,100.0,100.0,100.0,low_traffic,0
0.0158349877066513,0.0224819867012177,2.32402467,4.649162292480469e-05,2.39199995,0.0086209774009142,2.40426731,0.099237933748679,0.0079348061935744,0.0061268217303755,0.022364963870851,0.0608918666792727,0.0647133005334042,0.0040209631414104,0.0692553214711702,0.0137439522010697,0.0139525003803661,0.1548118667094681,0.0944388514168421,3.0061238785714286,0.3379922905999999,0.3314545804272727,0.080127655123617,3.5604285814285714,0.01196789741,0.2406711577818181,0.0171923587678125,0.2308521154925961,0.1752455450927272,2.9871666995750004,0.2977070808,0.0043162250509314,0.0244911093426315,0.0415512537274358,100.0,100.0,100.0,100.0,100.0,100.0,100.0,99.58246346555325,100.0,100.0,100.0,100.0,100.0,100.0,100.0,100.0,100.0,100.0,100.0,0.0,100.0,100.0,100.0,0.0,0.0,100.0,100.0,100.0,100.0,41.66666666666666,100.0,100.0,100.0,100.0,low_traffic,0
0.0172268704094907,0.0237556643308438,2.41394486,4.563927650451661e-05,2.5175999579999995,0.0096324752298235,2.526709458,0.0970412849251229,0.0075349085909908,0.0064238827565567,0.0156045116320163,0.0603156770940714,0.0684781049584375,0.0047226670901617,0.0544791718220833,0.0160897978548583,0.0127131587137704,0.1500238179797917,0.0730664580914583,3.0043405825,0.31344330305,0.3104285512142857,0.0648854225784375,4.345000025999999,0.0189606348633333,0.2193444796485714,0.0174252813018749,0.2226996421427358,0.142332587895,2.712499990814286,0.22788376804,0.0026269753765706,0.021374994512,0.0445042269505714,100.0,100.0,100.0,100.0,100.0,100.0,100.0,100.0,100.0,100.0,100.0,100.0,100.0,100.0,100.0,100.0,100.0,100.0,100.0,0.0,100.0,100.0,100.0,0.0,0.0,100.0,100.0,100.0,100.0,71.42857142857143,100.0,100.0,100.0,100.0,low_traffic,0
0.0168882597541363,0.0225254765226491,0.2608616352,5.362033843994141e-05,3.57200002,0.0140644224031263,3.00642824,0.0960765197721541,0.0087629167644947,0.0066039650629835,0.0199344936126315,0.1234587828033333,0.0639664925935789,0.0039546030534222,0.0518420922052631,0.0161360045039342,0.018166881796675,0.155373179238421,0.0732630026868421,3.0020442,0.426054875,0.4320000012333334,0.062157891916,5.87099981,0.01276397705,0.3134602704999999,0.0181310779128421,0.2217655022586667,0.18829568225,3.9300000651,0.06625008583,0.0028231239307813,0.0245028483194736,0.0379332680402631,100.0,100.0,100.0,100.0,0.0,100.0,0.0,100.0,100.0,100.0,100.0,100.0,100.0,100.0,100.0,100.0,100.0,100.0,100.0,0.0,100.0,100.0,100.0,0.0,0.0,100.0,100.0,100.0,100.0,33.33333333333333,100.0,100.0,100.0,100.0,low_traffic,0
0.0167391453281651,0.0240448215064592,1.21720175418,5.505681037902832e-05,3.22409996529,0.0107784849205454,2.346526804488889,0.0961219114515786,0.0079571211580531,0.0070452228054273,0.0199346567674468,0.0758080959266666,0.064477195122234,0.004211557444485,0.0695531824710638,0.0190310570325917,0.0164257200714999,0.132677669190851,0.0929391409320212,3.018158785,0.34715873394,0.3421333630333333,0.0796808536909574,3.582500095,0.01723289489,0.2578374226466666,0.0179195378646808,0.2087929683979807,0.1763380050273333,2.92846666776,0.28411326404,0.0026821279514109,0.0241312980615254,0.050974466174074,100.0,100.0,100.0,100.0,40.0,100.0,44.44444444444444,100.0,100.0,100.0,100.0,100.0,100.0,100.0,100.0,100.0,100.0,100.0,100.0,0.0,100.0,100.0,100.0,0.0,0.0,100.0,100.0,100.0,100.0,53.333333333333336,100.0,100.0,100.0,100.0,low_traffic,0
0.0165922719704205,0.0214755209977269,2.88886284,4.685521125793457e-05,3.55200004,0.01670687198,3.00184178,0.0950875895748042,0.008005632005163,0.0060496695338381,0.0200484472724999,0.0952669381933333,0.0665894979905434,0.0036069172794621,0.0464891350711956,0.0122902985649013,0.0205408583596373,0.1363426135608695,0.0643604553184782,3.00807386,0.4515411455833333,0.4461666742666667,0.0567934642581521,3.562250075,0.01315391063,0.3296842177166667,0.0173018471009782,0.204622471969902,0.2235402265933333,3.797666703,0.544798851,0.0028296709052453,0.022436416147,0.0413574536593333,100.0,100.0,100.0,100.0,0.0,100.0,0.0,100.0,100.0,100.0,100.0,100.0,100.0,100.0,100.0,100.0,100.0,100.0,100.0,0.0,100.0,100.0,100.0,0.0,0.0,100.0,100.0,100.0,100.0,16.66666666666667,100.0,100.0,100.0,100.0,low_traffic,0
0.0164394591500892,0.0229359108131148,1.5146703686333334,4.5180320739746094e-05,2.572499988116667,0.01869451999575,2.3214634863,0.1092185890563967,0.0091469681123711,0.0060464654218257,0.0188549253088659,0.1067245517357142,0.0650375675772165,0.0038257376115839,0.0689484728873195,0.0156273121615381,0.0145389719978026,0.2026899720802061,0.0963778937829896,3.018946563333333,0.8852957549466667,0.9633333041666668,0.0796185399957732,3.560857121428571,0.01113080978,0.4645304502428571,0.0173401070583505,0.2786388861739252,0.3387043129692857,3.58312500548125,0.3567533492666667,0.0050358538520315,0.0234609246229166,0.0425457220748717,100.0,100.0,100.0,100.0,66.66666666666666,100.0,60.0,100.0,100.0,100.0,100.0,100.0,100.0,100.0,100.0,100.0,100.0,100.0,100.0,0.0,86.66666666666667,86.66666666666667,100.0,0.0,0.0,100.0,100.0,100.0,100.0,37.5,100.0,100.0,100.0,100.0,low_traffic,0
0.0150350388451415,0.0223972993075172,1.9595130051,4.993677139282226e-05,2.0637500246,0.0082858999558645,2.077549276525,0.0952844293141742,0.0075349085909908,0.0060468507653185,0.0156045116320163,0.078375577915,0.064144182194,0.0038479981593851,0.0455368468555789,0.012036881849172,0.0124520357081739,0.1593228364856841,0.0674553627535106,3.004602348333333,0.3860925435583333,0.3921666740833333,0.0569157801072631,3.570666745,0.01851201057,0.29250768815,0.0178107987017021,0.2253699234151429,0.2060082753141666,3.470545416481818,0.2493807673249999,0.0060969380760786,0.0251595865568181,0.0436821712336111,100.0,100.0,100.0,100.0,100.0,100.0,100.0,100.0,100.0,100.0,100.0,100.0,100.0,100.0,100.0,100.0,100.0,100.0,100.0,0.0,100.0,100.0,100.0,0.0,0.0,100.0,100.0,100.0,100.0,45.45454545454545,100.0,100.0,100.0,100.0,low_traffic,0
0.0194794777238288,0.0225938418303411,1.9590024322,5.139708518981933e-05,2.208250040725,0.0089650574827058,2.072905060875,0.0969683602760824,0.0095942243920833,0.0058413026914317,0.0196013574757291,0.092948389043,0.066209785630625,0.004117080393375,0.0388958404393749,0.011435000900322,0.0169196162391971,0.1315055240891666,0.0545797968829166,3.00282394,0.38329026694,0.3775000094799999,0.0498541618330208,3.5775001,0.01270508766,0.28203363414,0.0190519392441666,0.2033970625475471,0.184306693048,2.32839998913,0.2357593178499999,0.0044088935841873,0.0221959627553846,0.0423025503329268,100.0,100.0,100.0,100.0,75.0,100.0,75.0,100.0,100.0,100.0,100.0,100.0,100.0,100.0,100.0,100.0,100.0,100.0,100.0,0.0,100.0,100.0,100.0,0.0,0.0,100.0,100.0,100.0,100.0,70.0,100.0,100.0,100.0,100.0,low_traffic,0
0.0193195642386511,0.0229739520830421,2.32674479,4.598571033012576e-05,2.44099998,0.008573400973275,2.43380951,0.0949385725575693,0.0075349085909908,0.0067782216588309,0.0156045116320163,0.08969858287125,0.0681948809164948,0.003700077098051,0.0435979439971134,0.0118762302930543,0.0107498808574878,0.1351580177038144,0.0595518706910309,3.005101676666667,0.430829912375,0.424999982075,0.0541958784223711,3.5946665566666667,0.01508593559,0.321101158825,0.018590993483402,0.2050753575209346,0.2275186180774999,2.4140000306125,0.2236733436,0.0027168347276512,0.0245322402569387,0.0409661601529411,100.0,100.0,100.0,100.0,100.0,100.0,100.0,100.0,100.0,100.0,100.0,100.0,100.0,100.0,100.0,100.0,100.0,100.0,100.0,0.0,100.0,100.0,100.0,0.0,0.0,100.0,100.0,100.0,100.0,62.5,100.0,100.0,100.0,100.0,low_traffic,0
0.0162943958595939,0.0192525705919194,1.1631167324333334,4.503130912780762e-05,1.6884285691714287,0.00619425376125,1.618956665242857,0.096512104992621,0.0075349085909908,0.0058414625525302,0.0156045116320163,0.07064630984465,0.0667418172908046,0.0036835388867716,0.0470000108005747,0.0124644599934972,0.0168575412663194,0.1615548626106896,0.0696321492811494,3.0105716877777784,0.316351044125,0.311949956365,0.0573678071382758,3.801555602222222,0.0136389732299999,0.22155324215,0.0173947728867816,0.2285575841402061,0.1453196167695,2.9627000055500003,0.2533393303,0.0083161687837276,0.022862184045,0.0367590699828571,100.0,100.0,100.0,100.0,85.71428571428571,100.0,85.71428571428571,99.77924944812362,100.0,100.0,100.0,100.0,100.0,100.0,100.0,100.0,100.0,100.0,100.0,0.0,100.0,100.0,100.0,0.0,0.0,100.0,100.0,100.0,100.0,50.0,100.0,100.0,100.0,100.0,low_traffic,0
0.0192219626629411,0.0238150968286201,1.33489871015,4.587173461914063e-05,2.503249940625,0.01014945029988,2.229908226425,0.1067983166024444,0.0082327332976091,0.00709469778515,0.021466655287931,0.070710515971,0.0668674501797701,0.0041773300465118,0.0437471071803448,0.0123689832230869,0.0122077270401836,0.1707316348906896,0.062590393513908,3.012617345,0.35025231835,0.34739997382,0.0542183908806896,3.55299997,0.016549468035,0.2469420194099999,0.0189060945575862,0.2363090907738144,0.164746522865,2.44300005207,0.24760818475,0.0027224016180406,0.0418772147180769,0.04291048645325,100.0,100.0,100.0,100.0,50.0,100.0,50.0,100.0,100.0,100.0,100.0,100.0,100.0,100.0,100.0,100.0,100.0,100.0,100.0,0.0,100.0,100.0,100.0,0.0,0.0,100.0,100.0,100.0,100.0,60.0,100.0,100.0,100.0,100.0,low_traffic,0
0.0165684200431904,0.021410876050841,2.06630444,4.594326019287109e-05,2.9863332833333334,0.0086416105420416,2.812269366666667,0.0944378629824608,0.0083517445443444,0.006444386714859,0.0201520522396666,0.0869982609276923,0.0645306852017777,0.0039573559386769,0.0511444356617777,0.0120010840135082,0.0118238449065333,0.1431982569943333,0.0743251501730769,3.013500304,0.3385133559307692,0.3330000179923076,0.061622222254,3.564666623333333,0.011257052415,0.2369675819076923,0.0176833099742222,0.2120550440495,0.1463423141792307,3.0313076944538464,0.34906792635,0.004686612348795,0.0234617690177083,0.0362839763175675,100.0,100.0,100.0,100.0,66.66666666666666,100.0,66.66666666666666,100.0,100.0,100.0,100.0,100.0,100.0,100.0,100.0,100.0,100.0,100.0,100.0,0.0,100.0,100.0,100.0,0.0,0.0,100.0,100.0,100.0,100.0,46.15384615384615,100.0,100.0,100.0,100.0,low_traffic,0
0.0155181029417488,0.0241487826571954,2.31246757,5.682706832885742e-05,4.18783334,0.0085621873505277,2.9037644800000004,0.0878239390714457,0.0075349085909908,0.0063635967968085,0.0156045116320163,0.0697572231219166,0.0676043343461,0.0038764170232357,0.0417500138213,0.0125199845445105,0.010577205685629,0.1155697726972,0.0590145921618,3.004053968,0.347968061725,0.3433333634916666,0.051699986451,4.97049991,0.0150999228133333,0.2369539141166666,0.0178307199438,0.1899605728932727,0.15698144829,3.8439166308416666,0.2289535999,0.0025777640154864,0.0229700855513043,0.0439930061454166,100.0,100.0,100.0,100.0,16.66666666666667,100.0,20.0,99.6039603960396,100.0,100.0,100.0,100.0,100.0,100.0,100.0,100.0,100.0,100.0,100.0,0.0,100.0,100.0,100.0,0.0,0.0,100.0,100.0,100.0,100.0,33.33333333333333,100.0,100.0,100.0,100.0,low_traffic,0
0.015432944743408,0.022950219766059,0.2608616352,4.32729721069336e-05,4.665600008,0.0076442346324024,3.0047625,0.0964222330324094,0.0075349085909908,0.0066657624390796,0.0156045116320163,0.0905035336699999,0.0647328796819802,0.0043155504449148,0.0575940538054455,0.0159983583316742,0.0173921836012736,0.1560606720062376,0.0861189483233465,3.005642051666667,0.33824432686,0.3357333182733333,0.0679505036434653,3.9758332516666655,0.011257052415,0.2475660800533333,0.0164838144049504,0.2256424061441441,0.1550131002793333,3.8442666647,0.06625008583,0.0027726173389116,0.0219767188988,0.0434490281135135,100.0,100.0,100.0,100.0,0.0,100.0,0.0,99.60552268244577,100.0,100.0,100.0,100.0,100.0,100.0,100.0,100.0,100.0,100.0,100.0,0.0,100.0,100.0,100.0,0.0,0.0,100.0,100.0,100.0,100.0,26.66666666666667,100.0,100.0,100.0,100.0,low_traffic,0
0.0209795648164574,0.0229098621500534,1.6251172203666666,4.4065713882446286e-05,1.921250041175,0.0082252621645104,1.7735725212333335,0.1017128226445729,0.0095023810846979,0.0059541600250453,0.0213158925329166,0.0856418609555555,0.0655384932836458,0.0037656777038676,0.065833347528125,0.0139372875793017,0.011228507876,0.1286038259455208,0.0925121679744791,3.0040797366666663,0.3780801825444444,0.3749999999555555,0.076291653005625,4.25533334,0.011564970015,0.2628950807333333,0.0180295631242708,0.2064058600364151,0.17149639125,2.705999935781818,0.2217635313,0.0024795922355739,0.0260840433566666,0.0433417072922222,100.0,100.0,100.0,100.0,100.0,100.0,100.0,100.0,100.0,100.0,100.0,100.0,100.0,100.0,100.0,100.0,100.0,100.0,100.0,0.0,100.0,100.0,100.0,0.0,0.0,100.0,100.0,100.0,100.0,72.72727272727272,100.0,100.0,100.0,100.0,low_traffic,0
0.0206367294494063,0.0212141571154713,0.2608616352,4.447698593139649e-05,2.44099998,0.0088877636793103,0.4397904872,0.0984465494472666,0.0083687531309052,0.0064594317456887,0.0210046040330526,0.0921550393037499,0.0647317233732631,0.0040149529767851,0.041389467836421,0.0133533976380168,0.015280988477365,0.1454760224754736,0.0635083581869072,3.0093142325,0.4792455831833333,0.3886250555,0.0522736724978947,3.559599968,0.011377652484,0.278620332425,0.016796950366344,0.2126390524913333,0.18138119574,3.181333338916667,0.06625008583,0.0037846614909532,0.021595184995625,0.0406329735415217,100.0,100.0,100.0,100.0,100.0,100.0,100.0,100.0,100.0,100.0,100.0,100.0,100.0,100.0,100.0,100.0,100.0,100.0,100.0,0.0,100.0,100.0,100.0,0.0,0.0,100.0,100.0,100.0,100.0,33.33333333333333,100.0,100.0,100.0,100.0,low_traffic,0
0.0168798471717543,0.0233739966078416,1.61309671,4.448294639587402e-05,4.876250022500001,0.0101950224457578,3.006285263333333,0.0989962300279557,0.0092781360687979,0.0067580395167303,0.019557890260202,0.0841179529773333,0.0662821109719191,0.0041585054321726,0.0495757502633333,0.0141731834927519,0.0153893985208552,0.1558920445721212,0.0676381397134,3.011744295,0.3171981016266667,0.31193334256,0.0599899075137373,4.167749905,0.01127505302,0.2217043717326666,0.0170795050497979,0.2253658398433027,0.129457298888,3.206437509775,0.3190815448,0.0027555640854714,0.0216078978962962,0.0410365073526087,100.0,100.0,100.0,100.0,0.0,100.0,0.0,100.0,100.0,100.0,100.0,100.0,100.0,100.0,100.0,100.0,100.0,100.0,100.0,0.0,100.0,100.0,100.0,0.0,0.0,100.0,100.0,100.0,100.0,37.5,100.0,100.0,100.0,100.0,low_traffic,0
0.0147519530438738,0.0246281764052994,2.84639573,4.492402076721192e-05,2.98699998,0.0098363819837763,2.99866557,0.0961870167878809,0.0091307957956354,0.0068897753940393,0.021476569270625,0.0704985141709999,0.06619179992875,0.00403287305475,0.0473958427640625,0.0149430618647628,0.0137034298508831,0.1522856552997916,0.0623827228858333,3.0037247266666665,0.40052981372,0.39140000338,0.0585520788944791,3.540000036666666,0.0150415897299999,0.2873722076,0.0181970844619791,0.2230597734069811,0.209384226749,2.07729997448,0.2415738105,0.0028297662725476,0.02349037356875,0.0393596367902564,100.0,100.0,100.0,100.0,100.0,100.0,100.0,100.0,100.0,100.0,100.0,100.0,100.0,100.0,100.0,100.0,100.0,100.0,100.0,0.0,100.0,100.0,100.0,0.0,0.0,100.0,100.0,100.0,100.0,70.0,100.0,100.0,100.0,100.0,low_traffic,0
0.0166850436782272,0.0217888072659756,1.2951453905,4.510879516601562e-05,1.478000162,0.00982527549325,1.48600029915,0.0922474008395654,0.0081884208462526,0.0060059540724488,0.0181089376111578,0.16242477295625,0.0664565989749473,0.0043744740655629,0.0498210555538947,0.015432226470135,0.012681699566129,0.1314922707946315,0.0774174213278947,3.00636982,1.3453222493625,2.8736000286500003,0.0607894947545263,3.57599997,0.01187682151,0.8748553384125,0.016310034296421,0.2017011005765714,0.6813725223175,3.23774999035,0.2431465387,0.0027587001133385,0.022943542551923,0.0365892395775757,100.0,100.0,100.0,100.0,100.0,100.0,100.0,100.0,100.0,100.0,100.0,100.0,100.0,100.0,100.0,100.0,100.0,100.0,100.0,0.0,62.5,50.0,100.0,0.0,0.0,100.0,100.0,100.0,100.0,50.0,100.0,100.0,100.0,100.0,low_traffic,0
0.0167700422184482,0.0229518754105607,1.87071930815,4.431528922839042e-05,1.997999903375,0.0081114857246296,2.002183849375,0.0974562327855976,0.008233854084693,0.0058366380075125,0.0177075437938613,0.1015395201053846,0.0661127732415841,0.004079133905617,0.0426138556756732,0.012119197066226,0.0146854983400694,0.1489512235452475,0.0583308946866336,3.006146185,0.3523551500307693,0.3569230849461539,0.0530593985311881,3.56349992,0.01347231864,0.2423704586846154,0.0191833784041584,0.2199515071663063,0.1348230655123077,1.8524614835153843,0.2805570363499999,0.0040667607222559,0.0221211476727272,0.0408303877838235,100.0,100.0,100.0,100.0,100.0,100.0,100.0,100.0,100.0,100.0,100.0,100.0,100.0,100.0,100.0,100.0,100.0,100.0,100.0,0.0,100.0,100.0,100.0,0.0,0.0,100.0,100.0,100.0,100.0,84.61538461538461,100.0,100.0,100.0,100.0,low_traffic,0
0.0169642450516071,0.0234232523114912,0.2608616352,4.439949989318848e-05,6.12999987,0.0097395851162602,3.00269031,0.0980691816955869,0.0094065690761237,0.0067229303260744,0.0196189265847422,0.1049244801083333,0.0662639902927835,0.0036837741400291,0.0532061906083505,0.0127533087111418,0.0144644997312,0.1400381854856701,0.0756203592928571,3.011305565,0.4203661282333333,0.4180000225166667,0.0647010409850515,3.57899987,0.01090407371,0.2967825332666666,0.0182560350435051,0.2089446860673831,0.1901024977049999,2.9990000301166666,0.06625008583,0.0055158505063117,0.0253293141640625,0.039380036289375,100.0,100.0,100.0,100.0,0.0,100.0,0.0,100.0,100.0,100.0,100.0,100.0,100.0,100.0,100.0,100.0,100.0,100.0,100.0,0.0,100.0,100.0,100.0,0.0,0.0,100.0,100.0,100.0,100.0,50.0,100.0,100.0,100.0,100.0,low_traffic,0
0.0164670488075217,0.0230175273725969,1.6764283129333333,4.631280899047852e-05,1.8056666820666667,0.0122444982844074,1.8163785894,0.0925904181137658,0.00871402501965,0.0059071938658176,0.0194481062844999,0.108273220047,0.0641344690209,0.0040822625153571,0.0465999889299,0.0130648467904767,0.0155810810763488,0.129696772064,0.0662299227601,3.0050906475,0.4056316136699999,0.4073000430499999,0.0571800088791,3.5602500375,0.010566532609,0.283197903598,0.0190427041009,0.199078811261,0.171146583518,2.74149996928,0.2582726478,0.0032656239521424,0.0223682689624,0.0416473265548387,100.0,100.0,100.0,100.0,100.0,100.0,100.0,100.0,100.0,100.0,100.0,100.0,100.0,100.0,100.0,100.0,100.0,100.0,100.0,0.0,100.0,100.0,100.0,0.0,0.0,100.0,100.0,100.0,100.0,60.0,100.0,100.0,100.0,100.0,low_traffic,0
0.0168400840287272,0.0245292958553008,2.0743252402,4.6586990356445314e-05,2.172499971083333,0.0104844716111224,2.1795462328666666,0.0948913202552891,0.0075349085909908,0.0065891191621499,0.0156045116320163,0.0809976418753333,0.0642542549990909,0.0037815536520503,0.0505454467936363,0.0147379303382695,0.0131489175993846,0.1496139535577777,0.072009760909899,3.015179388,0.3333684126066666,0.32513337132,0.0611717171036363,3.574999948,0.01422297954,0.2435357888066666,0.0185503550212121,0.2177946260894495,0.1517312685386666,2.7416666320466665,0.24114819365,0.0029570150364689,0.024877066193913,0.0484786454288235,100.0,100.0,100.0,100.0,100.0,100.0,100.0,100.0,100.0,100.0,100.0,100.0,100.0,100.0,100.0,100.0,100.0,100.0,100.0,0.0,100.0,100.0,100.0,0.0,0.0,100.0,100.0,100.0,100.0,66.66666666666666,100.0,100.0,100.0,100.0,low_traffic,0
0.0161480553619266,0.0230460113520187,0.2608616352,4.4804811477661136e-05,2.44099998,0.008613516885427,0.4397904872,0.0942093389221785,0.008705626141468,0.0071173962044279,0.0209181815967765,0.0964455306475,0.0641432315635106,0.0038032086921492,0.0563191428976595,0.0161067386254332,0.0106995794480666,0.1417858169076595,0.0756602236410638,3.006668403333333,0.3741602599,0.3686249553625,0.0670851215257446,4.330714251428572,0.01306200027,0.255935937125,0.0164962296741489,0.2081446349207692,0.1531431972737499,3.862000014399999,0.06625008583,0.0035729169834708,0.0243092621437096,0.0390489164102631,100.0,100.0,100.0,100.0,100.0,100.0,100.0,100.0,100.0,100.0,100.0,100.0,100.0,100.0,100.0,100.0,100.0,100.0,100.0,0.0,100.0,100.0,100.0,0.0,0.0,100.0,100.0,100.0,100.0,25.0,100.0,100.0,100.0,100.0,low_traffic,0
0.0164696345361137,0.0229816631007004,1.82282209015,4.475116729736328e-05,1.9699999683,0.0083698492768461,1.9828936429,0.0917211341909334,0.0075349085909908,0.0064780587113215,0.0156045116320163,0.087932631368125,0.0671015011516842,0.0039259098189703,0.0514842208982105,0.0156375555702676,0.0145068528484339,0.1299440885594736,0.071774854146,3.007678026666667,0.3180128037375,0.31412497156875,0.0617052680446315,3.5681666466666666,0.01335597038,0.2273223846625,0.0172659472374736,0.2027023201507619,0.135422989701875,2.50112500410625,0.2382077574249999,0.0030349779119038,0.020571168262,0.0392449283552,100.0,100.0,100.0,100.0,100.0,100.0,100.0,100.0,100.0,100.0,100.0,100.0,100.0,100.0,100.0,100.0,100.0,100.0,100.0,0.0,100.0,100.0,100.0,0.0,0.0,100.0,100.0,100.0,100.0,62.5,100.0,100.0,100.0,100.0,low_traffic,0
0.0162019454479914,0.024388887508484,0.2608616352,4.456043243408203e-05,3.5523333466666664,0.0095320264074226,3.0082031033333334,0.0939456193961448,0.0077600525863529,0.0067108206352298,0.0196813976023529,0.09878418444,0.0659627493577451,0.0038526007819436,0.0503333316046078,0.0132175471586072,0.0143749044622105,0.1333399800389215,0.0734913091941176,3.0154430825,0.39191384311,0.38780000205,0.0607843071692156,3.569,0.0118840535433333,0.27490665908,0.0178715504812745,0.2052983491833928,0.169229268988,3.25980002549,0.06625008583,0.0035409069052048,0.0230091023902127,0.0395577698896875,100.0,100.0,100.0,100.0,0.0,100.0,0.0,100.0,100.0,100.0,100.0,100.0,100.0,100.0,100.0,100.0,100.0,100.0,100.0,0.0,100.0,100.0,100.0,0.0,0.0,100.0,100.0,100.0,100.0,30.0,100.0,100.0,100.0,100.0,low_traffic,0
0.0155263095344976,0.020126322901926,1.61098313,4.696846008300781e-05,4.67099997875,0.0068754196162,3.003081622857142,0.0880609224671197,0.0075349085909908,0.0060446883101462,0.0156045116320163,0.1039094924673,0.0640380103438297,0.0042876663484925,0.0509893615080851,0.0121500503637612,0.0188952267851445,0.1199450010704255,0.0850978205138709,3.0085229225,0.5909523526,1.3001818172272726,0.0614361661431914,4.0962500525,0.01438784599,0.42387931259,0.016418793922826,0.1901549146365385,0.307116174641,5.48130004,0.3289573192,0.0048434591284233,0.02330687551,0.0396683130882142,100.0,100.0,100.0,100.0,0.0,100.0,0.0,100.0,100.0,100.0,100.0,100.0,100.0,100.0,100.0,100.0,100.0,100.0,100.0,0.0,100.0,100.0,100.0,0.0,0.0,100.0,100.0,100.0,100.0,0.0,100.0,100.0,100.0,100.0,low_traffic,0
0.0172194409552336,0.0228281936751022,1.34844601005,4.5921744369879005e-05,2.519000049425,0.0106786803175789,2.2388235294,0.0955144407064093,0.0075349085909908,0.00631262224085,0.0156045116320163,0.0816099210072727,0.0665907736788659,0.0036759463533211,0.0508969075823711,0.0118871193859815,0.0103975436699672,0.1432027496939175,0.0709163306804123,3.07174491,0.3150470039545454,0.3091818202272727,0.0618556676370103,3.66199994,0.011257052415,0.2220213629518181,0.0174573647561855,0.2148679995786916,0.1350246776036363,1.8927272434090907,0.26049113265,0.0026674413670242,0.0232472910555882,0.0404068190431034,100.0,100.0,100.0,100.0,50.0,100.0,50.0,99.59266802443992,100.0,100.0,100.0,100.0,100.0,100.0,100.0,100.0,100.0,100.0,100.0,0.0,100.0,100.0,100.0,0.0,0.0,100.0,100.0,100.0,100.0,72.72727272727272,100.0,100.0,100.0,100.0,low_traffic,0
0.0158423954753181,0.0228655479540009,1.8127716042,4.454851150512695e-05,2.5167499149125003,0.0094067517729574,2.371856040057143,0.0979056962822144,0.0092923824591666,0.0065715944679142,0.0215515692985897,0.081769600499375,0.0646504678101052,0.0041831811259925,0.0533789408741052,0.0143866201219083,0.0116668198535675,0.1519766882528421,0.0833151014095789,3.0098065075,0.3389377295375,0.33812499041875,0.0640842111366315,4.423399966,0.01200795173,0.244520708873125,0.0176236127506315,0.2203836394693333,0.156226724359375,2.8548750106812504,0.3048323154,0.0030434846867467,0.0241792656064285,0.0433719158113953,100.0,100.0,100.0,100.0,75.0,100.0,71.42857142857143,99.58762886597938,100.0,100.0,100.0,100.0,100.0,100.0,100.0,100.0,100.0,100.0,100.0,0.0,100.0,100.0,100.0,0.0,0.0,100.0,100.0,100.0,100.0,62.5,100.0,100.0,100.0,100.0,low_traffic,0
0.0173558769368518,0.0237221287566732,2.30086183,4.482865333557129e-05,2.472999925,0.0088309560498214,2.47652983,0.0923814008782996,0.009191249005215,0.0068666809632544,0.0201073102997849,0.16285538671375,0.0623330608396774,0.003773970711,0.0554515853898924,0.013077625837633,0.0173971475022835,0.1248802036027957,0.0748159428725531,3.0423950333333334,1.2890088273444449,1.7221111445111112,0.0656559082639784,4.273666616666667,0.01580095291,0.7449910031375,0.0173858211846236,0.19537759749233,0.5416535421875001,3.67979998328,0.25512611865,0.0028616142260885,0.0234562961367346,0.0412038316270833,100.0,100.0,100.0,100.0,100.0,100.0,100.0,100.0,100.0,100.0,100.0,100.0,100.0,100.0,100.0,100.0,100.0,100.0,100.0,0.0,77.77777777777777,77.77777777777777,100.0,0.0,0.0,100.0,100.0,100.0,100.0,50.0,100.0,100.0,100.0,100.0,low_traffic,0
0.0163612840256872,0.0221744526645597,0.2608616352,4.6265125274658206e-05,4.9345000325,0.006919533013,3.007850163333333,0.0920316152482901,0.0075349085909908,0.0058006976058294,0.0156045116320163,0.1022441386883333,0.0643286958560638,0.0039786580776791,0.0434893623246808,0.0105678882562584,0.0120337665920579,0.1406848379582978,0.0633169108161702,2.861806836470588,0.4132655063833333,0.4145000377833333,0.0536595658997872,3.5610001,0.0170643329566666,0.2987453937,0.0176757193584042,0.2071354022034615,0.1948054631233333,2.9768333012166663,0.06625008583,0.0026449056762739,0.022213163827619,0.0428653955411764,100.0,100.0,100.0,100.0,0.0,100.0,0.0,100.0,100.0,100.0,100.0,100.0,100.0,100.0,100.0,100.0,100.0,100.0,100.0,0.0,100.0,100.0,100.0,0.0,0.0,100.0,100.0,100.0,100.0,50.0,100.0,100.0,100.0,100.0,low_traffic,0
0.0154931611443981,0.0224193754778696,0.2608616352,4.948639288181212e-05,3.563666656666667,0.0091463724744102,3.0097930366666668,0.0891594558444817,0.0094261223604318,0.0068189812486805,0.018113483078409,0.09442198275375,0.0672589589045918,0.0035306578090724,0.0453163142044897,0.0141216479551515,0.014830658830625,0.1195435839893877,0.0628796840107142,3.012581583333333,0.4015314237999999,0.435124993275,0.0563979489379591,3.571333323333333,0.01200294494,0.3283132016,0.0175667514563265,0.1918983790218518,0.2263271808199999,3.8372856497,0.06625008583,0.003552188872411,0.02428945047,0.0366804236906521,100.0,100.0,100.0,100.0,0.0,100.0,0.0,99.59514170040484,100.0,100.0,100.0,100.0,100.0,100.0,100.0,100.0,100.0,100.0,100.0,0.0,100.0,100.0,100.0,0.0,0.0,100.0,100.0,100.0,100.0,14.285714285714292,100.0,100.0,100.0,100.0,low_traffic,0
0.0161688438884322,0.0241010622514126,0.2608616352,4.460811614990234e-05,3.56000006,0.0102237523584745,3.0047934,0.0951449539270656,0.0114658488765348,0.0061402050841421,0.0226783974186046,0.0859746932888888,0.0650242995180582,0.0043840591715734,0.0470194098928155,0.0131098916599439,0.0153298480134714,0.1328820140313592,0.063606433488932,3.01114749,0.3907987541111111,0.3911111619333333,0.0579708779815533,3.56700015,0.0150886376666666,0.2938424480888889,0.0181175111518446,0.2041964635243363,0.2018050352144444,1.9256666485111111,0.06625008583,0.0027276086797023,0.0220242208872222,0.0381580557091428,100.0,100.0,100.0,100.0,0.0,100.0,0.0,99.61389961389962,100.0,100.0,100.0,100.0,100.0,100.0,100.0,100.0,100.0,100.0,100.0,0.0,100.0,100.0,100.0,0.0,0.0,100.0,100.0,100.0,100.0,66.66666666666666,100.0,100.0,100.0,100.0,low_traffic,0
0.0179512970847887,0.0220586249665184,0.9505295744,4.7761201858520505e-05,1.45200002145,0.0120251178727272,1.4529237704,0.0908759215647863,0.007803110971413,0.0068079493389938,0.0222143841773913,0.1330578326933333,0.0724698227261956,0.004255558504659,0.0528043689846739,0.0122585910100548,0.014163992618909,0.1071177331943478,0.0753014639677894,3.013120765,1.770616593845454,1.851083355741667,0.0641412916270652,3.57350003,0.01248407363,0.6763442613222223,0.0168798328682795,0.1864236031802941,0.5243589866688888,2.9943333220166664,0.3411105870499999,0.0025584268559041,0.02355196219875,0.0356082454754838,100.0,100.0,100.0,100.0,100.0,100.0,100.0,100.0,100.0,100.0,100.0,100.0,100.0,100.0,100.0,100.0,100.0,100.0,100.0,0.0,63.63636363636363,66.66666666666666,100.0,0.0,0.0,100.0,100.0,100.0,100.0,50.0,100.0,100.0,100.0,100.0,low_traffic,0
0.0172412084463478,0.0247274347671845,2.356792565,4.488825798034668e-05,3.64320001,0.0145271446340108,2.795196814,0.0981832568736946,0.009730222224,0.0060771352265109,0.0203702664334999,0.0757272243457142,0.0658764886753,0.0042473299155357,0.0532100057494999,0.0166862563468476,0.0138034756079594,0.1452924585046,0.0733842611158999,3.0156292883333333,0.3417840855,0.33414283815,0.0639600014567,4.215000007142857,0.01289093494,0.2384112051,0.0179912710150999,0.2179248180865454,0.1566572529664285,3.7221428621071433,0.24274420735,0.0026199634248014,0.0295728224255555,0.0376209214637209,100.0,100.0,100.0,100.0,40.0,100.0,40.0,100.0,100.0,100.0,100.0,100.0,100.0,100.0,100.0,100.0,100.0,100.0,100.0,0.0,100.0,100.0,100.0,0.0,0.0,100.0,100.0,100.0,100.0,35.71428571428571,100.0,100.0,100.0,100.0,low_traffic,0
0.0171273688972522,0.0222926928684224,1.83418116262,4.807710647583008e-05,2.0849999397600003,0.0075791875516666,2.0989294006000003,0.0976967365928418,0.0077751129852187,0.0063885384783741,0.0217191601739583,0.0801195038544444,0.0612438966728125,0.0041643468766102,0.05001042533875,0.0134822396483812,0.0145862197841466,0.1601338063308333,0.0728157783430208,3.00676107,0.4174100292555556,0.4158888657444444,0.0610624998696874,3.56999993,0.01284138361,0.3075789345444444,0.0172536273751041,0.2230215949374527,0.2168785995466667,2.364999978688889,0.30435452456,0.0026390272017068,0.0241516859025641,0.0380996552863414,100.0,100.0,100.0,100.0,100.0,100.0,100.0,100.0,100.0,100.0,100.0,100.0,100.0,100.0,100.0,100.0,100.0,100.0,100.0,0.0,100.0,100.0,100.0,0.0,0.0,100.0,100.0,100.0,100.0,88.88888888888889,100.0,100.0,100.0,100.0,low_traffic,0
0.0147758886693534,0.0220656699293729,2.31206941,4.45246696472168e-05,3.4007499175,0.0069542725871111,2.610533115,0.092853605143297,0.0081184712955346,0.0058937328689827,0.0205042173327722,0.072544738641875,0.0665080736065346,0.003890773082695,0.0477920711539604,0.0135229062392233,0.0154753117923918,0.1324015253473267,0.0653668205223762,3.00598001,0.30964733655625,0.30762496586875,0.0582574287161386,3.555399986,0.011257052415,0.2144489138768749,0.0175812574852475,0.2041382488502703,0.137957692115625,2.6018124790062496,0.2310959497666666,0.0043603277195731,0.0224231366132258,0.0358701626423333,100.0,100.0,100.0,100.0,75.0,100.0,75.0,99.8019801980198,100.0,100.0,100.0,100.0,100.0,100.0,100.0,100.0,100.0,100.0,100.0,0.0,100.0,100.0,100.0,0.0,0.0,100.0,100.0,100.0,100.0,62.5,100.0,100.0,100.0,100.0,low_traffic,0
0.0169140487065765,0.021647520941133,1.312989231,4.561543464660644e-05,1.4320000398,0.0073422817950952,1.444929118,0.0919389658076912,0.0075349085909908,0.0058406821308968,0.0156045116320163,0.075068449968,0.0654658722743999,0.0035305329725499,0.0443299746441,0.0126683868108978,0.0126892195788444,0.1281278347676,0.0660337103361386,3.008739752,0.3229831695049999,0.315699982595,0.0547299981024,4.139,0.014035463325,0.220819389775,0.0173151587450495,0.1989782202947273,0.140669286225,2.6705714603809523,0.2246750592499999,0.0043142571728441,0.0221813158513636,0.0420228290476,100.0,100.0,100.0,100.0,100.0,100.0,100.0,100.0,100.0,100.0,100.0,100.0,100.0,100.0,100.0,100.0,100.0,100.0,100.0,0.0,100.0,100.0,100.0,0.0,0.0,100.0,100.0,100.0,100.0,52.38095238095238,100.0,100.0,100.0,100.0,low_traffic,0
0.0173448462536607,0.0220310131097173,1.6547903193666669,4.637241363525391e-05,1.7633333172333332,0.0083532144139682,1.761915280733333,0.0954929161882448,0.0087631731906597,0.006385979392862,0.021067938848969,0.0772999525028571,0.0625412267408247,0.0039858661422116,0.0504742356818556,0.0136412395869861,0.0126321315731052,0.1429767042961855,0.0709478437177319,3.0073914475,0.3322577987,0.3236428839142857,0.061391756693402,3.5842500275,0.017577409735,0.2345019578428571,0.0174366395453608,0.2107459339771028,0.155328290775,2.0654285437499995,0.2669713496999999,0.0049044771003104,0.0250171621597222,0.0427623499477272,100.0,100.0,100.0,100.0,100.0,100.0,100.0,100.0,100.0,100.0,100.0,100.0,100.0,100.0,100.0,100.0,100.0,100.0,100.0,0.0,100.0,100.0,100.0,0.0,0.0,100.0,100.0,100.0,100.0,71.42857142857143,100.0,100.0,100.0,100.0,low_traffic,0
0.0189738945176995,0.0269663656521046,0.36063385,4.461407661437988e-05,0.5709998607,0.0124630232642361,0.5831348896,0.1097772613001234,0.00912275314208,0.0085533021457138,0.0225234937621999,0.0884418010619999,0.0670325961051613,0.0037898963549022,0.059817216636129,0.0174697821587855,0.0117506659917307,0.1707620466505376,0.0793721085155914,3.009749358,0.3883511586363636,0.34319994445,0.0707956949698924,3.9368,0.009849071502,0.23676025861,0.01684054764,0.2486305537315533,0.1404657125209999,2.402916646475,0.2483336925,0.0027710771552071,0.0242666889074074,0.0456042723151515,100.0,100.0,100.0,100.0,100.0,100.0,100.0,100.0,100.0,100.0,100.0,100.0,100.0,100.0,100.0,100.0,100.0,100.0,100.0,0.0,100.0,100.0,100.0,0.0,0.0,100.0,100.0,100.0,100.0,58.333333333333336,100.0,100.0,100.0,100.0,low_traffic,0
0.0166465948538693,0.022245206227802,2.42755675,4.547834396362305e-05,2.53900003,0.0061391101140588,2.55270266,0.0914141137825986,0.0120097673838846,0.0066615704687244,0.0198206993207692,0.10376989839625,0.0649428422310344,0.0039581295067952,0.0436781631057471,0.0121185721246752,0.0131579807793376,0.1304813171028735,0.0604644917821839,3.004402633333333,0.43469238275,0.4306249618,0.053804589405977,3.55500006,0.012902140615,0.334989488075,0.0179828419040229,0.1989022480675257,0.2294763326125,2.42137497355,0.2239925861,0.002880387305224,0.0221522938052272,0.0375567873270833,100.0,100.0,100.0,100.0,100.0,100.0,100.0,100.0,100.0,100.0,100.0,100.0,100.0,100.0,100.0,100.0,100.0,100.0,100.0,0.0,100.0,100.0,100.0,0.0,0.0,100.0,100.0,100.0,100.0,62.5,100.0,100.0,100.0,100.0,low_traffic,0
0.0164932179524154,0.0233218634001827,2.4850912,4.4357776641845706e-05,3.3629999725,0.0082893825701904,2.946485335,0.0923404037999682,0.0075349085909908,0.0068242772033733,0.0156045116320163,0.091447750715,0.0636275173424731,0.0040413831403233,0.0551505421697849,0.0140433768362727,0.0118348396399661,0.1271704627297849,0.076905814447957,3.0076267650000004,0.3909059762416666,0.3895833094416667,0.0654946295980645,3.58999991,0.01306891441,0.2745555837333333,0.0173550498060215,0.2038799349408737,0.1813073753908333,2.452250000891667,0.2794132232,0.0039823335750473,0.0226052919993333,0.0411870199041176,100.0,100.0,100.0,100.0,25.0,100.0,25.0,100.0,100.0,100.0,100.0,100.0,100.0,100.0,100.0,100.0,100.0,100.0,100.0,0.0,100.0,100.0,100.0,0.0,0.0,100.0,100.0,100.0,100.0,58.333333333333336,100.0,100.0,100.0,100.0,low_traffic,0
0.0172116345986071,0.0217824694868438,0.39642853732,4.8720836639404296e-05,0.45120000832,0.00861872434435,0.47236323354,0.0954883432036243,0.0131645002551258,0.0053041346146642,0.0186196707301398,0.1134232452785714,0.0681155544790909,0.0051602859206896,0.0492377564528671,0.0116485471576849,0.0170768120676823,0.1246949392234265,0.0759409012726712,0.49113255735,0.9857571790714283,1.390555539838889,0.0594335619278321,0.46519999502,0.0228964169773333,0.5451035147357143,0.017198880509375,0.1983576137396202,0.4197728454392856,1.94518188575,0.26855552192,0.0042558908448406,0.022437894341,0.042029500003421,100.0,100.0,0.0,100.0,0.0,100.0,0.0,99.42279942279944,100.0,100.0,100.0,100.0,100.0,100.0,100.0,100.0,100.0,100.0,100.0,0.0,85.71428571428571,83.33333333333333,100.0,0.0,100.0,100.0,100.0,100.0,100.0,13.63636363636364,0.0,100.0,100.0,100.0,high_traffic,0
0.0177460178468095,0.0227743506398574,0.2608616352,4.832744598388672e-05,2.14160003486,0.0086140290209574,1.15185665745,0.1005422914462941,0.0080849817808571,0.0057860032922602,0.0198725598156428,0.1056208610425,0.0649895531679999,0.00532116770628,0.0561999865857857,0.014694621146995,0.01703924992175,0.1442023379135714,0.0828838501505714,0.5044032732333333,0.41865376625,0.4113333423416667,0.0664928555362142,0.4973332881333333,0.0200889746306666,0.2979723810583333,0.0176751204857857,0.2121789316594193,0.1819875637433333,1.6799999942944446,0.3002303441,0.0068214589885677,0.0215181946715,0.0382659784134146,100.0,100.0,100.0,100.0,0.0,100.0,0.0,100.0,100.0,100.0,100.0,100.0,100.0,100.0,100.0,100.0,100.0,100.0,100.0,0.0,100.0,100.0,100.0,0.0,100.0,100.0,100.0,100.0,100.0,27.77777777777777,0.0,100.0,100.0,100.0,high_traffic,0
0.0186450332817062,0.0236966297853643,0.658542928725,4.98652458190918e-05,1.242500064925,0.0086867642456034,0.731181680625,0.0990226357406256,0.0080982422970993,0.0056346538652118,0.0203611250703311,0.0750793615895238,0.0660175219182781,0.0049965460707535,0.051635764283245,0.0159272053119594,0.0143869707826455,0.1243127670962913,0.0740028170678571,0.7628951668249999,0.3330697104571429,0.3261904375428572,0.0616887484050331,1.3825999960800002,0.021027040476,0.2361270018523809,0.0171312922629801,0.1969309341101807,0.1555921576990476,1.445272716812121,0.4146004564352941,0.0043175307177122,0.0221394658059999,0.0344072258611111,100.0,100.0,0.0,100.0,0.0,100.0,0.0,100.0,100.0,100.0,100.0,100.0,100.0,100.0,100.0,100.0,100.0,100.0,100.0,0.0,100.0,100.0,100.0,0.0,100.0,100.0,100.0,100.0,100.0,30.303030303030297,0.0,100.0,100.0,100.0,high_traffic,0
0.016496805480287,0.0237499030049063,0.3604716062166667,5.294680595397949e-05,0.5036666790333333,0.0086492809209547,0.5255220730666667,0.103057109760031,0.0079729179672014,0.0057696275256747,0.0203696823761151,0.07059983014575,0.0643969199540287,0.0053158788814472,0.0614316514464748,0.0140909167452123,0.01643816629764,0.1416152312192086,0.0859746357497163,0.4342960118666666,0.34446254964,0.337999999465,0.0729136758123741,0.4175000190416667,0.021253331496,0.2430549501749999,0.0183389321133098,0.2189909280811039,0.1687076091485,1.1997241202758622,0.2589594257666666,0.0075593124722321,0.0225271802157894,0.0378365864304166,100.0,100.0,0.0,100.0,0.0,100.0,0.0,100.0,100.0,100.0,100.0,100.0,100.0,100.0,100.0,100.0,100.0,100.0,100.0,0.0,100.0,100.0,100.0,0.0,100.0,100.0,100.0,100.0,100.0,6.896551724137936,0.0,100.0,100.0,100.0,high_traffic,0
0.016348081882411,0.022639949651227,0.36406908031,5.302062401404748e-05,0.43600001329,0.0098203659048,0.44655237193,0.0951161552050149,0.0067572071594598,0.0060152547274967,0.0192941105234306,0.0712596286372727,0.0676583686768613,0.0048774281119492,0.0463649721818978,0.0135136996857508,0.0107562375596976,0.1206315868632846,0.0648915318375362,0.9107731731285716,0.3308908180318182,0.3255909138863636,0.0570802845129927,1.583874969125,0.0229607899946666,0.22922594975,0.0170803249287969,0.1940635034511842,0.1546681685636363,1.4120571781971427,0.35440969462,0.0066046974861591,0.0233361834533333,0.0431674669135416,100.0,100.0,0.0,100.0,0.0,100.0,0.0,100.0,100.0,100.0,100.0,100.0,100.0,100.0,100.0,100.0,100.0,100.0,100.0,0.0,100.0,100.0,100.0,0.0,100.0,100.0,100.0,100.0,100.0,17.14285714285714,0.0,100.0,100.0,100.0,high_traffic,0
0.0163224159696507,0.0228004349570678,0.9292983046,4.913210868835449e-05,1.6054545502000002,0.0081428239435329,1.0719704318222223,0.0997673584988735,0.0088941574084142,0.0054356280803334,0.0203813586871428,0.0691911923210526,0.0626570752583571,0.0052275800694349,0.0546571578194285,0.0155042903290298,0.0145061047420131,0.1493801525316428,0.0767840087732624,0.9453393048714284,0.3152341842105263,0.3112105193421052,0.0650928497227142,1.2401428551142857,0.0240856329566666,0.2216185142694736,0.0171300547417857,0.2157859894149677,0.147175575528421,1.8175000286718752,0.468789284,0.0052251729085249,0.0227431569738095,0.0453885767133333,100.0,100.0,0.0,100.0,0.0,100.0,0.0,100.0,100.0,100.0,100.0,100.0,100.0,100.0,100.0,100.0,100.0,100.0,100.0,0.0,100.0,100.0,100.0,0.0,100.0,100.0,100.0,100.0,100.0,12.5,0.0,100.0,100.0,100.0,high_traffic,0
0.0164358725212691,0.0246703355507396,0.3468484083333333,5.233883857727051e-05,1.010999996016667,0.0091126615343409,0.6456911553,0.102864526490529,0.0078968234242602,0.0057170510282831,0.0220608058002739,0.0858422120272222,0.067333252449863,0.0052121958675533,0.0456438407408904,0.0131146338623258,0.0129692455102222,0.1385110436688356,0.0665049765068493,0.7849329310500001,0.3250938716368421,0.3273333443166666,0.0558150712652739,1.86587494525,0.0221293290413333,0.2298267417055556,0.0180122542013698,0.2107990691037888,0.13818751438,1.5424347521913049,0.29199156756,0.003738893160742,0.022317203605,0.03769069909575,100.0,100.0,0.0,100.0,0.0,100.0,0.0,99.8581560283688,100.0,100.0,100.0,100.0,100.0,100.0,100.0,100.0,100.0,100.0,100.0,0.0,100.0,100.0,100.0,0.0,100.0,100.0,100.0,100.0,100.0,26.086956521739125,0.0,100.0,100.0,100.0,high_traffic,0
0.0161705048710176,0.0233455337549783,0.3632524013142856,4.838705062866211e-05,0.8668889189777776,0.0087013402320038,0.6363703667,0.0933179250986242,0.0077859869115592,0.0056869182593942,0.0188339007484868,0.0765899782513043,0.0668329345445394,0.0052093706030943,0.0530526371292302,0.015117582124831,0.0145670764383493,0.1171465813726973,0.0777563290016882,0.55373465985,0.3323322793173913,0.3280869566521739,0.0630394753544736,0.5308749966374999,0.022702805196,0.2373826710565217,0.0173588787213815,0.1919058796511976,0.1564120520365217,1.214119975184,0.2523629881545454,0.0060185085628734,0.021722793575,0.0401209669670967,100.0,100.0,0.0,100.0,0.0,100.0,0.0,99.72602739726028,100.0,100.0,100.0,100.0,100.0,100.0,100.0,100.0,100.0,100.0,100.0,0.0,100.0,100.0,100.0,0.0,100.0,100.0,100.0,100.0,100.0,24.0,0.0,100.0,100.0,100.0,high_traffic,0
0.0158735386602351,0.0221083845376027,0.3862368265333333,5.3381919860839845e-05,0.492999951,0.0081806091652404,0.5054516791666667,0.0912705975071947,0.008279105305845,0.0052064517512824,0.0193457401928873,0.0709347508136363,0.064686033075845,0.0051071513986683,0.0468662053700704,0.0105560464364425,0.0112670038029565,0.1145855792444366,0.0668319379672535,1.05022597124,0.4109368107,0.4108181649363636,0.0575633787671126,1.84950005785,0.0185081640826666,0.2996348250545454,0.0173893209867605,0.1869988471471974,0.2246118891890909,1.7326875287937498,0.2917250791666666,0.0054903115533171,0.022125065323,0.0326713395363855,100.0,100.0,0.0,100.0,0.0,100.0,0.0,100.0,100.0,100.0,100.0,100.0,100.0,100.0,100.0,100.0,100.0,100.0,100.0,0.0,100.0,100.0,100.0,0.0,100.0,100.0,100.0,100.0,100.0,18.75,0.0,100.0,100.0,100.0,high_traffic,0
0.0161282056597368,0.0227377453538288,0.3750250339000001,5.55872917175293e-05,0.4453999996,0.0085022119680403,0.47552638048,0.0976722442407212,0.0075407690457083,0.0057426575748778,0.0194526960410416,0.0714954137738888,0.0644610143254861,0.0051742932363676,0.0501736137503472,0.0117708505032884,0.0133069784993552,0.1224537855727083,0.0723239330271232,0.8155844598333334,0.3307720422333333,0.3277222314944444,0.0601944410033333,1.6050000174714287,0.0250137805886666,0.2282943327844444,0.0172709193450694,0.1929572138016981,0.15299228824,1.3472173709869566,0.28867077823,0.0066287977641836,0.0221839709677272,0.0404326518328787,100.0,100.0,0.0,100.0,0.0,100.0,0.0,100.0,100.0,100.0,100.0,100.0,100.0,100.0,100.0,100.0,100.0,100.0,100.0,0.0,100.0,100.0,100.0,0.0,100.0,100.0,100.0,100.0,100.0,30.434782608695656,0.0,100.0,100.0,100.0,high_traffic,0
0.0158792646205162,0.0239867294791978,0.7572400899714287,4.774928092956543e-05,1.1608571632857143,0.0093331410304615,0.7776275456,0.0941058236560865,0.0082722510148421,0.0058076501835557,0.0192389488182236,0.0749041371822222,0.0668442327625,0.0051122453966509,0.0515921147156578,0.0184738580014776,0.0174185354465063,0.1189685651719736,0.0768243538735065,0.4878933429333333,0.3598493337111111,0.3548888894777778,0.0616710483913815,0.4753332932333333,0.0216865221613333,0.2599454985366666,0.0174035288746052,0.1924421186806587,0.1793275541388889,1.2366086680391304,0.3263857364166667,0.0061669690253644,0.0209270954085,0.0390517894973077,100.0,100.0,0.0,100.0,0.0,100.0,0.0,100.0,100.0,100.0,100.0,100.0,100.0,100.0,100.0,100.0,100.0,100.0,100.0,0.0,100.0,100.0,100.0,0.0,100.0,100.0,100.0,100.0,100.0,39.130434782608695,0.0,100.0,100.0,100.0,high_traffic,0
0.015971150640438,0.0241176827031924,0.4964216152333334,4.888192201272035e-05,0.5229999337428571,0.0089645704640764,0.5771208763000001,0.0999243433382808,0.0081452614539054,0.0057019299024164,0.0200942271422972,0.1220830976697499,0.066680803482027,0.0049195622012403,0.0454459496380405,0.0133978262296323,0.0142480203052714,0.1399785682597297,0.0663905061417931,0.4470369020666667,1.2035916630222223,1.7058947178421051,0.0555337876801351,0.4283333619,0.0193204720773333,0.61889198286875,0.016819778322027,0.2112115921042331,0.476602702399375,1.962159963432,0.2555570601999999,0.0039597310500897,0.02126356959,0.0418929700451851,100.0,100.0,0.0,100.0,0.0,100.0,0.0,100.0,100.0,100.0,100.0,100.0,100.0,100.0,100.0,100.0,100.0,100.0,100.0,0.0,77.77777777777777,73.6842105263158,100.0,0.0,100.0,100.0,100.0,100.0,100.0,16.0,0.0,100.0,100.0,100.0,high_traffic,0
0.0159138721328213,0.0258792519517747,0.3693609833374999,4.942417144775391e-05,0.4517500101875,0.0154956976559285,0.4640085696625,0.0950961130162224,0.0080959343560422,0.0057639956356372,0.0213086554661971,0.0694381475394999,0.0642636963923943,0.0049346897851683,0.0475070409302112,0.0138115628964592,0.0126141309711041,0.1238375079104929,0.0667928498844755,0.4834728836624999,0.318573534445,0.314950025035,0.0585070327879577,0.4747500121249999,0.020692857102,0.220138943141,0.0171985200429999,0.1956141662817834,0.143852102721,1.1455714413285716,0.26820214086875,0.0037360451422679,0.023202487397619,0.0372732253239682,100.0,100.0,0.0,100.0,0.0,100.0,0.0,100.0,100.0,100.0,100.0,100.0,100.0,100.0,100.0,100.0,100.0,100.0,100.0,0.0,100.0,100.0,100.0,0.0,100.0,100.0,100.0,100.0,100.0,14.285714285714292,0.0,100.0,100.0,100.0,high_traffic,0
0.0165057401521182,0.0233483889972775,0.3655262333571428,4.86135482788086e-05,0.43599990005,0.0089351435011004,0.4463589488874999,0.103084423991756,0.009706256993,0.0058440516238994,0.0216824367822388,0.0768651858560869,0.0637352341922388,0.0049874954605618,0.0477910415380597,0.0162565279961892,0.0174752589162258,0.1510194610394776,0.062270023193037,0.4964689526857143,0.3264744903217391,0.3252608464565217,0.0585895456382089,0.4575714723714285,0.0188662846833333,0.2321450295173913,0.0176454906992537,0.216929395677651,0.1508376079747826,1.0624193657322585,0.2757445914,0.0061603155988517,0.0226087028304545,0.0373300115225,100.0,100.0,0.0,100.0,0.0,100.0,0.0,100.0,100.0,100.0,100.0,100.0,100.0,100.0,100.0,100.0,100.0,100.0,100.0,0.0,100.0,100.0,100.0,0.0,100.0,100.0,100.0,100.0,100.0,25.80645161290323,0.0,100.0,100.0,100.0,high_traffic,0
0.0161135595287101,0.0243288627617441,0.3397363424,4.8547983169555664e-05,0.429749965625,0.0101906266662068,0.44687414165,0.1009442436843348,0.0082967590074604,0.0059685394158611,0.0194592492994964,0.0741182674018181,0.0651930561951079,0.0050510748828256,0.0448561263535971,0.0116523457338614,0.015109899637075,0.151352323174964,0.0649535911352857,0.9594666145,0.3869007933727272,0.3840000195545455,0.0554100712369784,0.9596667279000002,0.0180675472492857,0.2924350824636363,0.0176053791143262,0.2206229835842484,0.2099131670545454,1.1914166375833333,0.25337111945,0.0060535257500721,0.0216931819885,0.0370080641278571,100.0,100.0,0.0,100.0,0.0,100.0,0.0,100.0,100.0,100.0,100.0,100.0,100.0,100.0,100.0,100.0,100.0,100.0,100.0,0.0,100.0,100.0,100.0,0.0,100.0,100.0,100.0,100.0,100.0,33.33333333333333,0.0,100.0,100.0,100.0,high_traffic,0
0.0158536902070716,0.0221879648869606,0.3744747638333333,4.8828125e-05,0.4223333728888889,0.0081887579788771,0.4454412989555555,0.0988320308379595,0.0070900768031458,0.0053156557720977,0.0202133307809722,0.0764651012376,0.0662834147513194,0.0052779543388,0.0433888865748611,0.0147608330972359,0.0135869142133783,0.14064536157125,0.0626036892096575,0.8932490348333335,0.3418630085846154,0.331400012916,0.0531388786010416,1.2456667016,0.0214505876764285,0.2344509982588,0.0167952726926027,0.2131330362950632,0.15206770894,1.1903030202696971,0.3286484309142857,0.0066526605358582,0.0228515995827777,0.0363708951201515,100.0,100.0,0.0,100.0,0.0,100.0,0.0,100.0,100.0,100.0,100.0,100.0,100.0,100.0,100.0,100.0,100.0,100.0,100.0,0.0,100.0,100.0,100.0,0.0,100.0,100.0,100.0,100.0,100.0,33.33333333333333,0.0,100.0,100.0,100.0,high_traffic,0
0.0166017777826604,0.025199030778163,0.3521663775230769,5.245804786682129e-05,0.4239167371916667,0.0119073304227636,0.4433175324833333,0.1000312675040593,0.0086935137345492,0.0061071120861312,0.0182533667080563,0.0815670603709523,0.0649458304144366,0.0047498705353712,0.049697170787676,0.0130691234839327,0.014551955458575,0.1409453371576056,0.0742400420910416,0.96125697924,0.3719170887809524,0.3668095270285714,0.0598661916247183,1.37499999858,0.0266445477753333,0.2665059679619047,0.0178066895003521,0.2105164025747133,0.1725345338785714,1.3483124800656252,0.33039373107,0.0046646677203892,0.025114525445,0.0435676664618867,100.0,100.0,0.0,100.0,0.0,100.0,0.0,99.71056439942112,100.0,100.0,100.0,100.0,100.0,100.0,100.0,100.0,100.0,100.0,100.0,0.0,100.0,100.0,100.0,0.0,100.0,100.0,100.0,100.0,100.0,15.625,0.0,100.0,100.0,100.0,high_traffic,0
0.0153408360834444,0.02330559058935,0.3797161181333333,5.183219909667969e-05,0.469399929,0.0090248136217574,0.48830285068,0.1025844271114464,0.0068999954621428,0.0054741808952271,0.0204273649582857,0.0771959744915384,0.0659134353817857,0.00529916405567,0.0496714285357142,0.0129609590927527,0.0114166770152112,0.1724037050799285,0.0702208382618571,0.52211558815,0.3741886798615385,0.3691538846846153,0.0598214421842142,0.48350006335,0.0237142085973333,0.2621414294230769,0.017454757961223,0.2384925995650322,0.1805712809646153,1.1859047374809524,0.29708607193,0.0036979931493391,0.0218379259075,0.041712942403582,100.0,100.0,0.0,100.0,0.0,100.0,0.0,99.8531571218796,100.0,100.0,100.0,100.0,100.0,100.0,100.0,100.0,100.0,100.0,100.0,0.0,100.0,100.0,100.0,0.0,100.0,100.0,100.0,100.0,100.0,19.04761904761905,0.0,100.0,100.0,100.0,high_traffic,0
0.0158513429978678,0.0245073883124404,0.756678519525,5.016326904296875e-05,0.7789999611999999,0.0092855635883825,0.7882550543333333,0.0999168906345153,0.0080413738871799,0.0057233959524408,0.020562020933,0.149822334425,0.0660563961544,0.0048362039374809,0.0556733115397333,0.0154869402875469,0.0129716484602098,0.1519238455677333,0.0815671904710666,0.5217778682333334,1.0623358755692307,1.1520000225153846,0.0665999984616666,0.4923333326666666,0.0245533148386666,0.5953964185916667,0.0168797747247333,0.2209661338384242,0.4362426987833334,1.9051904743666663,0.3792428288428571,0.0037156657152962,0.0216740012135,0.039367220614,100.0,100.0,0.0,100.0,0.0,100.0,0.0,100.0,100.0,100.0,100.0,100.0,100.0,100.0,100.0,100.0,100.0,100.0,100.0,0.0,84.61538461538461,84.61538461538461,100.0,0.0,100.0,100.0,100.0,100.0,100.0,23.80952380952381,0.0,100.0,100.0,100.0,high_traffic,0
0.0155556488153191,0.0217716081860036,0.3543356258999999,5.083680152893066e-05,0.4556666214666666,0.0082215126163139,0.4687507151999999,0.0974202659494312,0.0075222910656666,0.0053401563382686,0.0184952093583673,0.0701514940938461,0.0655983224102721,0.0051830724807246,0.0461904775449659,0.0129647464160662,0.0138846088830235,0.1476734008557823,0.063797417130136,0.4480942249,0.4209057734,0.4146153743,0.0561496432848299,0.4276000976199999,0.0226075649213333,0.3078708648184615,0.0170020765140816,0.2175455269606172,0.2330823677753846,1.0772941505705884,0.2673224508125,0.00757862004256,0.0217805266345,0.0384237650854838,100.0,100.0,0.0,100.0,0.0,100.0,0.0,99.71830985915491,100.0,100.0,100.0,100.0,100.0,100.0,100.0,100.0,100.0,100.0,100.0,0.0,100.0,100.0,100.0,0.0,100.0,100.0,100.0,100.0,100.0,29.411764705882348,0.0,100.0,100.0,100.0,high_traffic,0
0.0162077916921009,0.0229177771281655,0.4111814101,5.729993184407552e-05,0.4753333727166666,0.00846236199,0.4936962127166666,0.0937144505197353,0.0073022024463138,0.005527887548025,0.0203141539585401,0.0732414563446666,0.0648490094689051,0.0053027305495685,0.0464744602613138,0.0137242530373259,0.0110129882102564,0.1223892016624817,0.0647262998886428,0.6574620405166667,0.3702012538466667,0.3631332555933333,0.0569926961420437,1.111428599957143,0.024711942668,0.2634442010999999,0.0176007609389855,0.192779704100921,0.1848860104613333,1.4498076947846157,0.349674522825,0.0055629946955858,0.0208516836135,0.0437527561142,100.0,100.0,0.0,100.0,0.0,100.0,0.0,99.84962406015038,100.0,100.0,100.0,100.0,100.0,100.0,100.0,100.0,100.0,100.0,100.0,0.0,100.0,100.0,100.0,0.0,100.0,100.0,100.0,100.0,100.0,11.538461538461531,0.0,100.0,100.0,100.0,high_traffic,0
0.0161408095962578,0.023015280451665,0.3815327644,4.94837760925293e-05,1.360625027725,0.0084854033539515,0.7659595678999999,0.0967313783405726,0.0083192612250921,0.0056595327157556,0.0184025967330496,0.0776250481555,0.0662447814290071,0.0048817829104825,0.0539078120359574,0.0147244718449796,0.0126067553768548,0.1250881505816312,0.0725955829525874,0.52429647442,0.348037993865,0.342049968185,0.0642695223293617,0.5131999969,0.023530292506,0.240085816341,0.0168645432609929,0.2020818452747436,0.1558473586635,1.2973333368958333,0.2607205347181818,0.0036050579748123,0.0209095478034782,0.0409714903097142,100.0,100.0,0.0,100.0,0.0,100.0,0.0,99.42028985507248,100.0,100.0,100.0,100.0,100.0,100.0,100.0,100.0,100.0,100.0,100.0,0.0,100.0,100.0,100.0,0.0,100.0,100.0,100.0,100.0,100.0,33.33333333333333,0.0,100.0,100.0,100.0,high_traffic,0
0.0161654699384603,0.0224064147241414,0.3684329191333333,4.81489228039253e-05,0.5019999344666667,0.0088796528360548,0.5288043021666667,0.0957278363642529,0.0073489870333857,0.0054991780573904,0.0171942659742142,0.1201415359687499,0.0648167099181428,0.00491572499175,0.0427857194562142,0.0147667045699643,0.0138103919340714,0.1392069219515714,0.0620185375117142,0.48588995135,0.8251940631764707,1.34327778495,0.0530428562773571,0.4784999688166667,0.026488876338,0.41966786909375,0.0174630692986428,0.207489233541871,0.286650388945,1.5780000158416667,0.2771547369888889,0.0070143457031919,0.0221167921984999,0.0390103232643661,100.0,100.0,0.0,100.0,0.0,100.0,0.0,100.0,100.0,100.0,100.0,100.0,100.0,100.0,100.0,100.0,100.0,100.0,100.0,0.0,82.35294117647058,77.77777777777777,100.0,0.0,100.0,100.0,100.0,100.0,100.0,20.83333333333333,0.0,100.0,100.0,100.0,high_traffic,0
0.0161522181009951,0.0241838534636051,0.3609937599285714,4.889369010925293e-05,0.4219999710166667,0.008378181701282,0.4632650102428571,0.0971747595852451,0.0066298436415652,0.0055768351740544,0.0169012822923478,0.0745800825207692,0.0676003469830434,0.0051163471840515,0.0418840404815942,0.0134106335826669,0.009631023954673,0.142298739853913,0.0575964176302158,0.5600817203,0.3511496952,0.3456153868999999,0.0519782598373913,0.5500001907,0.0258160318607142,0.2492877152538461,0.0180047818550714,0.2143322229003289,0.1663033044815384,1.0428420834052632,0.273716330475,0.003893440418576,0.022385966774,0.0482741196907692,100.0,100.0,0.0,100.0,0.0,100.0,0.0,100.0,100.0,100.0,100.0,100.0,100.0,100.0,100.0,100.0,100.0,100.0,100.0,0.0,100.0,100.0,100.0,0.0,100.0,100.0,100.0,100.0,100.0,31.57894736842105,0.0,100.0,100.0,100.0,high_traffic,0
0.016154515551365,0.0244155685072169,0.7296371721444443,4.865527153015136e-05,1.0653750290125,0.0088334692832777,0.6711801108428571,0.09906950100475,0.0078095589353928,0.00599092137419,0.0185370615507142,0.0956856727366666,0.0658754689248571,0.0051810204973699,0.0654285703267142,0.0146339297960355,0.0115219354604833,0.1396848201399285,0.0926162407264788,0.516812860925,0.5402853964133333,0.53573330234,0.0763571381434285,0.4937499761,0.025241883592,0.3567953898466666,0.0180130175138571,0.214241149310258,0.254338947656,1.5352692088923077,0.3583409984416667,0.0036275872464105,0.0226225495305,0.039469812732459,100.0,100.0,0.0,100.0,0.0,100.0,0.0,100.0,100.0,100.0,100.0,100.0,100.0,100.0,100.0,100.0,100.0,100.0,100.0,0.0,100.0,100.0,100.0,0.0,100.0,100.0,100.0,100.0,100.0,15.384615384615389,0.0,100.0,100.0,100.0,high_traffic,0
0.0159870639298759,0.0235160679886437,0.4333512782666666,5.06281852722168e-05,0.4523999213799999,0.0079505102969387,0.46482424732,0.0981779878268321,0.0085422181408819,0.005555207959448,0.0201212598178472,0.0786411591885714,0.0659864395770833,0.0049246140546323,0.0470555358391666,0.0144425237602922,0.0129976234710952,0.1415261394032639,0.0673504105823448,0.49367761605,0.3453948156785714,0.3411428587357143,0.0575069652552777,0.50400006765,0.0226684252366666,0.2557317188357143,0.0166619585575,0.2108501337909434,0.1726828983399999,1.0013529118941178,0.32999510762,0.0034316171668973,0.02318432114,0.0417058409663414,100.0,100.0,0.0,100.0,0.0,100.0,0.0,99.71305595408896,100.0,100.0,100.0,100.0,100.0,100.0,100.0,100.0,100.0,100.0,100.0,0.0,100.0,100.0,100.0,0.0,100.0,100.0,100.0,100.0,100.0,41.1764705882353,0.0,100.0,100.0,100.0,high_traffic,0
0.0159736221799065,0.0230417994167142,0.3710225649571428,5.187392234802246e-05,0.4427142483428571,0.0083064583107547,0.4629998206714285,0.0924181077935902,0.0069239923158181,0.0055712123095865,0.0184239974345244,0.0703170732963636,0.0622669750063636,0.0051228953102807,0.044314689562937,0.0129065769382321,0.0137799961428732,0.1135783095141258,0.0631549672835416,0.5013160704999999,0.3006725419090909,0.2930000044636363,0.0548391575490209,0.46850001805,0.024477958674,0.2090146324318182,0.0164172699355244,0.1839078392792405,0.13186410338,0.8938148351999999,0.2563058799555555,0.0037255677298916,0.0212534155082142,0.0438135419517142,100.0,100.0,0.0,100.0,0.0,100.0,0.0,99.85569985569984,100.0,100.0,100.0,100.0,100.0,100.0,100.0,100.0,100.0,100.0,100.0,0.0,100.0,100.0,100.0,0.0,100.0,100.0,100.0,100.0,100.0,48.14814814814815,0.0,100.0,100.0,100.0,high_traffic,0
0.0162410707067325,0.0235156209675823,0.38432340618,4.80353832244873e-05,0.43220000262,0.0094501543567752,0.45230092998,0.0954465657070254,0.0066017682849115,0.005550572335231,0.0200398779191156,0.0717502762234705,0.0665020018119727,0.0050811767568743,0.0506122452793197,0.0153682607561206,0.0132486820189199,0.1282889550627211,0.0712106483787248,0.4495297908199999,0.3627130564058823,0.3548823243941176,0.0607619009761904,0.42339997286,0.0290579954733333,0.2396618477882353,0.0170772789244217,0.2004611447592593,0.1636007392747059,0.989947390868421,0.26622154708,0.0055528337290291,0.0219718813866666,0.038760448751228,100.0,100.0,0.0,100.0,0.0,100.0,0.0,100.0,100.0,100.0,100.0,100.0,100.0,100.0,100.0,100.0,100.0,100.0,100.0,0.0,100.0,100.0,100.0,0.0,100.0,100.0,100.0,100.0,100.0,36.8421052631579,0.0,100.0,100.0,100.0,high_traffic,0
0.0163468700494912,0.0230705484960669,0.3569842337799999,4.8267841339111325e-05,0.4245999812600001,0.0086746473887422,0.4313384532400001,0.0963820329493151,0.0070512517737266,0.0054717249957549,0.0202682858706474,0.1232791542733333,0.0652350778944604,0.0047281423395125,0.0506402965817266,0.0162961032719983,0.013219472130409,0.132612283248633,0.071224576180922,0.4964733917999999,0.9960320910923076,1.48526669974,0.0608129501210071,0.4706667263666667,0.02305429776,0.5313514264666667,0.0166476973482733,0.201730478859026,0.3940445376066666,1.966368408668421,0.2516545354625,0.0036131824751773,0.0237532854045833,0.0385364897408642,100.0,100.0,0.0,100.0,0.0,100.0,0.0,100.0,100.0,100.0,100.0,100.0,100.0,100.0,100.0,100.0,100.0,100.0,100.0,0.0,84.61538461538461,86.66666666666667,100.0,0.0,100.0,100.0,100.0,100.0,100.0,15.78947368421052,0.0,100.0,100.0,100.0,high_traffic,0
0.0165043996278178,0.0244282367400463,0.35475006098,4.948973655700683e-05,0.43319997782,0.0075346001784403,0.45206871028,0.104229697628195,0.0075325159947112,0.0059730686910078,0.0188715155651408,0.0709204456972727,0.0683515911261267,0.0052429024527821,0.0463662113860563,0.0139460370378964,0.0166800464519278,0.1506136184683802,0.0643638996745578,0.58669774501,0.3160366182086956,0.3087727156181818,0.0565422538223943,0.8349999577222224,0.0202151457413333,0.2031981836272727,0.0178762823295833,0.2242826746402547,0.1280865343768182,1.1610937237968748,0.3021602209411765,0.0074504997035974,0.021504986283,0.0417229731830555,100.0,100.0,0.0,100.0,0.0,100.0,0.0,100.0,100.0,100.0,100.0,100.0,100.0,100.0,100.0,100.0,100.0,100.0,100.0,0.0,100.0,100.0,100.0,0.0,100.0,100.0,100.0,100.0,100.0,28.125,0.0,100.0,100.0,100.0,high_traffic,0
0.0156660702528725,0.0233448900983068,0.3425750996666666,4.980564117431641e-05,0.4281250535999999,0.0092557565801218,0.43362660403,0.0959203297426794,0.0072541187874863,0.0056170878069345,0.0175744066458904,0.0705983513226315,0.067210342774726,0.0049792632305339,0.0434178195528767,0.0150523614407862,0.0122757793995324,0.1304159784659589,0.0603475211329452,0.4559421141333333,0.3255850360047619,0.3297894878894737,0.0534999876735616,0.4438332318666666,0.0254572232526666,0.2377892920315789,0.0170115299585211,0.203047965586708,0.1633361012968421,1.095538475330769,0.2487236022533333,0.0039505660520876,0.02140846252,0.0392548864483636,100.0,100.0,0.0,100.0,0.0,100.0,0.0,99.85754985754986,100.0,100.0,100.0,100.0,100.0,100.0,100.0,100.0,100.0,100.0,100.0,0.0,100.0,100.0,100.0,0.0,100.0,100.0,100.0,100.0,100.0,19.230769230769223,0.0,100.0,100.0,100.0,high_traffic,0
0.0159564313964165,0.0233921281794322,0.4066403706333333,4.993677139282226e-05,0.5136667091999999,0.0087578266594958,0.5182004769333334,0.0942981436302816,0.0072976391317823,0.0055113424646173,0.0189846891889115,0.0759128542457647,0.0653469854372789,0.0049114630408405,0.0399727853729455,0.0120262966168732,0.012854889255,0.1190353704655782,0.0560693518232,0.4346769252999999,0.3551047408823529,0.3527059133823529,0.0500680264912244,0.43140001292,0.0244370778353333,0.2593563584352941,0.0171284143945945,0.1912194622505555,0.1749830806617647,0.9559999616904762,0.277257949075,0.0042495683375536,0.0216286750038095,0.0458734773404761,100.0,100.0,0.0,100.0,0.0,100.0,0.0,100.0,100.0,100.0,100.0,100.0,100.0,100.0,100.0,100.0,100.0,100.0,100.0,0.0,100.0,100.0,100.0,0.0,100.0,100.0,100.0,100.0,100.0,42.85714285714285,0.0,100.0,100.0,100.0,high_traffic,0
0.0158539815834548,0.0232300453688258,0.3542757828666667,5.098581314086914e-05,1.5194285933714284,0.0089887788270995,0.8563441421499999,0.0925742607817566,0.0090334057794428,0.0055896941020927,0.0191650254345,0.0916310611447368,0.0661829658802142,0.005031957624965,0.0455714413033571,0.01576779335887,0.0130306865457321,0.1091458337356428,0.0625174214541843,0.4538879791499999,0.3664322807142857,0.3425789380789473,0.0555642689892857,0.4206666548666666,0.0236143747926666,0.24231372378,0.0167502284007857,0.1824634997701935,0.14664193201,1.3386153689000002,0.2467451095333333,0.003724902866888,0.0219758011014285,0.039130515060862,100.0,100.0,0.0,100.0,0.0,100.0,0.0,99.8533724340176,100.0,100.0,100.0,100.0,100.0,100.0,100.0,100.0,100.0,100.0,100.0,0.0,100.0,100.0,100.0,0.0,100.0,100.0,100.0,100.0,100.0,26.92307692307692,0.0,100.0,100.0,100.0,high_traffic,0
0.0158881477957717,0.0225809723955822,0.33621209855,5.1473959898337336e-05,1.3356000406300002,0.0084451150113957,0.8242583513888889,0.0985088908780059,0.0074199386252028,0.0057942922663744,0.0171504107035217,0.0764042190830434,0.0630135968011594,0.0048755624066666,0.0715072517378261,0.0136009917732879,0.0128834981151846,0.1352388737472463,0.0842512448423188,0.4303803443363636,0.3131500015652174,0.3083043719913043,0.0818260873076086,0.416090900190909,0.0230785369813333,0.2194475816217391,0.0170681932349264,0.2170668083705882,0.1384422260434782,1.4029310618344828,0.2620606868874999,0.0054140654459203,0.0214797417266666,0.0406689056408695,100.0,100.0,0.0,100.0,0.0,100.0,0.0,100.0,100.0,100.0,100.0,100.0,100.0,100.0,100.0,100.0,100.0,100.0,100.0,0.0,100.0,100.0,100.0,0.0,100.0,100.0,100.0,100.0,100.0,10.34482758620689,0.0,100.0,100.0,100.0,high_traffic,0
0.0156221991650163,0.0239782455953141,0.36515140528,4.987120628356934e-05,0.4805000424,0.0094191554703014,0.49281984565,0.0987107659688106,0.0084511686242222,0.0058597102535953,0.0202862262678518,0.0734043771509091,0.065579055848074,0.0049445763604102,0.0446074203143703,0.0129233258244323,0.0173027735454307,0.1503705306828888,0.0629022569493233,0.8631147146,0.37282223697,0.3469090678090909,0.0553407262798518,0.7820000648000001,0.0201696395826666,0.25235186918,0.0171949174627407,0.2176039774806666,0.1757955550918181,1.10637497620625,0.26005797382,0.0056556888974915,0.022512984273,0.0349191394066666,100.0,100.0,0.0,100.0,0.0,100.0,0.0,100.0,100.0,100.0,100.0,100.0,100.0,100.0,100.0,100.0,100.0,100.0,100.0,0.0,100.0,100.0,100.0,0.0,100.0,100.0,100.0,100.0,100.0,31.25,0.0,100.0,100.0,100.0,high_traffic,0
0.0160892504829233,0.0242355042956547,0.4485078917111111,5.324482917785644e-05,0.4562499820625,0.0091341601466666,0.468656063025,0.0939841072791035,0.0077617237023237,0.0059070102044388,0.0198205374941726,0.0726236979106666,0.065629816728705,0.0048612122549095,0.0493597023698561,0.0154888190962217,0.0119594671764102,0.1208315238322302,0.0755243661467626,0.527355968875,0.3760750611066666,0.3730666636933333,0.0599568353156834,0.51349997515,0.0239549636799999,0.2842886765266667,0.0172312122416546,0.1914878912996753,0.2064533868966667,1.1939166555291667,0.2933322701714286,0.0037241068740497,0.0233241915675,0.045154003865238,100.0,100.0,0.0,100.0,0.0,100.0,0.0,100.0,100.0,100.0,100.0,100.0,100.0,100.0,100.0,100.0,100.0,100.0,100.0,0.0,100.0,100.0,100.0,0.0,100.0,100.0,100.0,100.0,100.0,12.5,0.0,100.0,100.0,100.0,high_traffic,0
0.0165982747313586,0.0252391414294845,0.481244564,4.900097846984864e-05,0.7843333879666666,0.005984663963,0.8026401201333333,0.097515221375416,0.0071725997507092,0.0061027676937391,0.0200725531697872,0.1009357486335714,0.0654527210919858,0.0051475491004974,0.054999999084539,0.0137637590411956,0.0118406042436562,0.1270382488518439,0.0715798306875352,0.5166983604000001,0.73669923116,0.8216667010333333,0.0656028453129787,0.488250136325,0.0229279143414285,0.3893108024071429,0.0177940734632394,0.205000163562,0.28422592295,1.44679997735,0.31953091616,0.0036416436934596,0.0221189657816666,0.0442567253058,100.0,100.0,0.0,100.0,0.0,100.0,0.0,99.7080291970803,100.0,100.0,100.0,100.0,100.0,100.0,100.0,100.0,100.0,100.0,100.0,0.0,86.66666666666667,86.66666666666667,100.0,0.0,100.0,100.0,100.0,100.0,100.0,30.0,0.0,100.0,100.0,100.0,high_traffic,0
0.0160754460801351,0.0235828148654911,0.3523372278777777,5.196928977966309e-05,0.4253333144111111,0.0086383239384752,0.4569942685888889,0.1023128055737122,0.0088790026853783,0.0056951315098554,0.0211097324170945,0.07803875207375,0.0661017846296621,0.0051558040643461,0.0406959395094324,0.0114538700653013,0.0159710148941111,0.1500003224751351,0.0619938103263333,0.468990743125,0.3601050674375,0.3557499944625,0.0507837823856081,0.4465000032749999,0.0219858328453333,0.25333668286875,0.0165145873983333,0.2191521901643559,0.172370314565,1.185359999096,0.2746878586846154,0.0036818897502586,0.0243003070324999,0.0338720273236231,100.0,100.0,0.0,100.0,0.0,100.0,0.0,100.0,100.0,100.0,100.0,100.0,100.0,100.0,100.0,100.0,100.0,100.0,100.0,0.0,100.0,100.0,100.0,0.0,100.0,100.0,100.0,100.0,100.0,12.0,0.0,100.0,100.0,100.0,high_traffic,0
0.0159247601183582,0.0235280563921048,0.33704084155,5.0568580627441405e-05,0.460500061475,0.0088899445590185,0.47683078045,0.0980148285389445,0.0091667334225333,0.00575538802783,0.0209170516290666,0.0837782691405882,0.0653383318486,0.0050287212635095,0.0498999977028666,0.0151356385692373,0.0129517775287538,0.1350997797304,0.0695620498813245,0.6902190843833332,0.3464979002882353,0.3454117494058823,0.0608133284140666,0.6558334032166667,0.0229838848066666,0.2527870570411764,0.0176264683367333,0.2059939137921212,0.1633125893864705,1.219708291075,0.3622420072,0.0052696011267254,0.02149969339,0.038249054257258,100.0,100.0,0.0,100.0,0.0,100.0,0.0,99.86130374479887,100.0,100.0,100.0,100.0,100.0,100.0,100.0,100.0,100.0,100.0,100.0,0.0,100.0,100.0,100.0,0.0,100.0,100.0,100.0,100.0,100.0,29.16666666666667,0.0,100.0,100.0,100.0,high_traffic,0
0.015867098133364,0.0245400025256706,0.3760397698666666,5.707144737243652e-05,0.4490000406444444,0.0087706780414,0.4660275246777778,0.1006287521477332,0.0068669352029241,0.0059524641855603,0.0180123444213103,0.09184673853,0.0669261406116551,0.004984606765239,0.0457034423369655,0.012560380880788,0.0132535391045465,0.1536244474247586,0.0605671079099315,0.45578031534,0.3845438275571428,0.3764286040619047,0.0562689715323448,0.4313999652199999,0.0269493102986666,0.2536803086095238,0.0176656968119014,0.2235718369075625,0.1564047109204762,1.131870950767742,0.2652815304769231,0.003695087772134,0.0222716416571428,0.0467719424810909,100.0,100.0,0.0,100.0,0.0,100.0,0.0,100.0,100.0,100.0,100.0,100.0,100.0,100.0,100.0,100.0,100.0,100.0,100.0,0.0,100.0,100.0,100.0,0.0,100.0,100.0,100.0,100.0,100.0,22.58064516129032,0.0,100.0,100.0,100.0,high_traffic,0
0.0159872843727488,0.022452747425277,0.8839288928000001,4.850029945373536e-05,1.1938571570142855,0.0081589259995212,0.6937932014,0.0958601716039443,0.0080153371236478,0.0053363644567037,0.0191695068882394,0.0694386080600526,0.0660438520694366,0.005278344200599,0.0467887310833521,0.0173630303858746,0.0130358537011733,0.1270847689604929,0.0708121600080821,0.6125559203,0.324004107,0.3287894474368421,0.0569436734738732,0.5802500225999999,0.0182844002993333,0.2313036918105263,0.0179267366119014,0.1999487830948407,0.1474857706431579,1.290639970348,0.4416335423222222,0.0069205583020339,0.022670769688,0.0338296741196875,100.0,100.0,0.0,100.0,0.0,100.0,0.0,100.0,100.0,100.0,100.0,100.0,100.0,100.0,100.0,100.0,100.0,100.0,100.0,0.0,100.0,100.0,100.0,0.0,100.0,100.0,100.0,100.0,100.0,36.0,0.0,100.0,100.0,100.0,high_traffic,0
0.0161859507822535,0.0235809899910376,0.3752125330857143,5.035996437072754e-05,0.4557142938571429,0.0085184004615668,0.4588184015571429,0.097443466767058,0.0083991020481197,0.0058268675665681,0.0204487283425352,0.0742102596405555,0.0654572668092957,0.0051343252150742,0.0479859130405633,0.0145484244129681,0.0138247433796029,0.1323096667866197,0.0671501584131506,0.4980719684999999,0.37296121645,0.3681111198111111,0.0581690156866197,0.479999899825,0.0220195929166666,0.2812683316833333,0.0169810392441549,0.2027531687273248,0.2024643420833333,1.0398636265772725,0.2492446031818182,0.0037943229329213,0.0222514976127272,0.03603052714,100.0,100.0,0.0,100.0,0.0,100.0,0.0,100.0,100.0,100.0,100.0,100.0,100.0,100.0,100.0,100.0,100.0,100.0,100.0,0.0,100.0,100.0,100.0,0.0,100.0,100.0,100.0,100.0,100.0,31.818181818181813,0.0,100.0,100.0,100.0,high_traffic,0
0.0154086956814037,0.0227271056405754,0.3376873969599999,5.132555961608887e-05,0.4205555120666666,0.0087823978961139,0.4309672779222222,0.0983544741242412,0.007772946187468,0.0055086604471793,0.0208497757561702,0.0807667705688889,0.0642378127224822,0.0048739981287412,0.0542553130541134,0.0130859231781632,0.0149962419164936,0.1387327596320567,0.0767832943960563,0.47968071695,0.3274992968833333,0.3237777815444445,0.0653120625839007,0.462000012375,0.0207349141386666,0.2359592384277777,0.0175297075548591,0.2089104896475641,0.1521443790494444,1.056190465204762,0.2523806278,0.0037325035429181,0.0213995547480952,0.0373204998301449,100.0,100.0,0.0,100.0,0.0,100.0,0.0,100.0,100.0,100.0,100.0,100.0,100.0,100.0,100.0,100.0,100.0,100.0,100.0,0.0,100.0,100.0,100.0,0.0,100.0,100.0,100.0,100.0,100.0,23.80952380952381,0.0,100.0,100.0,100.0,high_traffic,0
0.0162917585692553,0.0245375059470449,0.3448603947333333,5.5390596389770505e-05,0.4413332938666667,0.0089529636816527,0.4581844011333333,0.0966434458336455,0.0066987949150612,0.005936524646687,0.0177863438880272,0.0771235552654545,0.0649520653341496,0.0049228875524251,0.0546122327049659,0.0158307813140708,0.0135979523500135,0.1382043296423129,0.0744734712421621,0.4713982172857142,0.3809433633090908,0.3756363608181818,0.0654761953310884,0.4495714391142857,0.0251552581746666,0.2832559671818181,0.0171733972933333,0.2077811691093826,0.204344901130909,1.253833343627778,0.2571558735090909,0.0041518514794295,0.0228908252688,0.0471759637131372,100.0,100.0,0.0,100.0,0.0,100.0,0.0,100.0,100.0,100.0,100.0,100.0,100.0,100.0,100.0,100.0,100.0,100.0,100.0,0.0,100.0,100.0,100.0,0.0,100.0,100.0,100.0,100.0,100.0,5.555555555555557,0.0,100.0,100.0,100.0,high_traffic,0
0.0156887627044756,0.0232325106670847,0.52448744768,5.3387880325317386e-05,0.5712500214,0.0086724612533091,0.57411708828,0.1005446546389064,0.0082304288207218,0.005477772671059,0.0187923071353642,0.0939104027155555,0.0657191529066887,0.0049744228222415,0.0476953935857615,0.0140222225169403,0.0112878686900337,0.1533615051956953,0.0714892109365563,0.4966356754,0.41626482005,0.4168888462444444,0.0578609160142384,0.50099992745,0.0246328285714285,0.3198271856888889,0.0167400135671895,0.2234502618579394,0.2219061056211111,1.2605333302333332,0.3439840929428571,0.0037653836324236,0.0218995050913636,0.038192561264125,100.0,100.0,0.0,100.0,0.0,100.0,0.0,100.0,100.0,100.0,100.0,100.0,100.0,100.0,100.0,100.0,100.0,100.0,100.0,0.0,100.0,100.0,100.0,0.0,100.0,100.0,100.0,100.0,100.0,20.0,0.0,100.0,100.0,100.0,high_traffic,0
0.0161259255338025,0.0237625466865162,0.4813434395857143,5.3095817565917966e-05,0.5856666947999999,0.0089329195503125,0.6145517819333334,0.0956539707823592,0.0085329504767956,0.0057273410543263,0.0194116160774452,0.0743915012864285,0.0656495859924087,0.0049813761921421,0.0469562032718248,0.0129440101320102,0.0155934439733333,0.1187768626017518,0.0669916591653623,0.5324985980333333,0.3754671811428571,0.3702142919285714,0.0573211829930657,0.5016667047666666,0.019644689554,0.2683967351357142,0.0176124398681751,0.1897764629034868,0.187824623895,1.160526310526316,0.33575808998,0.0038208441288998,0.0217928886391304,0.038952488642807,100.0,100.0,0.0,100.0,0.0,100.0,0.0,100.0,100.0,100.0,100.0,100.0,100.0,100.0,100.0,100.0,100.0,100.0,100.0,0.0,100.0,100.0,100.0,0.0,100.0,100.0,100.0,100.0,100.0,26.315789473684205,0.0,100.0,100.0,100.0,high_traffic,0
0.0166748392667731,0.0231443407810872,0.4790541529125,4.993081092834473e-05,0.5291250049625,0.0084404193825,0.5558715159375,0.09794682721371,0.0064188902314532,0.005550157765002,0.0191122113328776,0.0726069776589473,0.064865077989928,0.00536279822,0.0471582635609352,0.0117715737803548,0.0124633896995283,0.1317513897759712,0.0718686321360145,0.45231246944,0.3573664363526316,0.3570000246473684,0.0572949604920143,0.4386000155799999,0.0263132572133333,0.2620765158578947,0.0175980982078102,0.2019780657103896,0.1843669037726315,1.0957727520636364,0.2795757329846154,0.0071588776315217,0.0223290378372727,0.0481213744753061,100.0,100.0,0.0,100.0,0.0,100.0,0.0,100.0,100.0,100.0,100.0,100.0,100.0,100.0,100.0,100.0,100.0,100.0,100.0,0.0,100.0,100.0,100.0,0.0,100.0,100.0,100.0,100.0,100.0,27.272727272727263,0.0,100.0,100.0,100.0,high_traffic,0
0.0156912996736604,0.0242929640979855,0.3698796430833333,4.752278327941894e-05,0.4436666965,0.0119767333502424,0.4502683480166666,0.0929628648359826,0.0075062488332027,0.0058378036550264,0.0174614082633776,0.0983465512466666,0.0677229674453146,0.0052233329536206,0.0431468670123776,0.0114455929703951,0.0153393710330441,0.1135427668075524,0.0609250249449655,0.4612029393,0.3793530463666667,0.3726665973,0.0533146891478321,0.4493332703666666,0.0242484410553333,0.2696764468583333,0.0167226057745454,0.1876598852662025,0.1659283041608333,1.1593683978210527,0.2558155059333333,0.0035121653747507,0.0230812159418181,0.0406834804048076,100.0,100.0,0.0,100.0,0.0,100.0,0.0,100.0,100.0,100.0,100.0,100.0,100.0,100.0,100.0,100.0,100.0,100.0,100.0,0.0,100.0,100.0,100.0,0.0,100.0,100.0,100.0,100.0,100.0,15.78947368421052,0.0,100.0,100.0,100.0,high_traffic,0
0.0160861195735684,0.0221088803182884,0.40178036686,5.028843879699707e-05,0.4474999506666666,0.0081885006176282,0.4757000604833333,0.0913771772749373,0.0087799784051666,0.0056188325280674,0.0190971225888405,0.0741260647733333,0.0654197119185507,0.0051997406303181,0.0470579707025362,0.0110199714316844,0.0125480044246935,0.1055840633631159,0.0675754547012318,0.4923285642666666,0.3555470704416666,0.3492499986833333,0.0574202934821014,0.4676667054,0.0213973522126666,0.250104407425,0.0175449381663043,0.1792255133207843,0.1724987029766666,1.0932857115714285,0.2578192551444445,0.0065265556537428,0.0223014593085,0.0375605445110526,100.0,100.0,0.0,100.0,0.0,100.0,0.0,100.0,100.0,100.0,100.0,100.0,100.0,100.0,100.0,100.0,100.0,100.0,100.0,0.0,100.0,100.0,100.0,0.0,100.0,100.0,100.0,100.0,100.0,21.42857142857143,0.0,100.0,100.0,100.0,high_traffic,0
0.0171985070137699,0.0244858382786785,0.4179293155,4.857182502746582e-05,0.48659996982,0.009216705169995,0.507771909175,0.0990173618809866,0.0134286033915072,0.0058093701080821,0.0203127152636231,0.0760750997580952,0.0641493227062318,0.0051108117044242,0.0415144882255072,0.0151553437338868,0.0165254079343076,0.1313960776492029,0.0575538712941134,0.4476493199,0.33534382577,0.3336666765142858,0.0521956682139855,0.4288571221142857,0.0183604876153333,0.2407409235952381,0.0171512600359859,0.2005168191357516,0.1613478092628571,0.9994999690038462,0.2704215049333333,0.0035788289126235,0.0221616268125,0.0384981632183333,100.0,100.0,0.0,100.0,0.0,100.0,0.0,100.0,100.0,100.0,100.0,100.0,100.0,100.0,100.0,100.0,100.0,100.0,100.0,0.0,100.0,100.0,100.0,0.0,100.0,100.0,100.0,100.0,100.0,34.61538461538461,0.0,100.0,100.0,100.0,high_traffic,0
0.0165944546891384,0.024484856060639,0.3697361945714285,5.021095275878906e-05,0.43249992525,0.0084450928873524,0.4528605142666667,0.0983226820121342,0.0068540836189931,0.0058686808570214,0.0201383541330344,0.0970340750304545,0.0650124138684827,0.0050204579414487,0.0523310250153793,0.0145456719788014,0.0123571350739324,0.1377468766282759,0.0772243901321232,0.5033076762800001,0.3624947178863636,0.3595908988227272,0.0626689647675862,0.48039994234,0.026683998104,0.2577449949818181,0.0173748624693103,0.2077455043315625,0.1535195437095455,1.006346168196154,0.2760081092083333,0.0037942220412639,0.0224282564922222,0.040554144160909,100.0,100.0,0.0,100.0,0.0,100.0,0.0,100.0,100.0,100.0,100.0,100.0,100.0,100.0,100.0,100.0,100.0,100.0,100.0,0.0,100.0,100.0,100.0,0.0,100.0,100.0,100.0,100.0,100.0,42.30769230769231,0.0,100.0,100.0,100.0,high_traffic,0
0.0159678071804258,0.0240671450227206,0.2608616352,4.873871803283692e-05,0.68299996845,0.0084091435761363,0.7029213905,0.0967446854779225,0.008426713604007,0.0055650277678842,0.019662501959929,0.0783690105736363,0.0670220040162411,0.0051577387746069,0.0453262312121276,0.0127834435348975,0.013856129565459,0.1298970770013475,0.0640403134371428,0.47209811206,0.3790965730181818,0.3780908584,0.055333330267234,0.44860005374,0.0200861930806666,0.2648768641181818,0.0176020716901418,0.2014465499753205,0.1847257396936363,1.1248000271666667,0.27448725694,0.0036989980263462,0.022783756253913,0.0378894130341666,100.0,100.0,100.0,100.0,0.0,100.0,0.0,100.0,100.0,100.0,100.0,100.0,100.0,100.0,100.0,100.0,100.0,100.0,100.0,0.0,100.0,100.0,100.0,0.0,100.0,100.0,100.0,100.0,100.0,26.66666666666667,0.0,100.0,100.0,100.0,high_traffic,0
0.0161235392723696,0.0239559818060731,0.3715561116857143,4.8607587814331055e-05,0.5549999641428571,0.0085188999762437,0.5765977922428572,0.1002721242549665,0.008149292450695,0.0056287075247644,0.0196467561882978,0.0819489772427692,0.0647701929558865,0.0054118717976142,0.0420993016900709,0.0120389398204617,0.0155208520554375,0.146118436260922,0.0667979734050354,0.6856776078000001,0.3749586435076922,0.3760769366769231,0.0528085197895035,0.6666665871333333,0.0191834483778571,0.263655607476923,0.0179350342507746,0.2157661406271613,0.1717688119953846,1.2516111100055556,0.3050497258857143,0.0034358794217148,0.0213187005759259,0.0347377364869491,100.0,100.0,0.0,100.0,0.0,100.0,0.0,99.85380116959064,100.0,100.0,100.0,100.0,100.0,100.0,100.0,100.0,100.0,100.0,100.0,0.0,100.0,100.0,100.0,0.0,100.0,100.0,100.0,100.0,100.0,16.66666666666667,0.0,100.0,100.0,100.0,high_traffic,0
0.0158148903686448,0.0226941714378695,0.2608616352,5.571246147155762e-05,4.148999925,0.008968651722446,1.70739388,0.0985731378983973,0.0078943892778251,0.0054979307674705,0.0179384938448951,0.0808532919135714,0.065805571882937,0.0053956250240886,0.0446293687423776,0.0133728239693036,0.0136983864210454,0.1521714800345454,0.0652511119718881,0.45538350935,0.38325807248,0.3757856913285714,0.0544965033693706,0.4365713595571429,0.026036167138,0.2792753661928571,0.0172210808411034,0.221383648543038,0.1928234610899999,1.2435882209235292,0.2623926911428572,0.0061184623010261,0.021417188641,0.04477990434,100.0,100.0,100.0,100.0,0.0,100.0,0.0,100.0,100.0,100.0,100.0,100.0,100.0,100.0,100.0,100.0,100.0,100.0,100.0,0.0,100.0,100.0,100.0,0.0,100.0,100.0,100.0,100.0,100.0,35.294117647058826,0.0,100.0,100.0,100.0,high_traffic,0
0.0161529396806925,0.0222745773367566,0.3641606568833333,4.895925521850586e-05,0.4598000526,0.0089667032877417,0.47118153566,0.0979327505380903,0.0079453677829242,0.0055044639770102,0.0200642762716666,0.0766012949005882,0.0655766291950757,0.0052046614377708,0.0459545381061363,0.012156203534592,0.0163649284445454,0.1316441351318182,0.0644920415622058,0.45978397125,0.3543641248866667,0.3435293926529412,0.0561818119164393,0.45499992368,0.020612414674,0.2527456283117647,0.0171060399530303,0.201291087495034,0.1722881513147058,0.998800048745,0.2650193517272727,0.0056815884313623,0.0208380103075,0.0336475191648484,100.0,100.0,0.0,100.0,0.0,100.0,0.0,100.0,100.0,100.0,100.0,100.0,100.0,100.0,100.0,100.0,100.0,100.0,100.0,0.0,100.0,100.0,100.0,0.0,100.0,100.0,100.0,100.0,100.0,35.0,0.0,100.0,100.0,100.0,high_traffic,0
0.015485124744924,0.0243799176412285,0.36045961374,4.832744598388672e-05,0.4576000213,0.0119797976091304,0.48930516238,0.0922607297793206,0.0076511863125714,0.0058107854920598,0.0183763925678911,0.07607496868,0.0664345488148979,0.0050692915329033,0.0441836661974149,0.0144287665726564,0.0107483650929285,0.1188803935188435,0.0604332637021621,0.52425527568,0.4045673716818182,0.3950000242454545,0.0543741401273469,0.49999995228,0.0232433001153333,0.306454289990909,0.0178134116954421,0.1915050406153703,0.2260268600990908,1.2851111308444445,0.30557088846,0.003855780550139,0.0230117695642857,0.0450145006116666,100.0,100.0,0.0,100.0,0.0,100.0,0.0,100.0,100.0,100.0,100.0,100.0,100.0,100.0,100.0,100.0,100.0,100.0,100.0,0.0,100.0,100.0,100.0,0.0,100.0,100.0,100.0,100.0,100.0,5.555555555555557,0.0,100.0,100.0,100.0,high_traffic,0
0.0160484225204207,0.0234249473257398,0.38761067385,5.030632019042969e-05,0.46074998375,0.0083123385901666,0.4815639256999999,0.0942968790213023,0.0080844155180583,0.0056459478913373,0.0211599725839416,0.0733588486868749,0.0658922125703649,0.0049738666118071,0.0436788336118978,0.0114784193916527,0.0147072763111818,0.1226029413105839,0.0590858561555,0.4604227542599999,0.3641111999312499,0.35862502450625,0.0536934198156204,0.4411999702,0.018517208094,0.267852500025,0.0175228292880291,0.1936689520774342,0.190298199624375,1.1937143191666666,0.2531799352538461,0.0050951654248365,0.0232617139765,0.0438507503886666,100.0,100.0,0.0,100.0,0.0,100.0,0.0,100.0,100.0,100.0,100.0,100.0,100.0,100.0,100.0,100.0,100.0,100.0,100.0,0.0,100.0,100.0,100.0,0.0,100.0,100.0,100.0,100.0,100.0,14.285714285714292,0.0,100.0,100.0,100.0,high_traffic,0
0.0160940747522186,0.0231057378642235,0.4059292475,5.67317008972168e-05,0.5086666742666667,0.0077966648137032,0.5216514269,0.0976213060506503,0.0085692388411739,0.0055002521754747,0.0198932143176811,0.0671257177933333,0.0672019961847101,0.0047880567676717,0.0516086989475362,0.0172389844691881,0.0157397433860447,0.1351331437507971,0.0746457386574637,0.6060633058,0.3924522598,0.390999992625,0.0616232035733333,0.587999998025,0.020808712636,0.2837050358,0.0175217666447826,0.2057659391855555,0.2093851367258333,1.21293753253125,0.3443829331714285,0.0054801346950221,0.022429251667,0.0409911027704878,100.0,100.0,0.0,100.0,0.0,100.0,0.0,100.0,100.0,100.0,100.0,100.0,100.0,100.0,100.0,100.0,100.0,100.0,100.0,0.0,100.0,100.0,100.0,0.0,100.0,100.0,100.0,100.0,100.0,31.25,0.0,100.0,100.0,100.0,high_traffic,0
0.0160015275895531,0.0241661264014689,0.422817707,4.97281551361084e-05,0.5069999694,0.0088740595559335,0.5366561412,0.1006697591561631,0.0073512126645517,0.0058027071268442,0.0202598999246896,0.1154330287471428,0.0635929896788276,0.0051751695017853,0.0521517260236551,0.0165156572321552,0.0150153574156184,0.1462993999626896,0.0792565281208108,0.3991122245444444,1.1990041315333333,2.039000058755556,0.0620965480702069,0.3841429096857143,0.0187156836146666,0.6295244506057144,0.0177759193352739,0.216289277336625,0.489939466885,2.195588250129412,0.2308657433666666,0.0035321447569205,0.02122849225625,0.0378789696156896,100.0,100.0,0.0,100.0,0.0,100.0,0.0,100.0,100.0,100.0,100.0,100.0,100.0,100.0,100.0,100.0,100.0,100.0,100.0,0.0,66.66666666666666,61.11111111111112,100.0,0.0,100.0,100.0,100.0,100.0,100.0,11.764705882352942,0.0,100.0,100.0,100.0,high_traffic,0
0.0160842862019956,0.0227416491638214,1.51849174174,4.317164421081543e-05,1.7618333463166669,0.0076531569154285,1.6444868048,0.0996055480361854,0.0090883911234554,0.0068788348441073,0.0188542498171188,0.0854944160914285,0.065990922460792,0.004342589817234,0.0829207944093069,0.0164427474683989,0.01549539714725,0.1048816336095049,0.1085100716535643,3.03849911,0.3523774827714285,0.3482858112285714,0.0935346607261386,3.62800002,0.01655483245,0.2414784431157143,0.0168395018769306,0.1974060470054054,0.14956913673,2.401555508777778,0.28931369776,0.0062824075028968,0.0228433299911111,0.0476225904451351,100.0,100.0,100.0,100.0,100.0,100.0,100.0,99.80276134122288,100.0,100.0,100.0,100.0,100.0,100.0,100.0,100.0,100.0,100.0,100.0,0.0,100.0,100.0,100.0,0.0,0.0,100.0,100.0,100.0,100.0,88.88888888888889,100.0,100.0,100.0,100.0,temporal1,0
0.0166200866343795,0.0204675839457191,0.3078720568999999,4.465579986572266e-05,0.4610000848,0.0081153805560074,0.4709706306,0.0959371191099891,0.0086096551671333,0.0061736978320533,0.0177372561519111,0.1224753856483333,0.0670788288008889,0.0046688098167,0.0496555434234777,0.014041192461717,0.0185005792968172,0.115722833718,0.0667402479287777,3.0118694233333336,0.4076263109333333,0.40616667265,0.0595888773494444,3.554666593333333,0.02667689323,0.295720418255,0.0167964617368888,0.1899524259201,0.1713726917433333,2.728333352383333,0.23621416085,0.0033189876396815,0.0212987831633333,0.0418525609054545,100.0,100.0,100.0,100.0,100.0,100.0,100.0,100.0,100.0,100.0,100.0,100.0,100.0,100.0,100.0,100.0,100.0,100.0,100.0,0.0,100.0,100.0,100.0,0.0,0.0,100.0,100.0,100.0,100.0,50.0,100.0,100.0,100.0,100.0,temporal1,0
0.0162094450242732,0.0202337607967721,2.3083828859999995,4.361271858215332e-05,2.8832857214285714,0.0086367265737045,2.5262910466666666,0.0964099219933858,0.0085733033504594,0.0062976549327147,0.0182605208533378,0.0803835590566666,0.0687864986514864,0.0054988533837352,0.0406351282717567,0.0141014834480214,0.0121747285866153,0.1010395191645946,0.0565760651039189,3.002107216666667,0.3117146094083333,0.3081666627916666,0.050675685331081,3.537333326666667,0.01303982734,0.2122235496375,0.0173139153254054,0.1845618412434568,0.1298524339683333,3.050538444461538,0.2558788299,0.0034501552572689,0.0222551368495238,0.04108376800625,100.0,100.0,100.0,100.0,85.71428571428571,100.0,83.33333333333333,99.74683544303798,100.0,100.0,100.0,100.0,100.0,100.0,100.0,100.0,100.0,100.0,100.0,0.0,100.0,100.0,100.0,0.0,0.0,100.0,100.0,100.0,100.0,69.23076923076923,100.0,100.0,100.0,100.0,temporal1,0
0.0157895551860336,0.0234531671408172,2.0496536435625,5.102753639221192e-05,2.133999970125,0.0091393354540966,2.145152891725,0.1048463245195931,0.0086176298745608,0.0061668814142899,0.0184654980049189,0.0666649076633333,0.0669241531349324,0.0042895539744481,0.0478445855259459,0.0165172223475617,0.0123835430318494,0.1444651983585135,0.0683064380630872,3.007097476,0.3292478719833334,0.3236111534444444,0.0584999854417567,3.82450004,0.0178181648239999,0.2308301660377777,0.0172542655749324,0.2133603328235975,0.16129344036,2.7023889049833336,0.2547783851111111,0.005186911138543,0.022654928264375,0.0413570290461904,100.0,100.0,100.0,100.0,100.0,100.0,100.0,100.0,100.0,100.0,100.0,100.0,100.0,100.0,100.0,100.0,100.0,100.0,100.0,0.0,100.0,100.0,100.0,0.0,0.0,100.0,100.0,100.0,100.0,72.22222222222223,100.0,100.0,100.0,100.0,temporal1,0
0.0163665183150649,0.0199092461782835,1.6636016323,4.347562789916992e-05,1.781999982833333,0.0082828806540201,1.7832140872666666,0.1018686436893356,0.0087971572403373,0.0061574769954831,0.0201085992567349,0.064872004759909,0.066587726746506,0.0061493921668151,0.0428072372043373,0.0155705468387089,0.0139238366028749,0.118988335822771,0.0603555455173494,3.00773914,0.3392235365181819,0.3351817780818182,0.0526867573428915,3.5773332866666663,0.016746461385,0.2360015565363636,0.0170947471255421,0.1933060158443478,0.1693928024690909,2.173454586227273,0.2656756241333333,0.0045488476744555,0.0231554616563636,0.043223559851875,100.0,100.0,100.0,100.0,100.0,100.0,100.0,100.0,100.0,100.0,100.0,100.0,100.0,100.0,100.0,100.0,100.0,100.0,100.0,0.0,100.0,100.0,100.0,0.0,0.0,100.0,100.0,100.0,100.0,72.72727272727272,100.0,100.0,100.0,100.0,temporal1,0
0.0153938676947971,0.0206023174149112,2.52585673,4.410743713378906e-05,3.927400008,0.0080389221106435,2.1473120409,0.0978608349842857,0.0096089001526703,0.0061266088919441,0.0170878394580989,0.0709988203872727,0.0649921658181318,0.0066557876928091,0.0540549545401098,0.0166495759665733,0.0144110955268125,0.1199713119862637,0.0770807595849999,3.009925,0.3060495486076923,0.2991817213818182,0.0647802143195604,3.559999815,0.01563096046,0.2160713455545455,0.0166516800679166,0.1959454469992079,0.1433744647118181,2.395416694933333,0.21484506125,0.0042220190447534,0.0225348014042307,0.0393157946386842,100.0,100.0,100.0,100.0,60.0,100.0,75.0,100.0,100.0,100.0,100.0,100.0,100.0,100.0,100.0,100.0,100.0,100.0,100.0,0.0,100.0,100.0,100.0,0.0,0.0,100.0,100.0,100.0,100.0,75.0,100.0,100.0,100.0,100.0,temporal1,0
0.0163740300197463,0.0225066349392759,0.811925350875,4.338622093200684e-05,0.901249943125,0.009019361064104,0.9103291014,0.099171886452912,0.0106422923844857,0.0063120983747651,0.0164616584737523,0.080536699282,0.0685652551074285,0.0047900228685838,0.0539238225747619,0.013734139580244,0.0119855251041153,0.1097797870390476,0.0761860506743809,3.013330373333333,0.5487260093699999,0.5489000557899999,0.065390468768,3.564666663333333,0.01738595962,0.313599300027,0.0182825928598095,0.1853433066018965,0.221511888453,2.36509999869,0.2628536224,0.0028226562561984,0.0226908683746666,0.04332305788425,100.0,100.0,100.0,100.0,100.0,100.0,100.0,100.0,100.0,100.0,100.0,100.0,100.0,100.0,100.0,100.0,100.0,100.0,100.0,0.0,100.0,100.0,100.0,0.0,0.0,100.0,100.0,100.0,100.0,70.0,100.0,100.0,100.0,100.0,temporal1,0
0.0171448802020047,0.0201812848083168,1.7841047000999997,4.723668098449707e-05,2.0278333385,0.0082750428790151,2.0405743883833334,0.1027135245251603,0.0091930845717419,0.005805519656812,0.018587294441258,0.1057515740207499,0.0649119474452688,0.0042171514116917,0.0465806479047311,0.011738719680107,0.0156112663297936,0.1275795556956989,0.0636361516827204,3.002529855,0.588816106025,1.0767692228,0.0562043266812903,3.537500015,0.01637804508,0.3218847115283333,0.0168227816104301,0.1963837076942718,0.210947970515,2.7627499867916665,0.3097178140833333,0.0041767195153025,0.023845899102,0.0388194199203448,100.0,100.0,100.0,100.0,100.0,100.0,100.0,100.0,100.0,100.0,100.0,100.0,100.0,100.0,100.0,100.0,100.0,100.0,100.0,0.0,100.0,100.0,100.0,0.0,0.0,100.0,100.0,100.0,100.0,83.33333333333333,100.0,100.0,100.0,100.0,temporal1,0
0.0191693765982388,0.0241050162178788,1.7238561382285715,4.425644874572754e-05,1.824428554328572,0.0109640210850937,1.8314851670571424,0.1043100211021649,0.008537671049,0.0060298459173749,0.0188650972086554,0.085456028569375,0.0643678532941891,0.0066089989993396,0.0514324371762162,0.0143314497039238,0.01368753671343,0.1127562957581081,0.0697570247007382,3.00367804,0.37498578424375,0.37081249053125,0.0617297307728378,3.954666728333333,0.0161131858759999,0.2679560929,0.0178595926268243,0.1881672303505487,0.17998823519625,3.0616250156437497,0.2421079362714286,0.0051260693306652,0.0235711336080555,0.0383727412909615,100.0,100.0,100.0,100.0,100.0,100.0,100.0,100.0,100.0,100.0,100.0,100.0,100.0,100.0,100.0,100.0,100.0,100.0,100.0,0.0,100.0,100.0,100.0,0.0,0.0,100.0,100.0,100.0,100.0,62.5,100.0,100.0,100.0,100.0,temporal1,0
0.015831073122326,0.0224170011942619,1.6270088324000005,4.385709762573242e-05,1.7616665330999997,0.0092644217102565,1.7705811613666664,0.0979366965151591,0.0082501667287235,0.006179597897985,0.0175241590472357,0.0950380238418182,0.0637928121355284,0.0048753253191637,0.0418861726369512,0.0130733303848021,0.0203309155432222,0.1226429783971544,0.060304157124878,3.011311165,0.4114191098181818,0.4078181656454545,0.0515121928961788,3.590499995,0.013403058045,0.3026776096545455,0.0169011073341463,0.1929848529229629,0.2055369290181818,1.8938181597,0.2201262314666666,0.0040922210756974,0.0234798959292857,0.0401467134504166,100.0,100.0,100.0,100.0,100.0,100.0,100.0,99.83249581239532,100.0,100.0,100.0,100.0,100.0,100.0,100.0,100.0,100.0,100.0,100.0,0.0,100.0,100.0,100.0,0.0,0.0,100.0,100.0,100.0,100.0,81.81818181818181,100.0,100.0,100.0,100.0,temporal1,0
0.015576916884578,0.0193021659822181,2.277733083333333,4.385709762573242e-05,2.4130000233333333,0.0105478366199166,2.419373586666667,0.0939464574337823,0.007952639634847,0.0061073023709788,0.0184585795638941,0.0952945152858333,0.0656608749742352,0.005021611520471,0.0546117782491764,0.0164594612253559,0.0212793399853229,0.1086446172877647,0.0777925379029411,3.0029612125,0.3561315337333333,0.3536666631333333,0.0645058940307058,3.54900002,0.01550340652,0.2511135339333333,0.0163260684248235,0.1834048362060638,0.1507137417483333,2.4790000302333337,0.2373313108333333,0.0044260073671626,0.0239895880191666,0.0373516662656756,100.0,100.0,100.0,100.0,100.0,100.0,100.0,100.0,100.0,100.0,100.0,100.0,100.0,100.0,100.0,100.0,100.0,100.0,100.0,0.0,100.0,100.0,100.0,0.0,0.0,100.0,100.0,100.0,100.0,66.66666666666666,100.0,100.0,100.0,100.0,temporal1,0
0.0166722123735529,0.0198193205895484,1.9670273805000005,4.366636276245117e-05,2.0688333084,0.0092304700439038,2.078343068466667,0.0975020739759263,0.0105405648535698,0.0061204167476741,0.0185896709357634,0.074272060383,0.0627638268106451,0.0045135236315864,0.0430860391164516,0.0133653469092985,0.0176953315697538,0.1041036010916129,0.0657455946721505,3.0048012075,0.34252116676,0.33780000206,0.0527741908949462,3.555000005,0.015520930285,0.235639285988,0.015944878256344,0.1754225642538834,0.1515868424939999,3.4274000110000005,0.2438890536166666,0.0036391884660302,0.0232088035966666,0.0381297287676086,100.0,100.0,100.0,100.0,100.0,100.0,100.0,100.0,100.0,100.0,100.0,100.0,100.0,100.0,100.0,100.0,100.0,100.0,100.0,0.0,100.0,100.0,100.0,0.0,0.0,100.0,100.0,100.0,100.0,60.0,100.0,100.0,100.0,100.0,temporal1,0
0.0157343062828505,0.0216909749500075,2.0502608674625,4.4852495193481445e-05,2.1248750063625,0.0077725172033333,2.1383147479750004,0.093252235200854,0.0076406098688108,0.0058041579154137,0.0184640964897364,0.06651315092375,0.0674874573036486,0.0047637471604764,0.0422364924331756,0.0136613706774775,0.0179476676275862,0.1014054836295945,0.0599079555505263,3.0126324466666667,0.33423264320625,0.3253750353562499,0.0520405221544594,3.660000003333333,0.01508364677,0.242053478915,0.0165431156508219,0.1766638958921341,0.171539902666875,2.44506247073125,0.2666924263999999,0.0041468316846278,0.0253340421660465,0.0383207003222222,100.0,100.0,100.0,100.0,100.0,100.0,100.0,100.0,100.0,100.0,100.0,100.0,100.0,100.0,100.0,100.0,100.0,100.0,100.0,0.0,100.0,100.0,100.0,0.0,0.0,100.0,100.0,100.0,100.0,81.25,100.0,100.0,100.0,100.0,temporal1,0
0.0150554678574811,0.0195181254383961,0.2608616352,4.3892860412597655e-05,5.66100001,0.0081758192081363,3.00334453,0.0989109349577427,0.0089036281704069,0.0062839138654694,0.0205811871980232,0.1132393316543636,0.0626736324790697,0.0044716967904508,0.053116260564186,0.0132976474423717,0.015535481511758,0.1304713847777907,0.0777143552048809,3.0135084733333333,0.5272135199777778,0.4756363513818181,0.0636278972984883,3.54266667,0.015480184552,0.3783820972972727,0.0163222409386904,0.2026931837584211,0.2143339893590909,2.670666692122222,0.06625008583,0.0034919953802424,0.0227686337042857,0.0403721604985714,100.0,100.0,100.0,100.0,0.0,100.0,0.0,100.0,100.0,100.0,100.0,100.0,100.0,100.0,100.0,100.0,100.0,100.0,100.0,0.0,100.0,100.0,100.0,0.0,0.0,100.0,100.0,100.0,100.0,55.55555555555556,100.0,100.0,100.0,100.0,temporal1,0
0.0166191069456624,0.0244007589989131,1.314883109425,4.282593727111816e-05,1.430249986625,0.0084504728306399,1.4264999011,0.1017958720283538,0.00914084083375,0.0061326584862449,0.0195054047595208,0.0587443709304375,0.0664659490079861,0.0054844091910735,0.0508749931970833,0.0159697404166244,0.0131840370038309,0.1173277182461111,0.0739494164632638,3.00888328,0.32274129981875,0.321000039525,0.0603680478104861,3.547600026,0.0143917401566666,0.22943758961,0.0176717970065972,0.1923778971397484,0.164016187150625,2.111999971988236,0.2441427111,0.0081091100506225,0.0248210549325,0.0419061481896875,100.0,100.0,100.0,100.0,100.0,100.0,100.0,100.0,100.0,100.0,100.0,100.0,100.0,100.0,100.0,100.0,100.0,100.0,100.0,0.0,100.0,100.0,100.0,0.0,0.0,100.0,100.0,100.0,100.0,70.58823529411765,100.0,100.0,100.0,100.0,temporal1,0
0.0160397647236103,0.0191094048531763,0.7797280504999999,4.506111145019531e-05,3.945166662933333,0.0083910670924705,2.17529117575,0.097068608475685,0.0086257145503333,0.005910775441341,0.0200190685990952,0.0601138201581818,0.065622136697619,0.0049107452227916,0.0413095127917857,0.0130303392520148,0.0129329817615306,0.1070481169580952,0.0589785689319047,3.013907388333333,0.3399571288272727,0.3409090908636363,0.0512499951098809,4.09987493125,0.011257052415,0.2333106343990909,0.0171451086048809,0.1835239317691398,0.1681899157172727,4.183538486261539,0.38319599625,0.0042413254164587,0.023356032369,0.0405714665635483,100.0,100.0,100.0,100.0,33.33333333333333,100.0,50.0,100.0,100.0,100.0,100.0,100.0,100.0,100.0,100.0,100.0,100.0,100.0,100.0,0.0,100.0,100.0,100.0,0.0,0.0,100.0,100.0,100.0,100.0,23.07692307692308,100.0,100.0,100.0,100.0,temporal1,0
0.0163486867410498,0.0191163066889024,2.16030573,4.341602325439453e-05,2.34899997,0.0089518053566453,2.33953833,0.3768221412927445,0.0085616670996419,0.0059438015945055,0.0173660472548765,0.0962512152414285,0.0656316165313253,0.0067971053229831,0.0446264916083132,0.0147446311784694,0.0119227626073818,1.5649461996272287,0.0696710035770238,3.019490713333333,0.3849800995142857,0.3874285901857143,0.0541807398628915,3.5710000133333337,0.011257052415,0.2771697384571428,0.0157374330269879,1.4980580295407608,0.1791607992571428,2.6462856660714285,0.06625008583,0.0030064019280269,0.0234875137131818,0.0373354244183999,100.0,100.0,100.0,100.0,100.0,100.0,100.0,99.30555555555556,100.0,100.0,100.0,100.0,100.0,100.0,100.0,100.0,100.0,97.59036144578312,100.0,0.0,100.0,100.0,100.0,0.0,0.0,100.0,100.0,97.82608695652172,100.0,57.142857142857146,100.0,100.0,100.0,100.0,temporal1,0
0.0148385522293718,0.0227791348138849,2.32547839,4.387497901916504e-05,2.4589999466666668,0.0079407716778124,2.464925043333333,0.0943790537877292,0.0083850362236015,0.005595339270787,0.0173496267796992,0.103447771054,0.0640695578992481,0.0063823947190264,0.0500827032723533,0.0171398144234709,0.0108138768037831,0.1049691429558646,0.0752010012639534,3.0058314733333336,0.4216198126,0.41190001959,0.0592706794913533,3.5330000666666668,0.0153626600866666,0.307910656888,0.0184956229051515,0.1788185858831292,0.201190924601,2.7683334059777778,0.3050788243333333,0.0049969629792638,0.0225425163870833,0.0409541924729629,100.0,100.0,100.0,100.0,100.0,100.0,100.0,100.0,100.0,100.0,100.0,100.0,100.0,100.0,100.0,100.0,100.0,100.0,100.0,0.0,100.0,100.0,100.0,0.0,0.0,100.0,100.0,100.0,100.0,66.66666666666666,100.0,100.0,100.0,100.0,temporal1,0
0.0160059746784248,0.0211092161366399,0.2608616352,4.326701164245605e-05,2.44099998,0.0093435352109491,0.4397904872,0.0989528795123603,0.0093995540024239,0.0060763769477372,0.0206888032947934,0.0818143572028571,0.0655313911543478,0.0051260138993181,0.040836956185326,0.0132468472212282,0.0180393251846206,0.0995729798642391,0.0573346259673404,3.00352674,0.447337716775,0.4215714249857143,0.0503152245974999,4.138500029999999,0.04168605804,0.3005746432285714,0.0164923356884782,0.1741554853559803,0.2119300024471428,3.1664285299285715,0.3049099445,0.003809227942196,0.0198194781908333,0.0402802457151063,100.0,100.0,100.0,100.0,100.0,100.0,100.0,100.0,100.0,100.0,100.0,100.0,100.0,100.0,100.0,100.0,100.0,100.0,100.0,0.0,100.0,100.0,100.0,0.0,0.0,100.0,100.0,100.0,100.0,42.85714285714285,100.0,100.0,100.0,100.0,temporal1,0
0.0161647343258128,0.0251443644253496,1.9624344469833328,4.481077194213867e-05,2.072769234892308,0.0081884763269508,2.0661645290500004,0.1021835852834694,0.0120656741803586,0.0057794942220418,0.0188651618032742,0.0663726576403448,0.0657145866226582,0.0050722441960979,0.0542573878423206,0.0145579989885586,0.0149388939877499,0.1190368947881434,0.0769043960335294,3.0095235242857146,0.3298324058310344,0.3248965493068965,0.0641687650571729,3.5431428271428573,0.015833020205,0.2372441373568965,0.0170991108849367,0.1916548977941221,0.1663253882562069,2.381354829222581,0.26016080375,0.0062329769116902,0.0256373990640909,0.0397049490172289,100.0,100.0,100.0,100.0,100.0,100.0,100.0,100.0,100.0,100.0,100.0,100.0,100.0,100.0,100.0,100.0,100.0,100.0,100.0,0.0,100.0,100.0,100.0,0.0,0.0,100.0,100.0,100.0,100.0,77.41935483870968,100.0,100.0,100.0,100.0,temporal1,0
0.0163455171843324,0.0193275744144548,0.2969710826,4.400014877319336e-05,0.4509999752,0.0148666373289285,0.4397904872,0.0940709279711606,0.0088974343056835,0.0064198830743225,0.017853640298405,0.08155372737375,0.065774561476962,0.0047908022588828,0.0589240623331645,0.0151030894416796,0.0110367955357027,0.1065082821468354,0.0894839280565823,3.00930547,0.4502454995625,0.4444999992374999,0.0693797582155696,4.377599992,0.01545755068,0.34614464635,0.0171500912148101,0.1820280496683908,0.18335372207625,2.745333350711111,0.2733089923,0.0034983873362704,0.0233969279679999,0.0371319756744117,100.0,100.0,100.0,100.0,100.0,100.0,100.0,100.0,100.0,100.0,100.0,100.0,100.0,100.0,100.0,100.0,100.0,100.0,100.0,0.0,100.0,100.0,100.0,0.0,0.0,100.0,100.0,100.0,100.0,55.55555555555556,100.0,100.0,100.0,100.0,temporal1,0
0.0167624749842679,0.0184006183208564,0.2608616352,4.412531852722168e-05,4.61225007,0.0098497616605263,3.004861033333333,0.0933485979519113,0.0104874793208529,0.0062034562473336,0.0171397363399411,0.0900612527527272,0.0642807658860294,0.0045401826491979,0.0508676346527941,0.0173582235948106,0.0151555585834399,0.1062018800969117,0.0665464190755882,3.010637995,0.3424055792545454,0.3362727164727273,0.0613088327183823,3.56599998,0.0204634666399999,0.2495059749909091,0.0161938491946617,0.1794141069710666,0.1548706184318181,2.4781817935272725,0.06625008583,0.0040722400574277,0.020649528501,0.040891491843913,100.0,100.0,100.0,100.0,0.0,100.0,0.0,99.73118279569891,100.0,100.0,100.0,100.0,100.0,100.0,100.0,100.0,100.0,100.0,100.0,0.0,100.0,100.0,100.0,0.0,0.0,100.0,100.0,100.0,100.0,54.54545454545455,100.0,100.0,100.0,100.0,temporal1,0
0.0172877543902922,0.0192143894348607,0.2608616352,4.5293569564819335e-05,2.44099998,0.0094728022805,0.4397904872,0.0999178693119525,0.009390152416523,0.0067159910055161,0.0175510516487692,0.0765495565111111,0.07146788743,0.0041975769939892,0.0563230991286153,0.0142865629785664,0.0211067364101551,0.1005752710036923,0.0776179533613846,3.0053456950000004,0.3503843942777778,0.3488889534666667,0.0662922969136923,4.160857127142857,0.011257052415,0.2412127123333333,0.0182035776243076,0.1824087069713889,0.1545809904333333,3.303333306144444,0.06625008583,0.0028748664441911,0.0234825257874074,0.0451304290526086,100.0,100.0,100.0,100.0,100.0,100.0,100.0,100.0,100.0,100.0,100.0,100.0,100.0,100.0,100.0,100.0,100.0,100.0,100.0,0.0,100.0,100.0,100.0,0.0,0.0,100.0,100.0,100.0,100.0,33.33333333333333,100.0,100.0,100.0,100.0,temporal1,0
0.0154528273921231,0.0212522303823905,1.54505650705,4.262328147888184e-05,1.64339995064,0.0082318459520508,1.65279833964,0.1015497705020929,0.010128685405,0.0055176342473634,0.0184161782221214,0.0688737905865384,0.0656798703233571,0.003981660603845,0.0447571464865714,0.0151257890941162,0.019043065531,0.1273065004787857,0.0627300856721831,3.0109839057142858,0.2947109020346153,0.2794615213230769,0.0544500010258571,3.986333335555555,0.01278162002,0.1930079368015384,0.0160518859254609,0.1976858338612903,0.1197974131373077,2.392535700742857,0.24535677428,0.0042455907440087,0.023870392275909,0.0361201763117142,100.0,100.0,100.0,100.0,100.0,100.0,100.0,100.0,100.0,100.0,100.0,100.0,100.0,100.0,100.0,100.0,100.0,100.0,100.0,0.0,100.0,100.0,100.0,0.0,0.0,100.0,100.0,100.0,100.0,71.42857142857143,100.0,100.0,100.0,100.0,temporal1,0
0.0160071397094936,0.0181408590713613,0.2608616352,4.473924636840821e-05,5.292999966,0.0066096081447058,3.01447232,0.0985131966553934,0.0097835461285757,0.0065203442680458,0.0175127332820606,0.0761407746055555,0.0684106494360606,0.0039151450413829,0.0451969811336363,0.0134887132638845,0.02651851653718,0.1079768339581818,0.0670128509034328,3.0095860325,0.3570447232555556,0.3501111136111111,0.0556818102248484,3.58299994,0.01490092277,0.2542199558244444,0.016934777002647,0.1834057748757534,0.17320463388,3.970444489577778,0.06625008583,0.0021791259438972,0.0244676516584615,0.0407698074926666,100.0,100.0,100.0,100.0,0.0,100.0,0.0,100.0,100.0,100.0,100.0,100.0,100.0,100.0,100.0,100.0,100.0,100.0,100.0,0.0,100.0,100.0,100.0,0.0,0.0,100.0,100.0,100.0,100.0,22.22222222222223,100.0,100.0,100.0,100.0,temporal1,0
0.0150181293454252,0.0212200906507781,2.53808164,3.792047500610352e-05,3.098500125,0.009867385026875,2.83053183,0.096370184846456,0.0093080445329052,0.0058920762608242,0.0166688316704421,0.0865726073516666,0.0680981861794736,0.0034392851362962,0.0483262990566315,0.0133266236079619,0.0162518713176,0.1255026690791579,0.0691347071888421,3.00091552,0.3544585704166667,0.3536666631166666,0.0587894740757894,3.57000017,0.0151045322349999,0.2510189612466666,0.0160930257053684,0.1956256547433333,0.1584894656733333,2.309833363983333,0.4419412612,0.0030427399794331,0.0210692571526086,0.0398603721851851,100.0,100.0,100.0,100.0,50.0,100.0,50.0,99.79423868312756,100.0,100.0,100.0,100.0,100.0,100.0,100.0,100.0,100.0,100.0,100.0,0.0,100.0,100.0,100.0,0.0,0.0,100.0,100.0,100.0,100.0,66.66666666666666,100.0,100.0,100.0,100.0,temporal1,0
0.015488617247927,0.021670992266301,1.692282195,4.382729530334472e-05,2.82750004,0.0083124861111484,2.5566577275,0.0935673788685114,0.0088361348848803,0.005978837478645,0.0189293938775811,0.0820571955425882,0.063979016399829,0.0057364963204852,0.0425128223473162,0.0138176135347222,0.0150723457310256,0.097411512292735,0.0667300874420661,3.0033860842857143,0.4742082425411765,0.8151666984833333,0.052871803944017,3.567857091428571,0.014592885965,0.3035738745023529,0.01672513745,0.1723488532158461,0.2072430778588235,3.2759444515166667,0.2832121848666666,0.0047745434732301,0.0226376684057894,0.0409587595153333,100.0,100.0,100.0,100.0,50.0,100.0,50.0,100.0,100.0,100.0,100.0,100.0,100.0,100.0,100.0,100.0,100.0,100.0,100.0,0.0,100.0,100.0,100.0,0.0,0.0,100.0,100.0,100.0,100.0,50.0,100.0,100.0,100.0,100.0,temporal1,0
0.0158914820708232,0.0208170461625042,0.9758194270333336,4.3184329301883015e-05,1.1026667741666667,0.0091487474916025,1.1201783807666663,0.1024783992800894,0.0112310465373333,0.0060381145445706,0.0176531688546936,0.0807514190630769,0.0676113893217117,0.0057235288912704,0.0428108159419819,0.0150035040414849,0.0139365327197912,0.130551555111982,0.0645540920368468,3.0064174683333333,0.3412876678846154,0.3375384440461538,0.0522612386912612,3.616666708333333,0.0137505531299999,0.2448293978792307,0.0161197206957657,0.2056885035959349,0.1608481773615384,2.649769247976923,0.232373714375,0.0046303002326359,0.0225828034517857,0.0408159006679545,100.0,100.0,100.0,100.0,100.0,100.0,100.0,100.0,100.0,100.0,100.0,100.0,100.0,100.0,100.0,100.0,100.0,100.0,100.0,0.0,100.0,100.0,100.0,0.0,0.0,100.0,100.0,100.0,100.0,53.84615384615385,100.0,100.0,100.0,100.0,temporal1,0
0.0163533305870533,0.021741955365781,2.30111527,4.427433013916016e-05,2.40033332,0.0079048203247073,2.407299113333333,0.0964896352289202,0.0087623696566736,0.0061566820536979,0.0184380656748315,0.1265909671666666,0.0681800315186315,0.0065299899478592,0.0516631628234736,0.0177651874181372,0.0134647871740892,0.1016408192273684,0.0686496533725263,3.002200043333333,0.4628053108333333,0.4554999271333333,0.0613789382607368,3.54466668,0.01513195037,0.3286759853,0.0181983420683157,0.179817594759619,0.2002973158683333,3.858333385,0.2313437461333333,0.0033974075305708,0.021724867819,0.0414480715921875,100.0,100.0,100.0,100.0,100.0,100.0,100.0,99.79253112033194,100.0,100.0,100.0,100.0,100.0,100.0,100.0,100.0,100.0,100.0,100.0,0.0,100.0,100.0,100.0,0.0,0.0,100.0,100.0,100.0,100.0,50.0,100.0,100.0,100.0,100.0,temporal1,0
0.0152329594468959,0.0233584698322877,1.3053441009,4.404783248901367e-05,3.2223333462,0.0081274292674545,2.4866680251,0.0926010249451456,0.0095619662039741,0.0052982948773082,0.0184977218986551,0.064818400595,0.06665026084,0.0044936115019821,0.039472564859789,0.0136244945854813,0.0131950053273409,0.1277387483974683,0.054927280675232,3.008241111666667,0.2991428283038462,0.2955769208423077,0.0491012742172151,3.5819166458333336,0.01364064216,0.2036048356953846,0.0164063399312658,0.1985815243330153,0.1365136641488461,3.049384618980769,0.25031322235,0.0084765177488382,0.0240022160772727,0.0371179196093548,100.0,100.0,100.0,100.0,33.33333333333333,100.0,33.33333333333333,100.0,100.0,100.0,100.0,100.0,100.0,100.0,100.0,100.0,100.0,100.0,100.0,0.0,100.0,100.0,100.0,0.0,0.0,100.0,100.0,100.0,100.0,38.46153846153846,100.0,100.0,100.0,100.0,temporal1,0
0.0157285116543421,0.0236401059152385,1.880875503333333,4.497170448303223e-05,3.62071431,0.0084059391529449,2.650139182,0.1032939447088365,0.0104532715587179,0.005963458459928,0.0183357443523525,0.0633761602223529,0.0642675925418589,0.0039012540463318,0.0605897567103846,0.0147035855891535,0.0112869346241134,0.1284829423391666,0.0910940079016879,3.0051101242857143,0.331756521617647,0.3306470898588235,0.0708333314834615,3.875571417142857,0.0153380235,0.2456368838482353,0.0170321984125,0.2003372463465697,0.1770063007188235,3.282722217661111,0.2770135402,0.0045035311144382,0.0237465169638888,0.0396207287136507,100.0,100.0,100.0,100.0,57.142857142857146,100.0,60.0,100.0,100.0,100.0,100.0,100.0,100.0,100.0,100.0,100.0,100.0,100.0,100.0,0.0,100.0,100.0,100.0,0.0,0.0,100.0,100.0,100.0,100.0,50.0,100.0,100.0,100.0,100.0,temporal1,0
0.0173184508735452,0.021289665465124,2.1099907425875,4.41431999206543e-05,2.1918750063625,0.0091478854789873,2.1992074813875,0.0961939560581213,0.0086273587256173,0.0057214346005111,0.0177455197169304,0.0636685019989473,0.0632967596373913,0.0056876565774355,0.0490608671345217,0.0163786392433889,0.0117522581730434,0.1032375480613043,0.0692898211134782,3.00567561,0.2936064945526316,0.2882631702947368,0.059165212372,3.6379999475,0.0154178142499999,0.1988584869415789,0.0177220385966956,0.178523187521496,0.1221088484478947,2.338631564868421,0.2639637787666666,0.0040276417351437,0.0214621112419047,0.0381658871933333,100.0,100.0,100.0,100.0,100.0,100.0,100.0,99.82456140350877,100.0,100.0,100.0,100.0,100.0,100.0,100.0,100.0,100.0,100.0,100.0,0.0,100.0,100.0,100.0,0.0,0.0,100.0,100.0,100.0,100.0,78.94736842105263,100.0,100.0,100.0,100.0,temporal1,0
0.0169031126198535,0.0216645367903813,2.3118913125,4.369616508483887e-05,2.635799928,0.0086371584551676,2.536896796,0.1026429289815776,0.0092067173533333,0.0052117533871418,0.0195210229743142,0.0670347743522222,0.0664269129309523,0.0044794877363529,0.0509238038661904,0.0129963739784591,0.0203206944935638,0.1170683043119047,0.0709607535413761,3.0087964475,0.3315704795444444,0.3259444633611111,0.0612000124670476,3.5584999875000003,0.011821508405,0.2338387833277778,0.0182185281360909,0.1896792741543589,0.1621962255622222,2.200499995722222,0.2738378047499999,0.0016291344161618,0.0250157451568,0.0398222842065957,100.0,100.0,100.0,100.0,80.0,100.0,80.0,100.0,100.0,100.0,100.0,100.0,100.0,100.0,100.0,100.0,100.0,100.0,100.0,0.0,100.0,100.0,100.0,0.0,0.0,100.0,100.0,100.0,100.0,72.22222222222223,100.0,100.0,100.0,100.0,temporal1,0
0.0150549318760686,0.0244965668611545,1.6071035412833332,5.3036212921142575e-05,1.7221666542333331,0.0095272838533675,1.728720821116667,0.1002757939024718,0.0088018440207465,0.0059611951272289,0.0190588513422397,0.0625032817564705,0.0637291588103424,0.0040872004418737,0.0496095778108219,0.0151066083209002,0.01384719530432,0.1259740835699315,0.0736763036280822,3.0068793266666667,0.3322901585058823,0.3271764867058823,0.0601780708388356,4.091571351428572,0.01516258716,0.2326985947764706,0.0165393140175342,0.1947905380119255,0.1572032675723529,2.669352962488236,0.2333422104166666,0.0036260518146938,0.0208407732123076,0.0424083709668333,100.0,100.0,100.0,100.0,100.0,100.0,100.0,100.0,100.0,100.0,100.0,100.0,100.0,100.0,100.0,100.0,100.0,100.0,100.0,0.0,100.0,100.0,100.0,0.0,0.0,100.0,100.0,100.0,100.0,64.70588235294117,100.0,100.0,100.0,100.0,temporal1,0
0.0159011175382619,0.0182206902050162,1.1988690467,4.302263259887695e-05,3.2928999313400005,0.0078502844274793,2.4275136474666663,0.0990522499562147,0.0086507495779195,0.0059285417726932,0.018760872977885,0.0661288289417647,0.0696940833014942,0.00419270090621,0.0526781575332183,0.0140225256456268,0.0111519468213793,0.1044000373350574,0.0786662770334146,3.004299542,0.3020199466529411,0.2945294520117646,0.0626436704772413,3.5394,0.01340389251,0.2029445451282353,0.0160809568572289,0.1856159586277894,0.1295828117752941,3.3184117391235293,0.2845001220249999,0.0023908955704182,0.0233298173296153,0.0373387148465789,100.0,100.0,100.0,100.0,50.0,100.0,33.33333333333333,100.0,100.0,100.0,100.0,100.0,100.0,100.0,100.0,100.0,100.0,100.0,100.0,0.0,100.0,100.0,100.0,0.0,0.0,100.0,100.0,100.0,100.0,41.1764705882353,100.0,100.0,100.0,100.0,temporal1,0
0.0165217335241642,0.0191028012600482,1.5482654538,4.454851150512695e-05,2.719499970275,0.0093086455987894,2.463563079925,0.0987301250695242,0.0086047975972328,0.006733839929601,0.0193096284951369,0.0798981923192307,0.0683491752467123,0.0067057632245714,0.0509452133879451,0.0160816551343753,0.0184942332763661,0.1124447371632876,0.0727939605579452,3.00071263,0.3145359295461538,0.3089999418538461,0.0606712347773972,3.569,0.01897788047,0.2145095604715384,0.0168198918602739,0.1965842717528395,0.13213783041,2.521499988407143,0.29735660545,0.0021994759631269,0.019584797320625,0.039000584015,100.0,100.0,100.0,100.0,50.0,100.0,50.0,100.0,100.0,100.0,100.0,100.0,100.0,100.0,100.0,100.0,100.0,100.0,100.0,0.0,100.0,100.0,100.0,0.0,0.0,100.0,100.0,100.0,100.0,64.28571428571428,100.0,100.0,100.0,100.0,temporal1,0
0.0146437718807605,0.019770817507032,0.2608616352,4.319548606872559e-05,3.56350004,0.0079034887320752,3.0110481900000003,0.0934607011097062,0.0088855530074605,0.0061531096503093,0.0176779408162763,0.0616479814,0.0637828362528947,0.0035760248145092,0.0510526048418421,0.0168390747351882,0.0115959644287173,0.1151797206497368,0.0879841979990789,3.010413736,0.331469416575,0.32750007505,0.0615394805494736,3.69599995,0.0145936806933333,0.24646160002,0.0179514320225,0.1844285669378571,0.17646065351875,3.9016250318,0.2859480381,0.0021894872180723,0.023527896402,0.0422415227545454,100.0,100.0,100.0,100.0,0.0,100.0,0.0,100.0,100.0,100.0,100.0,100.0,100.0,100.0,100.0,100.0,100.0,100.0,100.0,0.0,100.0,100.0,100.0,0.0,0.0,100.0,100.0,100.0,100.0,12.5,100.0,100.0,100.0,100.0,temporal1,0
0.0168677202169999,0.0241787644929483,1.5738924541785713,4.284381866455078e-05,1.654428615307143,0.0080616007133814,1.665869096485714,0.1110982314848775,0.0083063268271496,0.0051481098975859,0.01740905712537,0.0607296716028409,0.066932345618746,0.0045247818034501,0.0593385598944514,0.0153061833107058,0.0155091550581984,0.1162455731948902,0.0799267720295899,3.0064417675,0.2689146767904762,0.2590454599568181,0.0685956156530407,3.559333301666667,0.0156366825066666,0.1681612187847727,0.0164221127789408,0.191774191438608,0.1008561524281818,2.1012727103204543,0.2435073681714286,0.0063103878311769,0.0234609842272727,0.0370397832595555,100.0,100.0,100.0,100.0,100.0,100.0,100.0,100.0,100.0,100.0,100.0,100.0,100.0,100.0,100.0,100.0,100.0,100.0,100.0,0.0,100.0,100.0,100.0,0.0,0.0,100.0,100.0,100.0,100.0,72.72727272727272,100.0,100.0,100.0,100.0,temporal1,0
0.0154810721022196,0.0179530785333583,1.7884405823750005,5.376338958740234e-05,1.881499944,0.0079000199950427,1.8976131041,0.0950546000142874,0.00789910058075,0.0057623900258146,0.01800324767375,0.0772712664090909,0.0683565810211458,0.0039630777687647,0.0452187433758333,0.0120711100178968,0.0170220480090847,0.1160863761797916,0.0661625514320833,3.003167306666666,0.353806755709091,0.3556364015727272,0.0555833329664583,3.553999976666667,0.01493942737,0.2636392116009091,0.0146381308592708,0.1887455458499057,0.1824342553918181,2.376090934836364,0.255824387025,0.0026943169379403,0.0198951042592307,0.0364460263883333,100.0,100.0,100.0,100.0,100.0,100.0,100.0,100.0,100.0,100.0,100.0,100.0,100.0,100.0,100.0,100.0,100.0,100.0,100.0,0.0,100.0,100.0,100.0,0.0,0.0,100.0,100.0,100.0,100.0,72.72727272727272,100.0,100.0,100.0,100.0,temporal1,0
0.0149541982999421,0.0229936609329559,2.03440604,4.3320655822753904e-05,2.6342856485714288,0.0082260088614433,2.4813504157142856,0.0926760521478396,0.0087024441234177,0.005982909220137,0.0174003613111075,0.0784345626733333,0.0630691760599367,0.005024017513554,0.0411392420083544,0.0131099082722414,0.0120475973375904,0.1002429285979746,0.0593797194709493,3.00829639,0.3960214773266666,0.3936000028733333,0.0515189864892405,4.027000087999999,0.01698249578,0.2956112066466667,0.0169957710177215,0.1713124581761494,0.1750050703326666,3.31168748040625,0.24631571764,0.0046325820975908,0.0229849645039285,0.038885138246,100.0,100.0,100.0,100.0,71.42857142857143,100.0,71.42857142857143,100.0,100.0,100.0,100.0,100.0,100.0,100.0,100.0,100.0,100.0,100.0,100.0,0.0,100.0,100.0,100.0,0.0,0.0,100.0,100.0,100.0,100.0,56.25,100.0,100.0,100.0,100.0,temporal1,0
0.0156037177687276,0.023607480993981,2.126085434783333,4.217028617858887e-05,2.244076889069231,0.008099249038339,2.233610328208333,0.1015841183995717,0.0085590672857333,0.0051953060559308,0.017174312042892,0.0709107387309756,0.0647489471912698,0.0046782797607651,0.0428571367942222,0.0107175903676011,0.0119131471666494,0.131010316627365,0.0603208564469523,2.861806836470588,0.2643344227414634,0.2609512107658536,0.0530031881425477,3.296411761764705,0.01466295122375,0.1735793264441463,0.0158569562169745,0.1999306890721552,0.0967280108558536,2.628571445185714,0.2361694503647059,0.0064394254417091,0.020472957535,0.0361051539702479,100.0,100.0,100.0,100.0,100.0,100.0,100.0,100.0,100.0,100.0,100.0,100.0,100.0,100.0,100.0,100.0,100.0,100.0,100.0,23.529411764705884,100.0,100.0,100.0,23.529411764705884,0.0,100.0,100.0,100.0,100.0,69.04761904761905,100.0,100.0,100.0,100.0,temporal1,0
0.0157102248275308,0.0215263882163778,0.2608616352,4.322528839111328e-05,3.550599952,0.0084397207728957,3.006640906,0.1028340800880298,0.0090091824517962,0.006258475681615,0.0176822388569537,0.1133418083014285,0.0630136110061111,0.0043735519427051,0.0440277832458333,0.0153353662088838,0.0123834455141428,0.1546127288110185,0.0601061935689814,3.00630187,0.4446748324285714,0.4374286106285714,0.0544999926098148,3.53600001,0.016596555705,0.3271890026714285,0.0178024879163888,0.2188280522468333,0.2109840597157142,3.8567142096142857,0.06625008583,0.0030598136081312,0.023631906505,0.0393911875143589,100.0,100.0,100.0,100.0,0.0,100.0,0.0,100.0,100.0,100.0,100.0,100.0,100.0,100.0,100.0,100.0,100.0,100.0,100.0,0.0,100.0,100.0,100.0,0.0,0.0,100.0,100.0,100.0,100.0,14.285714285714292,100.0,100.0,100.0,100.0,temporal1,0
0.0145749414557465,0.0256486018906175,1.9151189624214289,4.144906997680664e-05,2.514277786238889,0.0085215454007772,2.274385023183333,0.0868367467362917,0.0085418864366845,0.0055042048165344,0.0174497133889865,0.0666656300764864,0.0660582101660126,0.0045311727686473,0.0539588611212658,0.0168787842202401,0.0100581223747812,0.1045093347569936,0.0766936495444653,3.006087576666667,0.2680029510925,0.2650270203837838,0.0634240470223101,3.578749970833333,0.012076497075,0.1724657947508108,0.0174319564133962,0.1773371258942407,0.0991421325583783,2.943026326089474,0.2683161326285714,0.0072862683096737,0.0214015428815384,0.0390937616472527,100.0,100.0,100.0,100.0,77.77777777777777,100.0,77.77777777777777,100.0,100.0,100.0,100.0,100.0,100.0,100.0,100.0,100.0,100.0,100.0,100.0,0.0,100.0,100.0,100.0,0.0,0.0,100.0,100.0,100.0,100.0,57.89473684210526,100.0,100.0,100.0,100.0,temporal1,0
0.0150754188335724,0.0232731025982961,0.2608616352,4.387497901916504e-05,3.245500011630001,0.0091107423124458,2.74846765557,0.0956396111639692,0.0104622735903081,0.0059258849110802,0.017173789577893,0.066612152817619,0.0665772680844025,0.0052425604753452,0.0453584883876729,0.0150176140305862,0.0160977758180413,0.1107767347793081,0.0631273212586792,3.013658677777778,0.2963152953095238,0.2903809546857143,0.0545597451206918,3.5917777722222226,0.01668801307,0.2014853159185714,0.0162516195028301,0.1857329926798285,0.1283260186266666,3.747047590252381,0.25013101095,0.006434504473601,0.0238199724811764,0.0394551753944117,100.0,100.0,100.0,100.0,10.0,100.0,10.0,100.0,100.0,100.0,100.0,100.0,100.0,100.0,100.0,100.0,100.0,100.0,100.0,0.0,100.0,100.0,100.0,0.0,0.0,100.0,100.0,100.0,100.0,14.285714285714292,100.0,100.0,100.0,100.0,temporal1,0
0.0150586084004407,0.0220428805566037,2.5315642300000003,4.186630249023437e-05,3.379909076363637,0.0074236826452727,2.909545220909091,0.0995166988414223,0.0075645653396199,0.0057841476950462,0.0171733268059799,0.0699318430604545,0.0672494586201333,0.0046862709181121,0.0413200028661999,0.0121338837645638,0.0157111511399784,0.1039166323132666,0.0605552911665999,3.0154008225,0.3055650645636363,0.3023181611454545,0.0508200025463333,3.5602500375000004,0.0149320363949999,0.2176802699654545,0.0166144895512666,0.1785528185459036,0.1444254354645454,2.997500003559091,0.2813582419666666,0.0047676688731134,0.0236520682021428,0.0379648164414814,100.0,100.0,100.0,100.0,18.181818181818187,100.0,18.181818181818187,100.0,100.0,100.0,100.0,100.0,100.0,100.0,100.0,100.0,100.0,100.0,100.0,0.0,100.0,100.0,100.0,0.0,0.0,100.0,100.0,100.0,100.0,40.90909090909091,100.0,100.0,100.0,100.0,temporal1,0
0.016808765079548,0.0194078519399447,0.7998549921,4.401206970214844e-05,0.8979999402500001,0.0084296430849142,0.902227044,0.1047313130492128,0.010000599055921,0.0061862884640781,0.0185111541453026,0.139672994595,0.0668078472638157,0.0043336506236851,0.056828950570921,0.0126237210086426,0.0134809017156923,0.1271657943423684,0.0753334992751948,3.011816375,0.693302213325,1.4025555700333332,0.0666578819742105,3.552500005,0.0129514932599999,0.4243025180999999,0.0184224938043421,0.2055627930314286,0.268146634065,3.0509999805000003,0.2655052542,0.0020924831952198,0.0239486694311111,0.040937697884,100.0,100.0,100.0,100.0,100.0,100.0,100.0,100.0,100.0,100.0,100.0,100.0,100.0,100.0,100.0,100.0,100.0,100.0,100.0,0.0,100.0,100.0,100.0,0.0,0.0,100.0,100.0,100.0,100.0,77.77777777777777,100.0,100.0,100.0,100.0,temporal1,0
0.0152419334355702,0.020880151963532,0.2940274873666667,4.4465065002441406e-05,0.4353334108333334,0.0109667488021891,0.4472117423333333,0.0967688749237109,0.0096410745509878,0.0059995397810874,0.0182112687928536,0.088036982212,0.0627986221671951,0.0052902426629649,0.0497073196668292,0.0147093126590554,0.0125660058584864,0.1163039614291463,0.0759957185446341,3.006621091111111,0.47208294828,0.8683749879875,0.0596585477129268,3.633777721111111,0.01998591423,0.2897319310253333,0.0175174474670731,0.1910144725987778,0.1961313563073333,3.2845333511400003,0.2201147874,0.0032072762638345,0.0230860493368181,0.0379484076202631,100.0,100.0,100.0,100.0,100.0,100.0,100.0,99.53379953379954,100.0,100.0,100.0,100.0,100.0,100.0,100.0,100.0,100.0,100.0,100.0,0.0,100.0,100.0,100.0,0.0,0.0,100.0,100.0,100.0,100.0,40.0,100.0,100.0,100.0,100.0,temporal1,0
0.0160271042994822,0.0189769288042816,2.166029846666667,4.363059997558594e-05,4.163999908333333,0.0084437098751736,2.70767867,0.1020940476098897,0.011150091506886,0.0058647083038929,0.0185795584773037,0.0919259547988999,0.0681477286996202,0.0051786620329639,0.0508987360294936,0.0127802881909972,0.0201602398370793,0.126036435722405,0.0722797792051898,3.0039561925,0.42328608029,0.41740002627,0.0610759469417721,3.548999878,0.011257052415,0.3148718118199999,0.016713954220886,0.2052028726885057,0.15966274735,3.6510768959538464,0.2633224327666666,0.002269501588053,0.020595777032,0.0378427505447058,100.0,100.0,100.0,100.0,100.0,100.0,100.0,100.0,100.0,100.0,100.0,100.0,100.0,100.0,100.0,100.0,100.0,100.0,100.0,0.0,100.0,100.0,100.0,0.0,0.0,100.0,100.0,100.0,100.0,61.53846153846154,100.0,100.0,100.0,100.0,temporal1,0
0.015324552281318,0.0205655595502739,2.97554087,4.349946975708008e-05,3.695333358333333,0.010222271373647,3.012422735,0.0962251248350952,0.00877216656884,0.0068127258555378,0.0176777903195733,0.0960248576111111,0.0658759466705333,0.0051717290245607,0.0599466800577333,0.0161335543670993,0.0101589063779166,0.1212568473652,0.0888234815951315,3.0142139533333334,0.3736735714333333,0.3636666668333334,0.0702399825933333,4.556499935,0.01555395126,0.2659280564655555,0.0174266401882666,0.1955128031683132,0.1641044086377777,3.88660003669,0.3102691173,0.0025568405777598,0.0213474290678571,0.0446073743985185,100.0,100.0,100.0,100.0,0.0,100.0,0.0,100.0,100.0,100.0,100.0,100.0,100.0,100.0,100.0,100.0,100.0,100.0,100.0,0.0,100.0,100.0,100.0,0.0,0.0,100.0,100.0,100.0,100.0,20.0,100.0,100.0,100.0,100.0,temporal1,0
0.0151871816325115,0.0224084941744189,2.0513780075,4.348158836364746e-05,3.4104000020000003,0.0094981704418214,2.505368705,0.0973393187873966,0.0099974547806354,0.0060644815542826,0.0171865001283124,0.0785172419036363,0.0664589181427083,0.0052878243073014,0.0495312511861458,0.0129937806205311,0.0154841831723714,0.1131646185911458,0.070476462431875,3.007954295,0.3406693934909091,0.3487272695454546,0.0592291826902083,3.5517500575,0.011257052415,0.2463370452727273,0.0178976431441666,0.1898885717488679,0.1626879301645454,3.115818106836364,0.308444797925,0.004723501204601,0.0209100484803333,0.0427988202894736,100.0,100.0,100.0,100.0,100.0,100.0,100.0,100.0,100.0,100.0,100.0,100.0,100.0,100.0,100.0,100.0,100.0,100.0,100.0,0.0,100.0,100.0,100.0,0.0,0.0,100.0,100.0,100.0,100.0,63.63636363636363,100.0,100.0,100.0,100.0,temporal1,0
0.016437618097102,0.0213142755047929,1.30265068645,4.347562789916992e-05,1.4359999873,0.0077129205057142,1.44358277015,0.1005062760911703,0.010452878582899,0.005886984367226,0.0190903659221651,0.11448243258875,0.0642210977798165,0.0051579870229171,0.0499816465722935,0.015842427498146,0.014453045861968,0.1264341380368807,0.0720113192645794,3.0166552766666666,0.429508268775,0.4265000223375,0.0598440454531192,3.6016666833333333,0.01392495632,0.324821054875,0.0179182814619626,0.1968022771705785,0.2085658907562499,2.5180000049125,0.2599278688,0.0040179307632954,0.0237727815431818,0.0400365761291836,100.0,100.0,100.0,100.0,100.0,100.0,100.0,100.0,100.0,100.0,100.0,100.0,100.0,100.0,100.0,100.0,100.0,100.0,100.0,0.0,100.0,100.0,100.0,0.0,0.0,100.0,100.0,100.0,100.0,62.5,100.0,100.0,100.0,100.0,temporal1,0
0.0166334010224595,0.0191132863336218,2.96762394,4.341006278991699e-05,3.717499845,0.0066096081447058,3.010361425,0.1032629657092646,0.0093912748171999,0.0063980409006228,0.0190818603172461,0.11806714531875,0.0700915226453846,0.0051040316131505,0.0670307672827692,0.0160207691041529,0.0129607157247727,0.1313611103649231,0.0934224752098461,3.0049574325,0.3887744843374999,0.37287500495,0.0774923177730769,3.5412499850000003,0.01564157009,0.2461433410175,0.0186034569336923,0.2159637311695833,0.11039903757625,3.4498749949125003,0.3015863895,0.0029547924682126,0.0222070117766666,0.0417856953304545,100.0,100.0,100.0,100.0,0.0,100.0,0.0,100.0,100.0,100.0,100.0,100.0,100.0,100.0,100.0,100.0,100.0,100.0,100.0,0.0,100.0,100.0,100.0,0.0,0.0,100.0,100.0,100.0,100.0,25.0,100.0,100.0,100.0,100.0,temporal1,0
0.0158355133767042,0.0202534146898937,1.6142900754499998,4.432797431945801e-05,2.326428544157143,0.0086447626845677,1.902820857328572,0.1017775351653935,0.0085917636737187,0.0060805322499153,0.0203912729964583,0.0764212437959285,0.0664481669560416,0.0038252332625367,0.0467499866978124,0.0156889984351133,0.0137492736152833,0.1140393440712499,0.0646304885444791,3.014614755,0.3390066623214286,0.3324285404571428,0.0566979174698958,3.5915000375,0.01391601562,0.2323319741357143,0.0169032982369387,0.1862182684291509,0.1483121599078571,2.905785744742857,0.2315476337499999,0.0026829336192436,0.0229367679996296,0.0379531264252499,100.0,100.0,100.0,100.0,85.71428571428571,100.0,85.71428571428571,100.0,100.0,100.0,100.0,100.0,100.0,100.0,100.0,100.0,100.0,100.0,100.0,0.0,100.0,100.0,100.0,0.0,0.0,100.0,100.0,100.0,100.0,64.28571428571428,100.0,100.0,100.0,100.0,temporal1,0
0.0193901965792592,0.0207551168179111,0.2608616352,4.259347915649414e-05,3.596999995,0.007322810943238,3.038385385,0.1045436174717013,0.0097632548365294,0.0069211971598788,0.0171249123137451,0.10950511691625,0.0628987971393137,0.0044400006117191,0.0564901992263725,0.0172580841333107,0.0184885899195777,0.1256567590152941,0.0766729616984999,3.026368293333333,0.41542299585,0.4132499396125,0.0672156810627451,3.5709999175,0.014005541795,0.31277340645,0.0159198482398019,0.193312431818407,0.1912401318175,3.848571364257143,0.06625008583,0.0037251901613844,0.022810536265,0.04172236322825,100.0,100.0,100.0,100.0,0.0,100.0,0.0,100.0,100.0,100.0,100.0,100.0,100.0,100.0,100.0,100.0,100.0,100.0,100.0,0.0,100.0,100.0,100.0,0.0,0.0,100.0,100.0,100.0,100.0,14.285714285714292,100.0,100.0,100.0,100.0,temporal1,0
0.014410424229745,0.0217335176752175,1.26068720668,4.308223724365234e-05,2.0982856375285714,0.00813816070472,1.9514287850714285,0.101213732272704,0.0099719469995263,0.0058836910422095,0.0182444798278333,0.081409788116,0.0694710120725438,0.0042639281369457,0.0532368442368421,0.0155921099953874,0.0167923229049523,0.1250531526714912,0.0747251426825438,3.012344628571429,0.2908476352266667,0.2887999534,0.0635087803705263,3.556999984285714,0.0156420469225,0.2002046584719999,0.0175346060872973,0.2014952944566141,0.1140800157953333,3.298933343633333,0.27627778048,0.0040697271998166,0.0247995231430434,0.0403583685511111,100.0,100.0,100.0,100.0,71.42857142857143,100.0,71.42857142857143,99.82174688057042,100.0,100.0,100.0,100.0,100.0,100.0,100.0,100.0,100.0,100.0,100.0,0.0,100.0,100.0,100.0,0.0,0.0,100.0,100.0,100.0,100.0,40.0,100.0,100.0,100.0,100.0,temporal1,0
0.0165562349177871,0.0205245059082194,0.7815183368,4.434585571289063e-05,2.0863333522,0.009735640056734,1.9062597709666669,0.100285143994506,0.0104159712776184,0.0066945684659674,0.0195915981306842,0.113431185465,0.0680906050986842,0.0043644596022407,0.0504341941044736,0.0159610678168267,0.0121867733586774,0.1148791940324999,0.0712710493393421,3.011047978,0.4233102201875,0.4190000593125,0.060618431930921,3.565833326666666,0.011257052415,0.30272027845,0.0182822942688157,0.1907172543257143,0.18515962358625,3.842125025,0.37631285185,0.0032537380844896,0.0238921188142857,0.0402541160537142,100.0,100.0,100.0,100.0,66.66666666666666,100.0,66.66666666666666,98.07228915662652,100.0,100.0,100.0,100.0,100.0,100.0,100.0,100.0,100.0,100.0,100.0,0.0,100.0,100.0,100.0,0.0,0.0,100.0,100.0,100.0,100.0,25.0,100.0,100.0,100.0,100.0,temporal1,0
0.01951970286,0.0231556021938807,1.96953351765,4.355112711588541e-05,2.1002857313428573,0.0066096081447058,2.0748739189666665,0.1056790899723258,0.0093774137811264,0.0065734788149982,0.0210306315545287,0.0798604488253846,0.0677128468341379,0.005483338502317,0.0480574684486206,0.0153960847588226,0.0139322467848235,0.1158507335943678,0.0660190719170115,3.0062130266666665,0.3492551583,0.3505384554692308,0.0580115098947126,3.557666616666667,0.01689696311,0.2388361049992307,0.0183835139171264,0.1932122980185416,0.15467275104,2.543642858814285,0.262338678,0.0061122377702178,0.0244095636426086,0.0456292960302777,100.0,100.0,100.0,100.0,100.0,100.0,100.0,100.0,100.0,100.0,100.0,100.0,100.0,100.0,100.0,100.0,100.0,100.0,100.0,0.0,100.0,100.0,100.0,0.0,0.0,100.0,100.0,100.0,100.0,78.57142857142857,100.0,100.0,100.0,100.0,temporal1,0
0.0172989915596721,0.0185052606268506,0.2608616352,4.2879581451416014e-05,4.944666616666667,0.00991888045885,3.00980663,0.1156481050610873,0.0113876238447656,0.006324660167904,0.0179122202046093,0.130439519865,0.0664096809817187,0.0058091256919782,0.056390613304375,0.0174535279480507,0.0121610959337666,0.1550984568603125,0.0773169658932812,3.003074765,0.4720419634666666,0.48383339165,0.0665781348817187,3.5646665866666667,0.01397252082,0.36671797375,0.0167681014857575,0.2297201458432394,0.1406673192699999,3.57666666945,0.06625008583,0.0039513618380489,0.0228901306766666,0.0415355908189473,100.0,100.0,100.0,100.0,0.0,100.0,0.0,100.0,100.0,100.0,100.0,100.0,100.0,100.0,100.0,100.0,100.0,100.0,100.0,0.0,100.0,100.0,100.0,0.0,0.0,100.0,100.0,100.0,100.0,33.33333333333333,100.0,100.0,100.0,100.0,temporal1,0
0.014452642281589,0.0187837155899375,1.9540002703833328,5.428791046142578e-05,2.0860000021666667,0.009149335321875,2.098401662166667,0.0988206943066099,0.0095515613298101,0.0057716773955906,0.0189459685986329,0.1106029987199999,0.0692530342191139,0.00422935657609,0.0471772302473417,0.0155418914477031,0.012295653419375,0.110907307136962,0.0645108222845569,3.00299191,0.41261587138,0.40939996238,0.0577848198916455,3.53350007,0.01559996604,0.30454814429,0.0165646589211392,0.1866867733650574,0.1870287656449999,2.80280000781,0.2427458762666666,0.0029715585702195,0.0210676101511538,0.0402857727419444,100.0,100.0,100.0,100.0,100.0,100.0,100.0,99.52038369304556,100.0,100.0,100.0,100.0,100.0,100.0,100.0,100.0,100.0,100.0,100.0,0.0,100.0,100.0,100.0,0.0,0.0,100.0,100.0,100.0,100.0,80.0,100.0,100.0,100.0,100.0,temporal1,0
0.0152880212858843,0.0170746392516641,2.32829213,4.423260688781738e-05,2.45799994,0.0083721213866666,2.47077107,0.0960087879987092,0.0097823260243606,0.0062624613433196,0.0156045116320163,0.219928503,0.0671663166906557,0.0036605181313932,0.0507540859085245,0.0138151192150414,0.0124140898353999,0.1226270472121311,0.0705589661734426,2.861806836470588,0.6553664207,0.6610000133,0.0612786793237705,3.5610001,0.01534605026,0.4804265499,0.0167231794211475,0.1910630920004411,0.2269241809,3.56099987,0.3019542694,0.0018201432322216,0.0212751967542857,0.037895788745,100.0,100.0,100.0,100.0,100.0,100.0,100.0,100.0,100.0,100.0,100.0,100.0,100.0,100.0,100.0,100.0,100.0,100.0,100.0,0.0,100.0,100.0,100.0,0.0,0.0,100.0,100.0,100.0,100.0,100.0,100.0,100.0,100.0,100.0,temporal1,0
0.0148629329166318,0.021864383184958,1.7173663164571429,4.249811172485352e-05,1.8169999432142856,0.0095134354536442,1.829479725642857,0.0989918884574318,0.0096156867032169,0.0058195320592357,0.0188842516980943,0.0692833132149999,0.064190538415,0.00498021761502,0.0594245330241509,0.0148193432474068,0.0168836514126923,0.1090830856701886,0.0819657995884905,3.0028965016666667,0.2979756063277777,0.2909444305222222,0.0699811386495283,4.130428614285714,0.0154119729949999,0.2062524026761111,0.0186160285472641,0.1871035037536752,0.1352180507227777,2.67272219105,0.2637578418714285,0.0025927786723171,0.0222955005489285,0.0411304077966037,100.0,100.0,100.0,100.0,100.0,100.0,100.0,100.0,100.0,100.0,100.0,100.0,100.0,100.0,100.0,100.0,100.0,100.0,100.0,0.0,100.0,100.0,100.0,0.0,0.0,100.0,100.0,100.0,100.0,66.66666666666666,100.0,100.0,100.0,100.0,temporal1,0
0.0169493960378456,0.0192949232039319,1.3072354772,4.298090934753418e-05,1.6249998798499998,0.0096590152128205,1.62637578995,0.0982243003905457,0.0093736540172424,0.0069526293564044,0.017903902309303,0.1017943620558333,0.0658435929792424,0.0052138161145106,0.046166643945303,0.0143776936002147,0.0241570621670416,0.11378994131,0.0648537393728358,3.00758676,0.5582732749583333,1.3394285944500002,0.0564696969313636,3.925333335,0.011257052415,0.3374569806583334,0.0165892116904545,0.1902625658357534,0.2154301603341667,3.0403333605416667,0.2416760921,0.0021105269162442,0.0267458438845,0.0405213137416666,100.0,100.0,100.0,100.0,100.0,100.0,100.0,100.0,100.0,100.0,100.0,100.0,100.0,100.0,100.0,100.0,100.0,100.0,100.0,0.0,100.0,100.0,100.0,0.0,0.0,100.0,100.0,100.0,100.0,58.333333333333336,100.0,100.0,100.0,100.0,temporal1,0
0.0160809124596511,0.0191191619811086,0.2608616352,4.278421401977539e-05,4.388200038,0.0066096081447058,3.01102584,0.1092261662774619,0.0118406896704383,0.0061218558260655,0.0184529448158493,0.0920616785508333,0.0670155760243835,0.0042665948952673,0.0484657777363013,0.0184005320569912,0.0200852626948372,0.142099746259452,0.0655897307955405,3.00361736,0.3180574972916667,0.315166711775,0.0588904047538356,3.5536665866666666,0.01474404335,0.2282333373808333,0.0173252224876315,0.216851490697375,0.1304782032808333,2.9108333549083336,0.06625008583,0.0038673927378954,0.0212575495216666,0.0450088652654545,100.0,100.0,100.0,100.0,0.0,100.0,0.0,100.0,100.0,100.0,100.0,100.0,100.0,100.0,100.0,100.0,100.0,100.0,100.0,0.0,100.0,100.0,100.0,0.0,0.0,100.0,100.0,100.0,100.0,41.66666666666666,100.0,100.0,100.0,100.0,temporal1,0
0.0169213925302279,0.0194752485825347,1.036826687,4.6086311340332034e-05,1.1866665657666666,0.0068359984895116,1.1909517431333332,0.106810876791952,0.0099898370097466,0.0065797554216852,0.01742682774444,0.1404983400975,0.0653438059405333,0.0054698012691308,0.0627199999337733,0.0158611840640134,0.0130951303085957,0.1175408585593333,0.0866803199812,2.861806836470588,0.468248307675,0.459750115825,0.0727466613874666,3.5610001,0.0158940156233333,0.334634006,0.0163700993812,0.2052663865595181,0.191352546185,1.71240009962,0.2700987656333333,0.0023308676107984,0.021726552643,0.0405005467518421,100.0,100.0,100.0,100.0,100.0,100.0,100.0,99.50372208436724,100.0,100.0,100.0,100.0,100.0,100.0,100.0,100.0,100.0,100.0,100.0,0.0,100.0,100.0,100.0,0.0,0.0,100.0,100.0,100.0,100.0,100.0,100.0,100.0,100.0,100.0,temporal1,0
0.016295491700615,0.0200652950653905,1.302987035675,4.358291625976563e-05,1.4122499783000002,0.0079333847204181,1.4274581039749998,0.097922606998352,0.0088596838002072,0.0057572279346209,0.0166603316015405,0.0926642417846666,0.0689844827272972,0.0055146502238742,0.0420810768127027,0.01520181657667,0.0110894161086176,0.1105881445882883,0.0605333023138738,3.004300256,0.33922422722,0.33260002132,0.0523964005467567,3.93359999,0.0161347985225,0.23980277374,0.0157754846936607,0.1881949125853658,0.1376797516906666,2.362000016473333,0.2294896244249999,0.0028974965754191,0.0204696763622727,0.0388726515602564,100.0,100.0,100.0,100.0,100.0,100.0,100.0,100.0,100.0,100.0,100.0,100.0,100.0,100.0,100.0,100.0,100.0,100.0,100.0,0.0,100.0,100.0,100.0,0.0,0.0,100.0,100.0,100.0,100.0,66.66666666666666,100.0,100.0,100.0,100.0,temporal1,0
0.0169193247924479,0.0191506661024253,2.30384206,4.382133483886719e-05,2.53400015,0.0079888262826509,2.54905748,0.0994929860452534,0.0088421723913975,0.006262469221021,0.017458809423759,0.1917151450739999,0.06778174135,0.0050817497628487,0.0487108489043734,0.0128801820682949,0.0151878637892321,0.1238258890104819,0.0643816195245783,3.00554013,0.97524814526,1.52880000898,0.0587108565992771,3.53900003,0.01493724187,0.4647382258999999,0.0163499648269879,0.1961530524357609,0.263296937904,3.12459997988,0.2398595809,0.0023346969049895,0.0223942637419999,0.0393452420778124,100.0,100.0,100.0,100.0,100.0,100.0,100.0,100.0,100.0,100.0,100.0,100.0,100.0,100.0,100.0,100.0,100.0,100.0,100.0,0.0,100.0,100.0,100.0,0.0,0.0,100.0,100.0,100.0,100.0,80.0,100.0,100.0,100.0,100.0,temporal1,0
0.0158560079594279,0.0204947082406532,1.3132625801833335,5.022883415222168e-05,1.4163333559166666,0.0096553151836822,1.4290915294166668,0.1018794777255665,0.0101352358844895,0.0059963439364119,0.0171837235452083,0.070965830472,0.06810161966875,0.0052539618565808,0.0581666504230208,0.0172383037902748,0.0201091941630147,0.1214703668875,0.0820383702582291,3.0303130125,0.4685729817733333,0.46993331842,0.0691041772436458,4.0775001025,0.0205146074249999,0.2736007210839999,0.0171798591767708,0.200761567830283,0.1953442255393333,2.4640667381066668,0.2609877585833333,0.0066366338718857,0.022198593614,0.0376306867563999,100.0,100.0,100.0,100.0,100.0,100.0,100.0,99.59100204498978,100.0,100.0,100.0,100.0,100.0,100.0,100.0,100.0,100.0,100.0,100.0,0.0,100.0,100.0,100.0,0.0,0.0,100.0,100.0,100.0,100.0,73.33333333333333,100.0,100.0,100.0,100.0,temporal1,0
0.0154496081915948,0.0207599393102798,1.3165193753,4.4792890548706055e-05,4.032833353766667,0.0082932151847812,2.6959764442400003,0.0958431569190408,0.0088259132149126,0.0058553319691406,0.0181298788272815,0.0730881541926875,0.0640128029102912,0.0066472733760349,0.0448349748938834,0.0153394671426695,0.0211167277326097,0.103129002638932,0.0578645386652427,3.02408941,0.3270525782875,0.318374976475,0.0545339723157281,3.574333343333333,0.014076113695,0.22177617248125,0.0169006435576699,0.1819556666232743,0.140921339370625,3.71837499386875,0.26661074155,0.0026993703835162,0.02268299886,0.0387039184525,100.0,100.0,100.0,100.0,16.66666666666667,100.0,20.0,100.0,100.0,100.0,100.0,100.0,100.0,100.0,100.0,100.0,100.0,100.0,100.0,0.0,100.0,100.0,100.0,0.0,0.0,100.0,100.0,100.0,100.0,31.25,100.0,100.0,100.0,100.0,temporal1,0
0.0166714821399772,0.0217403130528973,0.3673615455,4.538893699645996e-05,0.5139999389,0.0113914992096249,0.5223493576,0.1005575027686932,0.0099973502896,0.0062477639949305,0.0187771395596947,0.0744018187792307,0.067169952382421,0.0053113654799037,0.0470421188677894,0.0146699177423147,0.0195266087819,0.1136331507816841,0.0587379405297894,3.008441206666667,0.3190233523461538,0.3123846237,0.0567578917965263,4.138571457142858,0.0158650279,0.2186848199776922,0.0169525724427272,0.1900085516955238,0.1406881808869231,2.2459230771,0.2255532741,0.0054904292602212,0.0228272318819999,0.0400381448083018,100.0,100.0,100.0,100.0,100.0,100.0,100.0,100.0,100.0,100.0,100.0,100.0,100.0,100.0,100.0,100.0,100.0,100.0,100.0,0.0,100.0,100.0,100.0,0.0,0.0,100.0,100.0,100.0,100.0,61.53846153846154,100.0,100.0,100.0,100.0,temporal1,0
0.016044609927287,0.0192457543921956,1.15699458,4.380345344543457e-05,2.95400011,0.0114134252052499,2.60724568,0.0946961527460626,0.0103331537374776,0.0065825419727336,0.0185129108671194,0.12270045279,0.0629614787176119,0.0037730593424736,0.0552985205483582,0.0131909772978786,0.0308122855602407,0.1006705440464179,0.0732764368333333,3.0168198275,0.4703628484111111,0.4637499738,0.0652835796007462,3.6340001175,0.01665210723,0.341722100925,0.0167006154811111,0.170867346382027,0.2051658331874999,3.103888878033333,0.302886486,0.0020025720192266,0.0216213176965517,0.0407182943214285,100.0,100.0,100.0,100.0,50.0,100.0,50.0,100.0,100.0,100.0,100.0,100.0,100.0,100.0,100.0,100.0,100.0,100.0,100.0,0.0,100.0,100.0,100.0,0.0,0.0,100.0,100.0,100.0,100.0,44.44444444444444,100.0,100.0,100.0,100.0,temporal1,0
0.015207516060606,0.0194321892442354,1.9781186545,4.176497459411621e-05,2.2399999654833334,0.0076618836463846,2.13456420434,0.1031887669148368,0.0099656684043857,0.0063748579570143,0.0185938187956142,0.08366757630375,0.0631486756335714,0.0043580969979387,0.0474000045159,0.0136316584195385,0.0169038061470701,0.1147079705975714,0.0645363569124285,3.009403663333333,0.3081252574375,0.2999375462125,0.0576285770861428,4.198666683333333,0.01980098088,0.2147806435349999,0.0178033419978571,0.1886423996066233,0.125541090935625,2.6081764945176467,0.26018958088,0.0028371658725848,0.0216814279507692,0.0457910941130769,100.0,100.0,100.0,100.0,100.0,100.0,100.0,100.0,100.0,100.0,100.0,100.0,100.0,100.0,100.0,100.0,100.0,100.0,100.0,0.0,100.0,100.0,100.0,0.0,0.0,100.0,100.0,100.0,100.0,70.58823529411765,100.0,100.0,100.0,100.0,temporal1,0
0.0150396969828571,0.0225265639536311,1.48504528538,4.311203956604004e-05,1.60740003408,0.0084308660931538,1.61085128412,0.1026025729716818,0.0078713266461278,0.0057543606803424,0.0180979384476992,0.0693961779230555,0.0659172319729323,0.0043878328226825,0.0448872092902255,0.0145933421017061,0.0156482846212558,0.1181485240412781,0.0634291990931297,3.008756315,0.3303708328352941,0.3328333695277778,0.0549774474574436,4.161285734285714,0.018845438955,0.2322312063349999,0.0175728051670992,0.191122215512585,0.1542616155066666,2.4284444367333338,0.2495693683199999,0.003909562762159,0.0222846212809523,0.0412057967851063,100.0,100.0,100.0,100.0,100.0,100.0,100.0,100.0,100.0,100.0,100.0,100.0,100.0,100.0,100.0,100.0,100.0,100.0,100.0,0.0,100.0,100.0,100.0,0.0,0.0,100.0,100.0,100.0,100.0,66.66666666666666,100.0,100.0,100.0,100.0,temporal1,0
0.015680348715909,0.0242725932158236,2.52886629,4.405975341796875e-05,2.65699982,0.0085545293101337,2.67120766,0.0934686742946711,0.0089193531429714,0.0059861120692074,0.0165856684912571,0.100905203809,0.0662924970799285,0.0043794419243823,0.0431857109018571,0.0130676107744111,0.0134488921775876,0.1034507070082143,0.0612183996508571,3.014428451666667,0.41536872383,0.4121999740199999,0.0535714251582857,3.5558333333333336,0.0144023299175,0.30333881373,0.0184337505354347,0.1743355133233333,0.198683285666,3.16389998998,0.3454227447,0.0034795183871687,0.0220443531840625,0.0408955370887037,100.0,100.0,100.0,100.0,100.0,100.0,100.0,100.0,100.0,100.0,100.0,100.0,100.0,100.0,100.0,100.0,100.0,100.0,100.0,0.0,100.0,100.0,100.0,0.0,0.0,100.0,100.0,100.0,100.0,40.0,100.0,100.0,100.0,100.0,temporal1,0
0.0153270276493096,0.0203160145478335,1.89562639904,4.280805587768555e-05,3.083142880842857,0.0091985702492166,2.1797052183666668,0.1006542019583844,0.0110553188121603,0.0063098655402324,0.0177095431158679,0.06678517162125,0.0686751064164151,0.0052509450905266,0.0576792482972924,0.0157835787895031,0.013949717558315,0.1202867075924528,0.0797380546198113,3.0034847680000003,0.29415060575,0.29181250924375,0.0680282790579245,4.2169999633333335,0.0176731745333333,0.20577408369,0.0149268136795283,0.1962648619560683,0.13470782337125,2.8631250091062497,0.2564718246,0.0044448749678934,0.022229897974,0.0396841019347916,100.0,100.0,100.0,100.0,71.42857142857143,100.0,83.33333333333333,100.0,100.0,100.0,100.0,100.0,100.0,100.0,100.0,100.0,100.0,100.0,100.0,0.0,100.0,100.0,100.0,0.0,0.0,100.0,100.0,100.0,100.0,62.5,100.0,100.0,100.0,100.0,temporal1,0
0.0150764731655566,0.0237727001650359,1.7877854969,3.837943077087402e-05,1.955444463977778,0.0076493476986896,1.8982996903,0.0993139932640903,0.0094735522214033,0.0050140753308202,0.0180098669831764,0.0716259864011612,0.0667378574485833,0.0053853140148294,0.0397374957731666,0.0134615585109092,0.0129521218183909,0.1255312750504583,0.0605993232326209,3.0140263186666667,0.3483662763733333,0.3482580876612903,0.0498125006654166,3.562799961,0.0170524120266666,0.2480276630274193,0.0175380254053164,0.1974808287428679,0.1565570523293548,3.1399142619914286,0.259167492325,0.0099404958559314,0.0215666670510526,0.037622910732375,100.0,100.0,100.0,100.0,100.0,100.0,100.0,99.81549815498155,100.0,100.0,100.0,100.0,100.0,100.0,100.0,100.0,100.0,100.0,100.0,0.0,100.0,100.0,100.0,0.0,0.0,100.0,100.0,100.0,100.0,45.71428571428572,100.0,100.0,100.0,100.0,temporal1,0
0.0196823737170784,0.0220199776897983,1.14014196,4.710555076599121e-05,1.944,0.0086900980567391,1.94875288,0.1150772034537589,0.0087288137054561,0.0061067625409862,0.0177763658613333,0.062752151484,0.0685004079429824,0.0041910394828037,0.0534473699332456,0.0139101831684352,0.0160137045921547,0.1622919825791228,0.0703404451571929,3.00870251,0.3745515346,0.3644999503499999,0.0632543940151754,3.5639998866666667,0.0147233804,0.273369002318,0.0173538442201754,0.23452685536096,0.204462099033,1.99220003885,0.3482739925,0.0033860298291037,0.0214316348208333,0.0402465221676595,100.0,100.0,100.0,100.0,100.0,100.0,100.0,100.0,100.0,100.0,100.0,100.0,100.0,100.0,100.0,100.0,100.0,100.0,100.0,0.0,100.0,100.0,100.0,0.0,0.0,100.0,100.0,100.0,100.0,70.0,100.0,100.0,100.0,100.0,temporal1,0
0.0165383136797571,0.0202959304205501,2.3615885533333336,5.132555961608887e-05,2.4860000566666667,0.008375377829266,2.4990665066666664,0.1037937641883618,0.0088659017382376,0.0059773698628329,0.0187382934074455,0.081024378528125,0.064391589390891,0.0051016967560939,0.0483663459743564,0.0144832195861609,0.0127585051941234,0.1366539071973267,0.0659284567947524,3.017244775714286,0.3348438262333333,0.3371249585937499,0.058079212010396,3.603571408571428,0.0145587126366666,0.24090029293125,0.0171537832739393,0.2051054270529203,0.155160531365,2.873999958193333,0.2877001166,0.0034726133523161,0.0216781111297058,0.038549004527317,100.0,100.0,100.0,100.0,100.0,100.0,100.0,100.0,100.0,100.0,100.0,100.0,100.0,100.0,100.0,100.0,100.0,100.0,100.0,0.0,100.0,100.0,100.0,0.0,0.0,100.0,100.0,100.0,100.0,53.333333333333336,100.0,100.0,100.0,100.0,temporal1,0
0.0158184790226882,0.0244767704911594,1.4910083255,4.201531410217285e-05,1.6204000455999998,0.0095192167480888,1.6234709711400002,0.0992876866678959,0.008917710996303,0.0056631766627836,0.0175646940829646,0.070747653635,0.065811850795606,0.0049382211460106,0.0480252456089898,0.0146321037881575,0.0143616199463785,0.1120024810942929,0.0635406062040098,3.01338198125,0.3309826055708333,0.3284166554125,0.0575050476704545,4.005333333333334,0.0175067186325,0.23507834470375,0.0173940997458823,0.1846582921812785,0.1588223774925,2.3260833394375,0.24921221728,0.006061088652535,0.0238016207973333,0.0409658903033734,100.0,100.0,100.0,100.0,100.0,100.0,100.0,100.0,100.0,100.0,100.0,100.0,100.0,100.0,100.0,100.0,100.0,100.0,100.0,0.0,100.0,100.0,100.0,0.0,0.0,100.0,100.0,100.0,100.0,66.66666666666666,100.0,100.0,100.0,100.0,temporal1,0
0.0176204832161196,0.0230925983273714,1.6492102919,4.460811614990234e-05,1.7723333005999995,0.0082083501305789,1.7829452316333334,0.0962277085458748,0.0105961657842342,0.0060066707822237,0.0202448518369639,0.0641013453841176,0.06576421057183,0.0050576678063179,0.048928115874183,0.0166615357976057,0.0117986938507058,0.1160007302056209,0.0686796934051923,3.0075287475000003,0.3163474400333333,0.3172940926941176,0.0586470669278431,3.56087496375,0.01488399505,0.2308883245764705,0.0163712272236538,0.1883154959004142,0.1612545742329411,2.555888888255556,0.2522468566333333,0.0066508115336409,0.022980070111,0.0412021800820312,100.0,100.0,100.0,100.0,100.0,100.0,100.0,100.0,100.0,100.0,100.0,100.0,100.0,100.0,100.0,100.0,100.0,100.0,100.0,0.0,100.0,100.0,100.0,0.0,0.0,100.0,100.0,100.0,100.0,55.55555555555556,100.0,100.0,100.0,100.0,temporal1,0
0.0155058460780054,0.0193901883427642,0.2608616352,4.320740699768066e-05,4.778400019999999,0.0075624499982857,3.0059787,0.0982877388250648,0.0091247679297215,0.0060287738536812,0.017895798134481,0.0900807163799091,0.065717449662405,0.0060509862114144,0.0518607610286075,0.0138295744631655,0.0147538760586034,0.1156975558874683,0.0710863463367088,3.00338133,0.3415035767545454,0.3371818065090908,0.0623164538973417,3.533333293333333,0.018094420425,0.2333100925372727,0.0165946936256962,0.1933922136929884,0.1353009613854545,3.352818181927273,0.06625008583,0.0032142996780364,0.0219536034934782,0.0413167391442857,100.0,100.0,100.0,100.0,0.0,100.0,0.0,100.0,100.0,100.0,100.0,100.0,100.0,100.0,100.0,100.0,100.0,100.0,100.0,0.0,100.0,100.0,100.0,0.0,0.0,100.0,100.0,100.0,100.0,36.36363636363637,100.0,100.0,100.0,100.0,temporal1,0
0.018587080283848,0.0216137531160632,1.6193404959666668,6.0278177261352536e-05,1.937250012425,0.0084146347589565,1.7505394614333334,0.1034788798818821,0.0100456489590898,0.0062856788018268,0.0167394889836067,0.080353832238,0.0702727698105618,0.006200164794176,0.0557977456625842,0.016852476647788,0.0124629906216825,0.11347302156,0.0889817784152809,3.0038910475,0.37010657782,0.36369996065,0.0654943766092134,4.305000106,0.02182269096,0.27762911314,0.0178103768379775,0.1949866620470408,0.1876852988879999,2.885545445618182,0.2324876785,0.0052218580238993,0.0222075581525,0.0470114174944117,100.0,100.0,100.0,100.0,100.0,100.0,100.0,100.0,100.0,100.0,100.0,100.0,100.0,100.0,100.0,100.0,100.0,100.0,100.0,0.0,100.0,100.0,100.0,0.0,0.0,100.0,100.0,100.0,100.0,63.63636363636363,100.0,100.0,100.0,100.0,temporal1,0
0.0157658874706008,0.02039471804373,1.616107698033333,4.383137351588199e-05,1.7569998868,0.0079710987509349,1.7703159631666665,0.0969986263794108,0.0095308174192718,0.0058578317219727,0.0168246968235145,0.1041424804133333,0.0666811026298058,0.0041270028969455,0.0477281612010679,0.0153752958176819,0.0108631571649041,0.09521492475,0.0712256884451,3.00343084,0.4319915175125,0.4382222483555555,0.0576310759517475,3.5610001,0.0168296496,0.3257876501522222,0.0168805287572277,0.1678710987342982,0.2162895202177777,1.7732221808666668,0.2324380874333333,0.0041307935519554,0.0232376787366666,0.0407825147358823,100.0,100.0,100.0,100.0,100.0,100.0,100.0,100.0,100.0,100.0,100.0,100.0,100.0,100.0,100.0,100.0,100.0,100.0,100.0,0.0,100.0,100.0,100.0,0.0,0.0,100.0,100.0,100.0,100.0,88.88888888888889,100.0,100.0,100.0,100.0,temporal1,0
0.0155035823852227,0.0208940748090586,2.288045592,4.2939186096191405e-05,2.39440002,0.0086226463293488,2.407620808,0.0954728451064351,0.0081673833442159,0.0060072716133639,0.0199310508601818,0.0806118079461428,0.0653471052542045,0.0062286164601796,0.045988630159659,0.0173242832722999,0.01203715801,0.1025065752426136,0.066580157375909,3.004998678333333,0.3351121799928571,0.3351428167714286,0.0559090755081818,3.5538334000000003,0.011970877645,0.2332653828571428,0.0180287821686363,0.1787793271039796,0.1467303037357143,3.0905714002357145,0.26258516308,0.002544274329084,0.0201187644639285,0.0429933865817777,100.0,100.0,100.0,100.0,100.0,100.0,100.0,99.78021978021978,100.0,100.0,100.0,100.0,100.0,100.0,100.0,100.0,100.0,100.0,100.0,0.0,100.0,100.0,100.0,0.0,0.0,100.0,100.0,100.0,100.0,57.142857142857146,100.0,100.0,100.0,100.0,temporal1,0
0.0158406541105446,0.0231123500366,0.2608616352,4.52578067779541e-05,3.585000035,0.0082702401422171,3.00229382,0.0993482704112672,0.009580007450192,0.0056027496362228,0.0165930189006556,0.086073191946,0.0642527491745033,0.004765082513893,0.0428675515708609,0.0149086202816416,0.0115065375935357,0.1013365833786755,0.0633016220606666,3.0042746,0.63925530066,1.02543745865,0.0523973553299999,3.5150001,0.01576042175,0.3851221871093333,0.0174162707828859,0.1737916711897006,0.2842769937733333,1.7771999342,0.06625008583,0.0040441061306079,0.024435672756,0.041305252840851,100.0,100.0,100.0,100.0,0.0,100.0,0.0,100.0,100.0,100.0,100.0,100.0,100.0,100.0,100.0,100.0,100.0,100.0,100.0,0.0,100.0,100.0,100.0,0.0,0.0,100.0,100.0,100.0,100.0,80.0,100.0,100.0,100.0,100.0,temporal1,0
0.0157726743066666,0.0227734552636629,0.2608616352,4.364252090454102e-05,2.44099998,0.0141640765047709,0.4397904872,0.0940570066976457,0.0109643192451192,0.0064312351458611,0.0168386796155871,0.0575027806304285,0.0680771967548623,0.0050616015009019,0.0568623914522018,0.014472481799103,0.0161647641786623,0.1095786925686238,0.0801086127575,3.009224328333333,0.3437965256285714,0.3397142886571428,0.0670275316201834,4.130285701428571,0.01487398147,0.2496617861728571,0.0169450674376415,0.1850796579944166,0.1779247692385714,4.067571398571429,0.06625008583,0.0043980701285976,0.0222886204695833,0.0396965531694117,100.0,100.0,100.0,100.0,100.0,100.0,100.0,99.8158379373849,100.0,100.0,100.0,100.0,100.0,100.0,100.0,100.0,100.0,100.0,100.0,0.0,100.0,100.0,100.0,0.0,0.0,100.0,100.0,100.0,100.0,14.285714285714292,100.0,100.0,100.0,100.0,temporal1,0
0.016165165169429,0.0218854853794407,0.2608616352,4.4286251068115234e-05,4.372500016666667,0.0087917447077884,3.010936542,0.1019545505768161,0.0083125701607107,0.0061438693832112,0.0186061070927272,0.0866126219259999,0.0668316852824793,0.0047061333070173,0.0422975287887603,0.0139583849704055,0.0173865983481358,0.1437401495347934,0.0609537451614876,3.028967566,0.3674640655066666,0.3619999885066667,0.0533636404357851,4.310000046666667,0.0137449502883333,0.26764488214,0.0160442600521487,0.2125487932139552,0.1681630611026666,3.435200003793333,0.06625008583,0.0060117678197297,0.0224937959122727,0.039418849073409,100.0,100.0,100.0,100.0,0.0,100.0,0.0,100.0,100.0,100.0,100.0,100.0,100.0,100.0,100.0,100.0,100.0,100.0,100.0,0.0,100.0,100.0,100.0,0.0,0.0,100.0,100.0,100.0,100.0,33.33333333333333,100.0,100.0,100.0,100.0,temporal1,0
0.0159936509353468,0.0183702252103197,1.3005046020666666,4.408359527587891e-05,2.7497142347857144,0.0085245534464901,2.440753864228572,0.1010413789637449,0.0103286150324054,0.0059598149643302,0.0201256081815945,0.0824639797146153,0.069010289931081,0.0044166771861509,0.0600675537677026,0.0156366288065511,0.024727164084054,0.1123462593068918,0.0885641370348571,3.00385951,0.3344810558769232,0.3292307486461538,0.0707973080586486,3.59299993,0.01816153526,0.2427740830184615,0.016627144809,0.1952203221085365,0.1545747793261538,2.4486923182461533,0.2739369868666666,0.003558238347066,0.0210291809477777,0.0420742034863636,100.0,100.0,100.0,100.0,42.85714285714285,100.0,42.85714285714285,100.0,100.0,100.0,100.0,100.0,100.0,100.0,100.0,100.0,100.0,100.0,100.0,0.0,100.0,100.0,100.0,0.0,0.0,100.0,100.0,100.0,100.0,61.53846153846154,100.0,100.0,100.0,100.0,temporal1,0
0.015173194204013,0.0197661292354775,2.342185413333333,4.194974899291992e-05,2.445666706666666,0.0074232925057454,2.4455711800000004,0.0985412815711396,0.008291328653196,0.0061933348505696,0.0187765850697745,0.0766929279563636,0.0655790964665686,0.0042328948837397,0.0473529591195098,0.0159170160925601,0.0197613510180681,0.1348935575760784,0.0646335424053921,3.0037015050000004,0.3617192831363636,0.3585454116727273,0.0576666663583333,3.558249945,0.0177239179549999,0.2635538577590908,0.0153198592761764,0.2045742684020354,0.1847604187690909,2.6624545794181818,0.2692752678333333,0.0026343803769507,0.0225725620959375,0.0387086205972222,100.0,100.0,100.0,100.0,100.0,100.0,100.0,99.61013645224172,100.0,100.0,100.0,100.0,100.0,100.0,100.0,100.0,100.0,100.0,100.0,0.0,100.0,100.0,100.0,0.0,0.0,100.0,100.0,100.0,100.0,63.63636363636363,100.0,100.0,100.0,100.0,temporal1,0
0.0151008072095043,0.0231256740395704,1.6010943020375,4.2957067489624026e-05,1.710624928525,0.0079722019918951,1.720734117075,0.1007132284538988,0.0099504100271146,0.0060665814926393,0.0172378333468662,0.0714687975881818,0.0651977107663694,0.005034623641457,0.0520382155166878,0.017034001022947,0.0162332757863119,0.1307098440010828,0.0766519648533117,3.0087898133333333,0.3070676001136363,0.3001363168636363,0.0625222837726751,3.559499895,0.01454055309,0.2147938337686363,0.0165101671791025,0.2014517218717919,0.141105337545,2.213478260408696,0.2385689615875,0.004227706362664,0.0228718072125,0.0395029674831818,100.0,100.0,100.0,100.0,100.0,100.0,100.0,99.7289972899729,100.0,100.0,100.0,100.0,100.0,100.0,100.0,100.0,100.0,100.0,100.0,0.0,100.0,100.0,100.0,0.0,0.0,100.0,100.0,100.0,100.0,73.91304347826087,100.0,100.0,100.0,100.0,temporal1,0
0.0153500547878041,0.0211584363996902,1.5116806008428572,4.315972328186035e-05,1.6068571945,0.0077460273609892,1.6144642468714288,0.1032291631314187,0.0092253368207202,0.0055207312350381,0.0172383118300279,0.0636007505264705,0.0654517437068531,0.0043854431557044,0.0422307744652447,0.0174005007610834,0.0175957699420578,0.1477992617111189,0.0579761331908904,3.0067065200000003,0.3421165015499999,0.3345293998235294,0.0529580366260139,3.557600016,0.015566468235,0.2469817329411765,0.0161802395631972,0.2164513294392405,0.180959378937647,2.4088235568764707,0.2549098900142857,0.003617252621051,0.0230614785766666,0.0361365596396666,100.0,100.0,100.0,100.0,100.0,100.0,100.0,100.0,100.0,100.0,100.0,100.0,100.0,100.0,100.0,100.0,100.0,100.0,100.0,0.0,100.0,100.0,100.0,0.0,0.0,100.0,100.0,100.0,100.0,70.58823529411765,100.0,100.0,100.0,100.0,temporal1,0
0.0168533518845378,0.0195769367023778,0.6405251802999999,4.456043243408203e-05,2.3061666072166664,0.00934951782124,2.0336217048333336,0.0991848977898002,0.0092172282070259,0.0056405081993201,0.0182286702141818,0.075449784585,0.0672400276268831,0.0047616652387247,0.0520519621868831,0.0153139159275913,0.0233173715855942,0.1205835342158441,0.0753127909197402,3.007934325,0.3279050389416666,0.32333332295,0.0617532482266233,3.573499915,0.01133012771,0.2365267077683333,0.0183232418854545,0.1946478675029412,0.15546546376,2.444416678475,0.2702781359,0.0038769149770976,0.0208878040285,0.0414006088047826,100.0,100.0,100.0,100.0,50.0,100.0,50.0,99.75550122249388,100.0,100.0,100.0,100.0,100.0,100.0,100.0,100.0,100.0,100.0,100.0,0.0,100.0,100.0,100.0,0.0,0.0,100.0,100.0,100.0,100.0,58.333333333333336,100.0,100.0,100.0,100.0,temporal1,0
0.0154282344275354,0.0185571230655935,0.2608616352,4.322528839111328e-05,5.6630001,0.0081322616989777,3.00336027,0.0959119731517344,0.0111764606664736,0.0058848176671039,0.0171594243260526,0.13671759195,0.0641485327068421,0.0049238536084907,0.0501052737157894,0.014091957314847,0.0209768289703604,0.1298690375239473,0.066500751588421,3.0088489,0.4751630850714286,0.4667143139999999,0.0606710314652631,3.544666603333333,0.01425536473,0.3694437230714285,0.0159118332319736,0.2017422800585714,0.2257490498128571,3.165000062571429,0.06625008583,0.0020721554748079,0.0217552847311111,0.0400360707248387,100.0,100.0,100.0,100.0,0.0,100.0,0.0,100.0,100.0,100.0,100.0,100.0,100.0,100.0,100.0,100.0,100.0,100.0,100.0,0.0,100.0,100.0,100.0,0.0,0.0,100.0,100.0,100.0,100.0,42.85714285714285,100.0,100.0,100.0,100.0,temporal1,0
0.0167104250414332,0.018101251690115,0.2608616352,4.370808601379394e-05,2.44099998,0.0088447311437017,0.4397904872,0.1006698928729244,0.0103208505173846,0.0061107400919419,0.0175780773120153,0.08749657868,0.0642582526484615,0.0037181326132043,0.0550461548943076,0.0145901918393603,0.0124442577328214,0.1405523189887692,0.0780356810526154,3.01590907,0.3765366673125,0.3791249989999999,0.0656000027147692,3.5597499575,0.01532006263,0.28146997089625,0.0172961675161538,0.2077791822872222,0.19226452703625,2.4769999950000003,0.06625008583,0.0022477763031957,0.0204929470995,0.0392919182717857,100.0,100.0,100.0,100.0,100.0,100.0,100.0,100.0,100.0,100.0,100.0,100.0,100.0,100.0,100.0,100.0,100.0,100.0,100.0,0.0,100.0,100.0,100.0,0.0,0.0,100.0,100.0,100.0,100.0,50.0,100.0,100.0,100.0,100.0,temporal1,0
0.0156030372484466,0.0253533742368156,1.8420018789571428,4.177689552307129e-05,2.23500000865,0.0085707936951387,2.163050020125,0.1025853002542486,0.0086973458513291,0.0055716964783047,0.01793288290115,0.0642760431014705,0.065882403639875,0.0053077066638147,0.0538083354180124,0.0146522426855891,0.0123891975794695,0.1229977905369583,0.0779502322065975,3.011820056875,0.2972551163,0.2938235156147059,0.0639666695909583,3.8168823252941184,0.0154168605759999,0.205961031027647,0.0169562502030672,0.1977919235607924,0.1335646755247058,2.899941167479412,0.2809550080428571,0.0054100476760379,0.021440494058,0.0406428150691954,100.0,100.0,100.0,100.0,87.5,100.0,87.5,99.81515711645102,100.0,100.0,100.0,100.0,100.0,100.0,100.0,100.0,100.0,100.0,100.0,0.0,100.0,100.0,100.0,0.0,0.0,100.0,100.0,100.0,100.0,50.0,100.0,100.0,100.0,100.0,temporal1,0
0.0161640769112458,0.0183308414180156,2.28328633,4.338622093200684e-05,4.36000001,0.008552507558,2.84412479,0.0954680435948281,0.0088867023570781,0.006532942044679,0.0187808349679531,0.1193751493944444,0.0670045651410937,0.0044273941406086,0.0521249994540625,0.0142662399892329,0.0112673555081428,0.1080262660807812,0.0707695736898484,3.020169413333333,0.37612152094,0.3712221781,0.0624062567815625,3.803666743333333,0.0174870491,0.2701966762111111,0.0169607169555223,0.1835142155388732,0.1455941464966667,3.0427999951,0.2539479732,0.0030347235653347,0.0224741895966666,0.03889355659,100.0,100.0,100.0,100.0,25.0,100.0,33.33333333333333,100.0,100.0,100.0,100.0,100.0,100.0,100.0,100.0,100.0,100.0,100.0,100.0,0.0,100.0,100.0,100.0,0.0,0.0,100.0,100.0,100.0,100.0,50.0,100.0,100.0,100.0,100.0,temporal1,0
0.0151594414641196,0.0228488098707464,2.295485015,5.400180816650391e-05,2.424499865,0.0087984487402312,2.42126345,0.0991098291000204,0.0094343730881666,0.0057613276703521,0.0183862086459924,0.0871669544788235,0.0676037831626515,0.0042174800905265,0.0463030229846969,0.0173223655793266,0.0175526762363495,0.1265510248141666,0.0618892384189393,3.010720805,0.4881663177941177,0.485000021217647,0.0562727198368181,3.6687143142857135,0.0148197015066666,0.3079940570317646,0.017741721683409,0.1983121420849315,0.2110304271017646,2.389823517988236,0.2693569659333333,0.0038540651049266,0.0213602781272222,0.0415495880674137,100.0,100.0,100.0,100.0,100.0,100.0,100.0,100.0,100.0,100.0,100.0,100.0,100.0,100.0,100.0,100.0,100.0,100.0,100.0,0.0,100.0,100.0,100.0,0.0,0.0,100.0,100.0,100.0,100.0,64.70588235294117,100.0,100.0,100.0,100.0,temporal1,0
0.0168338699444444,0.0186675124664763,0.9770355220666668,4.514058430989584e-05,1.1183333373,0.0083965496577727,1.130757249666667,0.1021152811723264,0.0098978598903,0.0064752001349099,0.0206169406520499,0.097416102874375,0.0662556648141666,0.0042500170789659,0.0458833257286666,0.0106129365518764,0.0319740230341969,0.1250083128393333,0.0623281240336666,3.0044887025,0.4103276133125,0.4173749684875,0.0559833168933333,3.55075001,0.04194688796,0.29307219382625,0.0181864062898333,0.1968644839201492,0.19089990850375,2.8354443925,0.2632118860333333,0.0023863112665011,0.0205067892841666,0.0388233741083333,100.0,100.0,100.0,100.0,100.0,100.0,100.0,99.41176470588236,100.0,100.0,100.0,100.0,100.0,100.0,100.0,100.0,100.0,100.0,100.0,0.0,100.0,100.0,100.0,0.0,0.0,100.0,100.0,100.0,100.0,55.55555555555556,100.0,100.0,100.0,100.0,temporal1,0
0.0164518033958275,0.0205241690786032,2.26864588,4.4679641723632814e-05,2.467000005,0.0139614045603571,2.47728204,0.0963737904752046,0.0087340106343936,0.0061113914252186,0.0171573035216595,0.1360255717979999,0.0651135064105319,0.0088174912448059,0.0453297736734042,0.0170723240129408,0.0178964985704999,0.0992714217174468,0.0706150988189361,3.00447809,0.46193904872,0.4638000487599999,0.0548085151767021,4.818333379999999,0.0148976643833333,0.3626502513399999,0.0168055371992553,0.1767560953886538,0.224907302834,3.6591999484,0.23344230645,0.0044703070925651,0.0238182544669444,0.0380965567878378,100.0,100.0,100.0,100.0,100.0,100.0,100.0,100.0,100.0,100.0,100.0,100.0,100.0,100.0,100.0,100.0,100.0,100.0,100.0,0.0,100.0,100.0,100.0,0.0,0.0,100.0,100.0,100.0,100.0,60.0,100.0,100.0,100.0,100.0,temporal1,0
0.014918325583631,0.0226110791638917,2.284739828571429,4.526376724243164e-05,2.3682499775,0.0076095634026111,2.382579627142857,0.0982720646711773,0.0078105391588525,0.0057048231472946,0.0164847450337115,0.0633503969917647,0.0656263981023718,0.0050435900676318,0.0392756462036538,0.0126655108701062,0.0115489933198666,0.1321140558034615,0.0544895071157692,3.012432094,0.2943603431,0.2911764452941177,0.049602549801923,4.243499991666666,0.01879469553,0.2100567396535294,0.0160862879832692,0.2013376354737791,0.1422231197058823,2.818444420177778,0.2463258334,0.0037422899913526,0.0203657547593333,0.0391047283706779,100.0,100.0,100.0,100.0,100.0,100.0,100.0,100.0,100.0,100.0,100.0,100.0,100.0,100.0,100.0,100.0,100.0,100.0,100.0,0.0,100.0,100.0,100.0,0.0,0.0,100.0,100.0,100.0,100.0,72.22222222222223,100.0,100.0,100.0,100.0,temporal1,0
0.0169055068423432,0.0195072728825536,1.900688803333333,4.457235336303711e-05,2.5562500325,0.0087856804871111,2.421615715,0.1025589410505269,0.0107176415593124,0.0069966557259199,0.0183315724094687,0.077364206301,0.070409614580625,0.0040004823512934,0.043703109018125,0.0141980404131446,0.0138370410784594,0.1355931870375,0.0641591139060937,3.0111522625,0.3391055344999999,0.33809998031,0.0534687377426562,4.389200014,0.011257052415,0.2448078631989999,0.0187301225914062,0.2094793620512676,0.163667774158,3.4033999409100004,0.2947815258666666,0.0023649086545625,0.0336974978415,0.044012088036923,100.0,100.0,100.0,100.0,75.0,100.0,75.0,100.0,100.0,100.0,100.0,100.0,100.0,100.0,100.0,100.0,100.0,100.0,100.0,0.0,100.0,100.0,100.0,0.0,0.0,100.0,100.0,100.0,100.0,50.0,100.0,100.0,100.0,100.0,temporal1,0
0.0159223574617251,0.0196627449757764,2.321363805,4.447102546691895e-05,2.454499955,0.006922940949054,2.46665811,0.098661850894602,0.0095944597903783,0.0060790628408856,0.0173253755273243,0.13238515851,0.0736486073998648,0.0056618639059313,0.0385946067544594,0.0124369895493619,0.0114146850295909,0.1139307859552702,0.0552833144671621,3.0079042066666664,0.3909352619833333,0.39220004076,0.0488648543424324,4.584749915,0.011257052415,0.281284856772,0.0175369528938961,0.2012305170979012,0.1471918582619999,3.75249993295,0.230900526,0.0018899339302608,0.02396682898,0.0367958043705263,100.0,100.0,100.0,100.0,100.0,100.0,100.0,100.0,100.0,100.0,100.0,100.0,100.0,100.0,100.0,100.0,100.0,100.0,100.0,0.0,100.0,100.0,100.0,0.0,0.0,100.0,100.0,100.0,100.0,50.0,100.0,100.0,100.0,100.0,temporal1,0
0.015632742438124,0.0236080132962528,1.77594983105,4.377365112304688e-05,1.8797498909,0.0085992232824656,1.8878464086,0.0984078725808115,0.0082027158415741,0.0057792402284386,0.0169937333709483,0.1010400397307142,0.0666632175330322,0.0037094632234383,0.0460129076367741,0.014679645892157,0.0176912045105217,0.1196446680053548,0.0654189386580645,3.0049089725,0.4553036518857142,0.4521428346071428,0.0559870935165806,4.08899998,0.02045416831,0.3515416383214285,0.0178690602655483,0.18908307841269,0.2061661140857143,2.5193571499928566,0.2195599078499999,0.0046567448535406,0.0239461193826086,0.0390761054878688,100.0,100.0,100.0,100.0,100.0,100.0,100.0,100.0,100.0,100.0,100.0,100.0,100.0,100.0,100.0,100.0,100.0,100.0,100.0,0.0,100.0,100.0,100.0,0.0,0.0,100.0,100.0,100.0,100.0,71.42857142857143,100.0,100.0,100.0,100.0,temporal1,0
0.0161641939562328,0.0211992176100146,1.8514685069,4.473328590393066e-05,2.020272728690909,0.0082669448146594,2.00433384912,0.0975520332134282,0.0091623142349375,0.0055934104148963,0.0174294883968333,0.064614379394,0.0683633138634375,0.0053919133009411,0.0548333302035416,0.0129900719311793,0.0186737935525773,0.1020457669908333,0.0778267997920618,3.0090116633333337,0.2967642306849999,0.2937500118799999,0.0643645698707291,3.925818179090909,0.0157347321475,0.20110695358,0.0182517667570833,0.1813942058646226,0.1292077421905,3.305652241191304,0.2582245402444444,0.002186906337064,0.0225008400977272,0.0405331156930232,100.0,100.0,100.0,100.0,100.0,100.0,100.0,100.0,100.0,100.0,100.0,100.0,100.0,100.0,100.0,100.0,100.0,100.0,100.0,0.0,100.0,100.0,100.0,0.0,0.0,100.0,100.0,100.0,100.0,56.52173913043478,100.0,100.0,100.0,100.0,temporal1,0
0.0149678319079248,0.0201956087859842,1.2947162372499998,4.451274871826172e-05,1.4450000495,0.0082323897958181,1.4481247645000002,0.0980297344792779,0.0084484730434071,0.0056563704092887,0.0176286118333928,0.07517513361,0.0663745130705714,0.004292141198485,0.0409714187817142,0.0141083127768078,0.0149406406339345,0.1216211131391428,0.0604320133333088,3.01399966,0.3314904030857143,0.3265454768636364,0.0509214213841428,3.5559999600000003,0.012377023695,0.2323752315986363,0.0153465165766911,0.1933718727115483,0.1535768725322727,1.9991303919173915,0.26072812075,0.0039091110218727,0.0224547386145,0.0359489999925862,100.0,100.0,100.0,100.0,100.0,100.0,100.0,100.0,100.0,100.0,100.0,100.0,100.0,100.0,100.0,100.0,100.0,100.0,100.0,0.0,100.0,100.0,100.0,0.0,0.0,100.0,100.0,100.0,100.0,65.21739130434783,100.0,100.0,100.0,100.0,temporal1,0
0.0168033519233098,0.0215454585535387,1.531023022875,4.361271858215332e-05,2.5449999931666665,0.0087257525951147,2.3664940153333336,0.1001522009963424,0.0087643823306989,0.0066999756616472,0.0201436652890322,0.0783233642472222,0.0666623807638709,0.0051969559514087,0.0496989116785053,0.0136116318974294,0.0119422546423928,0.1184235106025806,0.0746727092155914,3.012382505,0.3883241546888888,0.3855555586777777,0.0594946440734408,3.54199993,0.015423417085,0.26534716282,0.0176029974370967,0.18983366852375,0.1805149183988889,3.263444446788889,0.28966307635,0.0027085145303665,0.022463639573,0.0438074429762222,100.0,100.0,100.0,100.0,66.66666666666666,100.0,66.66666666666666,100.0,100.0,100.0,100.0,100.0,100.0,100.0,100.0,100.0,100.0,100.0,100.0,0.0,100.0,100.0,100.0,0.0,0.0,100.0,100.0,100.0,100.0,55.55555555555556,100.0,100.0,100.0,100.0,temporal1,0
0.0149503195503837,0.0222181790079223,1.22182703,4.4679641723632814e-05,4.198333312222222,0.0066096081447058,2.979298518571429,0.0966983000765152,0.0079739483021224,0.0059005790147291,0.0175354699664591,0.0609724322916666,0.0667769470870408,0.0052426967058695,0.0475000045638775,0.0117158064352372,0.0203157884067962,0.1170467478656122,0.0668769216429999,3.01746785,0.3290905157166666,0.3272500037833333,0.0578469208192857,3.55200016,0.01804089546,0.2297394871333333,0.0177600018786734,0.1917146200321296,0.1657022237458333,3.745999990669231,0.3382451534,0.0038925027838242,0.0235879054392307,0.0411461035366666,100.0,100.0,100.0,100.0,33.33333333333333,100.0,14.285714285714292,100.0,100.0,100.0,100.0,100.0,100.0,100.0,100.0,100.0,100.0,100.0,100.0,0.0,100.0,100.0,100.0,0.0,0.0,100.0,100.0,100.0,100.0,38.46153846153846,100.0,100.0,100.0,100.0,temporal1,0
0.0154978852306901,0.0235422951077212,1.4935705637,4.33504581451416e-05,1.58260001636,0.0086401968948449,1.59335865836,0.1012037931141923,0.0094344938102972,0.0064205677791651,0.0187481963916283,0.0653082446005263,0.0659713712787838,0.0051867793181462,0.0618783622041216,0.0163630321708954,0.019247499601802,0.1182080281462837,0.0818568790129729,3.015321583,0.3181803225947368,0.3136315847263158,0.0716959463452027,3.920181790909091,0.016307294365,0.2237195466278947,0.0158623231385135,0.1924145424875,0.1558258282189474,3.099473661068421,0.25193705554,0.003429232981071,0.0231282711006666,0.0382461901007407,100.0,100.0,100.0,100.0,100.0,100.0,100.0,100.0,100.0,100.0,100.0,100.0,100.0,100.0,100.0,100.0,100.0,100.0,100.0,0.0,100.0,100.0,100.0,0.0,0.0,100.0,100.0,100.0,100.0,47.36842105263158,100.0,100.0,100.0,100.0,temporal1,0
0.0192268212966742,0.021429000976147,2.29533521,4.230737686157226e-05,2.38366667,0.0084447279931923,2.39165242,0.1043034941866097,0.0083577067568041,0.0059704135714115,0.0180495006482164,0.06650486859,0.0666274065706185,0.006131085164927,0.0387010377653608,0.0157297711342401,0.0191307108939655,0.1461695026869072,0.0560590163885567,3.0097078833333337,0.3424673730272727,0.3411818417272727,0.048432984295567,4.121000041428572,0.01877278089,0.2522167292,0.0166836251864948,0.2184757227814953,0.182926264640909,3.5063636482636364,0.2820866902,0.0044039698196545,0.0220737655933333,0.0402287786611363,100.0,100.0,100.0,100.0,100.0,100.0,100.0,100.0,100.0,100.0,100.0,100.0,100.0,100.0,100.0,100.0,100.0,100.0,100.0,0.0,100.0,100.0,100.0,0.0,0.0,100.0,100.0,100.0,100.0,45.45454545454545,100.0,100.0,100.0,100.0,temporal1,0
0.0175629536466514,0.0251309053917221,0.9849024199166668,4.3886899948120114e-05,1.0791666084333331,0.0084749688478571,1.0897042320666668,0.1055346660277618,0.0093832755895862,0.0059554468842738,0.0179600703852857,0.0659575336768421,0.0668545027557142,0.0047662913587628,0.0549162526330049,0.0145891732270415,0.0134396868567352,0.1291473780692118,0.080133568462463,3.012447592,0.3586173057166666,0.3547368049210526,0.0647389289657142,3.623799986,0.0145262990625714,0.2613563662673684,0.0179470376173762,0.2017610941296,0.1928522837431578,2.008473631405263,0.2913580621428572,0.0048864001303542,0.0238653207379487,0.0415094738201408,100.0,100.0,100.0,100.0,100.0,100.0,100.0,100.0,100.0,100.0,100.0,100.0,100.0,100.0,100.0,100.0,100.0,100.0,100.0,0.0,100.0,100.0,100.0,0.0,0.0,100.0,100.0,100.0,100.0,73.6842105263158,100.0,100.0,100.0,100.0,temporal1,0
0.0177466041808495,0.0199016515999484,2.280996555,4.297494888305664e-05,2.404999965,0.007749071826358,2.4079921200000003,0.1081144365482099,0.0083910650661333,0.0065805704827643,0.0170987182155444,0.1067835262757142,0.0619923803421111,0.0050765551045615,0.0540777815625555,0.0141509884425115,0.0186091774953214,0.14371565445,0.0758525722761052,3.014366145,0.4003931113142857,0.3981428145857143,0.0640555514102222,3.570499895,0.01535701751,0.2956702027628571,0.0163381444038888,0.2101434111257999,0.1865548065328572,2.4765714549142857,0.2458361386999999,0.0039577913272641,0.0225968085761538,0.0412213748106818,100.0,100.0,100.0,100.0,100.0,100.0,100.0,100.0,100.0,100.0,100.0,100.0,100.0,100.0,100.0,100.0,100.0,100.0,100.0,0.0,100.0,100.0,100.0,0.0,0.0,100.0,100.0,100.0,100.0,71.42857142857143,100.0,100.0,100.0,100.0,temporal1,0
0.0147938955371988,0.0201651838992882,2.30185246,4.38690185546875e-05,2.60400009,0.00843001365488,2.59778261,0.097879923414625,0.0114670625087435,0.0063576844952455,0.017367787846141,0.11107194423,0.0678828526692307,0.0056717374098818,0.0476666597129487,0.0122059938242167,0.0136543837436363,0.1143548641302564,0.0633447013318421,3.004145776666667,0.33162975305,0.3653333186833333,0.0582179625738461,3.5643332733333337,0.0133690834,0.2606629331525,0.0189850689572602,0.192692523741279,0.1475297013541666,2.341750024275,0.2179596424,0.0029145503522536,0.0220319399442307,0.0422147379933333,100.0,100.0,100.0,100.0,100.0,100.0,100.0,99.75490196078432,100.0,100.0,100.0,100.0,100.0,100.0,100.0,100.0,100.0,100.0,100.0,0.0,100.0,100.0,100.0,0.0,0.0,100.0,100.0,100.0,100.0,62.5,100.0,100.0,100.0,100.0,temporal1,0
0.0155787610611776,0.0213041855708097,1.5316317651,4.379749298095703e-05,2.13699993634,0.0076591639678965,2.03481683342,0.0976948754738204,0.0085140877745775,0.0053671201898486,0.0193708436197068,0.0620629489276874,0.0680019074381896,0.004775400568067,0.0624310456345689,0.0148894270935331,0.0188062279281666,0.1067867895437068,0.0875633338255172,3.009218177142857,0.31497408445,0.30743749435625,0.0718103544318965,3.5647143942857147,0.01443099975,0.21574865276875,0.0182795586216379,0.1859893723924219,0.15177112814375,2.9035624828312505,0.276784777575,0.0027725788253185,0.021808660028,0.039119634624,100.0,100.0,100.0,100.0,80.0,100.0,80.0,100.0,100.0,100.0,100.0,100.0,100.0,100.0,100.0,100.0,100.0,100.0,100.0,0.0,100.0,100.0,100.0,0.0,0.0,100.0,100.0,100.0,100.0,50.0,100.0,100.0,100.0,100.0,temporal1,0
0.0161277341814571,0.0198895635829399,2.26995007,4.240274429321289e-05,2.36933334,0.0069854179997666,2.37620544,0.1010596453762475,0.0098704083747333,0.0065237465928178,0.0190733750614666,0.096713137615,0.0669753551378666,0.0038734106252242,0.0544133249813333,0.0144858288346078,0.0124530438997962,0.1294173971589333,0.0773652966658666,3.03364677,0.34121060366,0.33629996772,0.0646666622068,3.5820000120000004,0.01596093177,0.235801505999,0.0189342792673972,0.2005485195303614,0.1358057022,3.2238999811,0.2591935792666667,0.0040764659635388,0.0236917275623076,0.0419281959492,100.0,100.0,100.0,100.0,100.0,100.0,100.0,100.0,100.0,100.0,100.0,100.0,100.0,100.0,100.0,100.0,100.0,100.0,100.0,0.0,100.0,100.0,100.0,0.0,0.0,100.0,100.0,100.0,100.0,50.0,100.0,100.0,100.0,100.0,temporal1,0
0.0162811899040671,0.0233477555896996,1.8674133983,4.4065713882446286e-05,1.9667499913875,0.0090221194692121,1.9762608970875,0.1019915392442124,0.0098824289095,0.0055160309048346,0.0179113811873833,0.0632081857053846,0.0659760179853809,0.0047173670353571,0.0425619011770285,0.0134031776454662,0.0130214165486929,0.1293909356453333,0.0629361332217874,3.013245006,0.3061016247384615,0.3011538890153846,0.0522142887024761,3.5575,0.0151300032883333,0.2106870228984615,0.0169042967794711,0.2011087332293073,0.1421328599307692,2.639192284319231,0.2405364810874999,0.0049856730855241,0.0239857584202083,0.0378471402520588,100.0,100.0,100.0,100.0,100.0,100.0,100.0,99.76525821596243,100.0,100.0,100.0,100.0,100.0,100.0,100.0,100.0,100.0,100.0,100.0,0.0,100.0,100.0,100.0,0.0,0.0,100.0,100.0,100.0,100.0,61.53846153846154,100.0,100.0,100.0,100.0,temporal1,0
0.0153750310576272,0.0256335154189535,1.7246536156714285,4.333257675170898e-05,1.830571442757143,0.0084211668208275,2.07589665745,0.102560876339115,0.0095976551024285,0.0057307096464878,0.0168567264744537,0.0708483405656521,0.0663943761531687,0.0046332181361865,0.0492345756855967,0.0141269499006399,0.0139627960985961,0.1358937078700823,0.067419365347364,3.0098640542857145,0.316891120773913,0.3126521939347826,0.0595514460232921,3.5735715071428573,0.0158417441590909,0.2243924969769565,0.0175506509958995,0.207701809301194,0.1477414732108695,2.314739141473913,0.2390243666,0.0062071213335233,0.023190748688,0.0413779417610752,100.0,100.0,100.0,100.0,100.0,100.0,100.0,100.0,100.0,100.0,100.0,100.0,100.0,100.0,100.0,100.0,100.0,100.0,100.0,0.0,100.0,100.0,100.0,0.0,0.0,100.0,100.0,100.0,100.0,69.56521739130434,100.0,100.0,100.0,100.0,temporal1,0
0.0150831767466089,0.0234859050809663,1.994764767628572,4.32431697845459e-05,2.1031428037,0.0088686407816326,2.1149446239571428,0.0999368992108425,0.0085278082179182,0.0059067701028505,0.0173757586052138,0.0742899656155,0.0665203745147798,0.0047317139228475,0.0527044122240251,0.0121858342011357,0.0142468997989549,0.1244912132267924,0.0732652568081169,3.0077800357142856,0.328875076715,0.32369996305,0.0628050318193081,3.979499933000001,0.0134667555466666,0.23618662353,0.0171188492887096,0.1992407198939428,0.157936108073,2.864285704552381,0.2506707735857142,0.0049900556421193,0.0230008158165517,0.0382642373392187,100.0,100.0,100.0,100.0,100.0,100.0,100.0,100.0,100.0,100.0,100.0,100.0,100.0,100.0,100.0,100.0,100.0,100.0,100.0,0.0,100.0,100.0,100.0,0.0,0.0,100.0,100.0,100.0,100.0,61.90476190476191,100.0,100.0,100.0,100.0,temporal1,0
0.017846634829774,0.0200719252845689,1.28545796605,4.255465972117888e-05,1.34999990125,0.0140209784254262,1.36321389645,0.1087192503162698,0.0222945025065,0.006502532218714,0.0186202494683026,0.1009416844955555,0.0703438834015789,0.0050188921104259,0.059065774855921,0.0182802820668737,0.0177860516733538,0.1261661523048684,0.0820702847523684,3.0099727080000003,0.3365217049333333,0.3386666509333333,0.0697105307181579,3.565833286666667,0.01592993736,0.2455262342688889,0.0179261972986842,0.2076343439482142,0.1385520564033333,2.9968888982555555,0.22907805435,0.0025449196488678,0.0236729498806451,0.0405951286137931,100.0,100.0,100.0,100.0,100.0,100.0,100.0,100.0,100.0,100.0,100.0,100.0,100.0,100.0,100.0,100.0,100.0,100.0,100.0,0.0,100.0,100.0,100.0,0.0,0.0,100.0,100.0,100.0,100.0,44.44444444444444,100.0,100.0,100.0,100.0,temporal1,0
0.0160521305342896,0.0183517341902747,1.9594698693666668,4.339814186096192e-05,2.9444999944,0.0066213077958518,2.3050708139125,0.0987852190845819,0.0099083076810779,0.0062678704498804,0.0187104955854805,0.0955452368715384,0.0681553475176623,0.0045736382852568,0.0518571370498701,0.015051969690364,0.0152013687494264,0.1149403243683116,0.0732994915457142,3.0169682466666665,0.3239702077461538,0.3200769240461538,0.0613896165463636,3.5586667833333334,0.0143189430199999,0.22523630578,0.0163745075035064,0.1903240203461176,0.1264781768230769,2.9072307762384617,0.23375980055,0.0024692465855238,0.0234170456708333,0.0369929190558064,100.0,100.0,100.0,100.0,75.0,100.0,75.0,100.0,100.0,100.0,100.0,100.0,100.0,100.0,100.0,100.0,100.0,100.0,100.0,0.0,100.0,100.0,100.0,0.0,0.0,100.0,100.0,100.0,100.0,69.23076923076923,100.0,100.0,100.0,100.0,temporal1,0
0.0159655812951051,0.0190087932702282,1.32141053285,4.326105117797851e-05,1.4450000493,0.0086359439340215,1.4487845851,0.0947796146629921,0.0097353021849295,0.006443843320668,0.0174337944471267,0.1004983054099999,0.0637723324942253,0.0031620206180776,0.056929591667183,0.0143384111715129,0.0137513819162619,0.1131153643732394,0.0810032931716901,3.0022023875,0.3549121750111111,0.3448888990111111,0.0665070338867605,3.5652499775,0.01718401908,0.2494561142033333,0.0168074923456338,0.1812239839629114,0.1427168580944444,2.608111113077777,0.27977466575,0.0021905948708631,0.0212589318911538,0.0367362598529166,100.0,100.0,100.0,100.0,100.0,100.0,100.0,100.0,100.0,100.0,100.0,100.0,100.0,100.0,100.0,100.0,100.0,100.0,100.0,0.0,100.0,100.0,100.0,0.0,0.0,100.0,100.0,100.0,100.0,55.55555555555556,100.0,100.0,100.0,100.0,temporal1,0
0.0165012650162499,0.020303774760534,0.2698483467,4.476308822631836e-05,3.056333338066666,0.0091761538845614,2.51164717346,0.1015828345100324,0.010479120645897,0.0065099228080569,0.0181434470015588,0.0944719791248,0.0665276611488235,0.0076920265940937,0.0397352996930882,0.0148097067425748,0.0259088435229245,0.1260806286782353,0.0577761881405882,3.00358271,0.36595995421,0.3648999928899999,0.0494852907438235,3.53699994,0.02203989028,0.257730054819,0.0184037720416176,0.2078809229133333,0.158316111528,2.725545424963636,0.1890921592,0.003008690285561,0.0223923356889473,0.04431971311,100.0,100.0,100.0,100.0,16.66666666666667,100.0,20.0,100.0,100.0,100.0,100.0,100.0,100.0,100.0,100.0,100.0,100.0,100.0,100.0,0.0,100.0,100.0,100.0,0.0,0.0,100.0,100.0,100.0,100.0,45.45454545454545,100.0,100.0,100.0,100.0,temporal1,0
0.0170679289420351,0.0256116255230699,1.9004479842,4.416704177856445e-05,1.98399996578,0.0085812190780603,2.3870488925,0.1034602355116788,0.0086941666294778,0.0056479362148886,0.0173071833799513,0.0641222518369565,0.0644306144761504,0.0054583322773282,0.0418230041924778,0.0149391298249241,0.0139839433827032,0.1200204285659291,0.0598657664384649,3.004811081666667,0.3501060526695652,0.3443478293478261,0.0512964567166371,3.660500003333333,0.018467950816,0.2573038287373913,0.017665105392,0.1908575101007968,0.1885416196317391,2.072782597795652,0.2791928449833333,0.0057515584485118,0.022168171403,0.0412926360754545,100.0,100.0,100.0,100.0,100.0,100.0,100.0,100.0,100.0,100.0,100.0,100.0,100.0,100.0,100.0,100.0,100.0,100.0,100.0,0.0,100.0,100.0,100.0,0.0,0.0,100.0,100.0,100.0,100.0,73.91304347826087,100.0,100.0,100.0,100.0,temporal1,0
0.0160863136056179,0.0222013158526486,1.6223132579,5.1087141036987306e-05,1.7533333255333332,0.0092277060757518,1.900306758975,0.096370045626137,0.0091927812866974,0.0058695602407878,0.0162597003061092,0.0952483415504,0.0637525570405042,0.0039265569807185,0.0485966345779831,0.0143616468929981,0.0163839718048113,0.1197465728103361,0.068201485217295,3.009465215,0.3517756461545454,0.38070001597,0.0579495770499999,3.5879999925000003,0.01438903808,0.27527935499,0.0175497746811475,0.1887121655123664,0.167716741523,2.456214272685714,0.2394170760333333,0.0040175194994812,0.023353642425862,0.0395505686016216,100.0,100.0,100.0,100.0,100.0,100.0,100.0,99.65870307167236,100.0,100.0,100.0,100.0,100.0,100.0,100.0,100.0,100.0,100.0,100.0,0.0,100.0,100.0,100.0,0.0,0.0,100.0,100.0,100.0,100.0,71.42857142857143,100.0,100.0,100.0,100.0,temporal1,0
0.0161430971504113,0.0202750936814705,2.310872905,4.3451786041259766e-05,2.42999994,0.0079224724914838,2.43232524,0.0991751698045983,0.008939963666582,0.0067669621816972,0.0208766389210447,0.105454826346,0.0659080263265671,0.0068978058652947,0.0546268633876119,0.0118973455460263,0.0109672424086153,0.1065681265155223,0.0741553911370149,3.00588536,0.37717146868,0.3703999041999999,0.06464178881,3.55500006,0.01679682731,0.2831877231,0.0196495554298507,0.1873558114964864,0.176007366138,2.41740002182,0.2520949839999999,0.0029155497848776,0.0247147227736363,0.044101892194,100.0,100.0,100.0,100.0,100.0,100.0,100.0,100.0,100.0,100.0,100.0,100.0,100.0,100.0,100.0,100.0,100.0,100.0,100.0,0.0,100.0,100.0,100.0,0.0,0.0,100.0,100.0,100.0,100.0,80.0,100.0,100.0,100.0,100.0,temporal1,0
0.0161739452021534,0.0216505620600714,0.2804603576,4.369616508483887e-05,2.9306000680999995,0.0091072601411764,2.376533742125,0.098428338937443,0.0095938958893522,0.0060843190280891,0.017677196044159,0.0638240178366666,0.0658526393384091,0.0047719702117265,0.0545340993076136,0.0124476051182676,0.0185068553302075,0.1127509203605681,0.07560775224625,3.010686635,0.3537660174555556,0.3534444437666666,0.0642613416240909,3.570000045,0.014408588405,0.2585222190688889,0.0187002095267045,0.1883411796355101,0.1914968225166666,2.91099998502,0.250455141,0.0025958061208634,0.0217691262533333,0.0413341006656756,100.0,100.0,100.0,100.0,20.0,100.0,25.0,99.78021978021978,100.0,100.0,100.0,100.0,100.0,100.0,100.0,100.0,100.0,100.0,100.0,0.0,100.0,100.0,100.0,0.0,0.0,100.0,100.0,100.0,100.0,40.0,100.0,100.0,100.0,100.0,temporal1,0
0.0170707067513537,0.0205691177493323,1.6766170002199998,5.32894599728468e-05,3.0866250327375,0.0079673065068055,2.260427708128572,0.0998369991510393,0.01088350057471,0.0058542819784614,0.01955997705049,0.0624517310681818,0.0675227522749999,0.0038075481136999,0.0493999862591,0.0152441108498758,0.0122914686767812,0.1103425478747,0.0718540200970297,3.009686585,0.3348414102666666,0.3310909270727272,0.0592500185867,3.5932499725,0.0135183334333333,0.2413145845118182,0.017096192225,0.1843890688213636,0.1696747216118181,3.526499981983333,0.2748407522166666,0.0025105063723289,0.0217777093223333,0.0384595136327027,100.0,100.0,100.0,100.0,62.5,100.0,71.42857142857143,99.80353634577604,100.0,100.0,100.0,100.0,100.0,100.0,100.0,100.0,100.0,100.0,100.0,0.0,100.0,100.0,100.0,0.0,0.0,100.0,100.0,100.0,100.0,50.0,100.0,100.0,100.0,100.0,temporal1,0
0.0161356214575757,0.0212281461944901,2.2937403850000004,4.344582557678223e-05,3.578666603333333,0.0113887344074285,2.6346423533333336,0.0977683931289786,0.0084174769975851,0.0066924045921123,0.0172233885868936,0.0831000988223076,0.0672507159130851,0.0045810831119925,0.043989361595,0.0114521563750795,0.0228240820046923,0.1101457768095744,0.058929566324421,3.007613575,0.3279449572307692,0.32246155,0.0541595727742553,4.12399999,0.01638054847,0.2352180297223077,0.0164982942787234,0.1855994921050961,0.1438327018723076,3.298153855723077,0.21014571185,0.0034352636331295,0.0212560296032142,0.0391077430578947,100.0,100.0,100.0,100.0,66.66666666666666,100.0,66.66666666666666,99.79166666666669,100.0,100.0,100.0,100.0,100.0,100.0,100.0,100.0,100.0,100.0,100.0,0.0,100.0,100.0,100.0,0.0,0.0,100.0,100.0,100.0,100.0,46.15384615384615,100.0,100.0,100.0,100.0,temporal1,0
0.0154783313944989,0.0217039071817992,1.792518312375,4.43875789642334e-05,1.99620003446,0.0071357488624999,1.916219287775,0.0998227453700385,0.0099079631827884,0.0060811264624709,0.0181011901414326,0.0850398356992307,0.0650058847124038,0.0041182798302094,0.0523269222255096,0.0161459566055082,0.0127190474774655,0.1228951926197115,0.0767125487204807,3.009810085,0.3602182497846154,0.3598461517384616,0.0623173048727884,3.549166715,0.013491988175,0.2629641385769231,0.0174890206358653,0.1953603246513043,0.1729970344792308,2.57246670578,0.27196788785,0.0039751903672177,0.023041576145,0.0400079714235135,100.0,100.0,100.0,100.0,100.0,100.0,100.0,100.0,100.0,100.0,100.0,100.0,100.0,100.0,100.0,100.0,100.0,100.0,100.0,0.0,100.0,100.0,100.0,0.0,0.0,100.0,100.0,100.0,100.0,66.66666666666666,100.0,100.0,100.0,100.0,temporal1,0
0.0154052533815984,0.0229452531616521,1.3669220646307694,3.94284725189209e-05,1.459153850676923,0.0084366249947507,1.4685429595846151,0.0994418803818047,0.0092519638953032,0.0051507668320448,0.0169622927374385,0.0760124836589285,0.0668874881193442,0.0037225491853058,0.0436188500377459,0.0124539922175081,0.011429583086455,0.1321221990411885,0.057504430099551,3.012524838333334,0.3320518816714286,0.3288928355,0.0537991797238934,4.107999975,0.0148544652071428,0.2388192074139285,0.015480121942439,0.2011092571388432,0.1593297464182142,2.264517238472413,0.2614105087857142,0.0057417705861552,0.0203878688768,0.0368400494213333,100.0,100.0,100.0,100.0,100.0,100.0,100.0,100.0,100.0,100.0,100.0,100.0,100.0,100.0,100.0,100.0,100.0,100.0,100.0,0.0,100.0,100.0,100.0,0.0,0.0,100.0,100.0,100.0,100.0,75.86206896551724,100.0,100.0,100.0,100.0,temporal1,0
0.0154008271073273,0.0224857566222879,2.013612005263637,4.23729419708252e-05,2.8084285690285715,0.008274658960875,2.3414461759769227,0.1001522813898254,0.0089078827892763,0.0058032042111917,0.0177033371005131,0.0625136693277777,0.0662607472073684,0.004426824825,0.0407565863424342,0.0134355016285971,0.0124042690987244,0.1204175195926316,0.0562781274612418,3.010314407777777,0.2894561466814814,0.2874814757148148,0.0510394792719736,3.57250001,0.020169973365,0.2021010009955555,0.0163460326779605,0.1924733093393452,0.1343743271059259,3.089111103488889,0.2507181600636363,0.0050467581572042,0.0228331930458823,0.0400012095725,100.0,100.0,100.0,100.0,78.57142857142857,100.0,84.61538461538461,100.0,100.0,100.0,100.0,100.0,100.0,100.0,100.0,100.0,100.0,100.0,100.0,0.0,100.0,100.0,100.0,0.0,0.0,100.0,100.0,100.0,100.0,59.25925925925926,100.0,100.0,100.0,100.0,temporal1,0
0.0157893127697612,0.0198936363029978,2.30844402,4.2879581451416014e-05,2.44099998,0.0101451657022727,2.43401265,0.1021366102514057,0.0094885914403086,0.0062148818580042,0.0183542893212716,0.1185908317483333,0.0682321212807407,0.004217156266053,0.0548518616376543,0.0143358571963013,0.0116590305579629,0.1227797166538271,0.0787145286292207,3.006920493333333,0.46395635598,0.4471666812333333,0.0654691177998765,3.564666663333333,0.014014530178,0.3324549992333333,0.017611351605,0.1984241597686517,0.2120052973016666,3.0204999425333336,0.2842316627,0.0021198789269043,0.0217616367312,0.0401425626483333,100.0,100.0,100.0,100.0,100.0,100.0,100.0,99.53379953379954,100.0,100.0,100.0,100.0,100.0,100.0,100.0,100.0,100.0,100.0,100.0,0.0,100.0,100.0,100.0,0.0,0.0,100.0,100.0,100.0,100.0,50.0,100.0,100.0,100.0,100.0,temporal1,0
0.01601324810156,0.0223179868714502,1.2842723106,4.157653221717248e-05,2.72359995554,0.0083055224320877,2.38535442126,0.1088813203301447,0.0089381851549315,0.0058960812123771,0.0175306829641232,0.071356594554,0.0671369131175342,0.0046840179526333,0.0467397203108904,0.0164370792983456,0.0146800999807187,0.1511549002199315,0.0686109980369863,3.010289901111111,0.335204720445,0.330300021125,0.0573904122289725,3.5539167074999995,0.01533102989,0.236848151641,0.0164743171935616,0.2219003997782715,0.1592626452159999,2.982150002925,0.2642332315,0.0044873680973355,0.0223481337206666,0.0396966934155357,100.0,100.0,100.0,100.0,40.0,100.0,40.0,100.0,100.0,100.0,100.0,100.0,100.0,100.0,100.0,100.0,100.0,100.0,100.0,0.0,100.0,100.0,100.0,0.0,0.0,100.0,100.0,100.0,100.0,40.0,100.0,100.0,100.0,100.0,temporal1,0
0.0159317681020327,0.0232199335599609,0.9721244947333332,4.324913024902344e-05,1.1083332675666666,0.0102630812537931,1.1174433998333335,0.1029655839263212,0.0091176381063868,0.0057810424891914,0.0188484887968905,0.083301969925,0.0666819105941605,0.0050423837071295,0.0541459870073722,0.0140713386165778,0.0163011185407518,0.1341567700539416,0.0821694415994117,3.007107533333333,0.3331321307214285,0.33271430215,0.0637299387869343,3.5621428442857144,0.0142290592099999,0.2372813394678571,0.0171160014191911,0.2064192547325828,0.1521825108892857,2.4988571200071434,0.2453967729666667,0.0050629377350828,0.0231399225130434,0.0416641625427272,100.0,100.0,100.0,100.0,100.0,100.0,100.0,100.0,100.0,100.0,100.0,100.0,100.0,100.0,100.0,100.0,100.0,100.0,100.0,0.0,100.0,100.0,100.0,0.0,0.0,100.0,100.0,100.0,100.0,57.142857142857146,100.0,100.0,100.0,100.0,temporal1,0
0.0194266063796428,0.0190792047310249,1.2436339007666668,4.433989524841309e-05,2.175750012,0.0080506529117142,2.0438167427,0.102126984857317,0.0082862014339565,0.0057892890942912,0.0188288636783804,0.07699787616,0.0671682383577173,0.0054167509068602,0.0473369385807608,0.0147546248535794,0.0214325338571249,0.1112525333318478,0.0675144739625,3.01216197,0.3402764399333333,0.3366667031666666,0.0572282568155434,3.5610001,0.0144660472849999,0.2516932685716667,0.0160893398284615,0.1844687669840776,0.1697320937766666,1.699749984125,0.2874299684333333,0.0028224084883085,0.0231115250323809,0.0377164965535714,100.0,100.0,100.0,100.0,75.0,100.0,75.0,100.0,100.0,100.0,100.0,100.0,100.0,100.0,100.0,100.0,100.0,100.0,100.0,0.0,100.0,100.0,100.0,0.0,0.0,100.0,100.0,100.0,100.0,83.33333333333333,100.0,100.0,100.0,100.0,temporal1,0
0.0159012181076212,0.0216729835199609,2.2867289333333334,4.387497901916504e-05,2.406666593333333,0.0094029754375,2.4178733766666665,0.1102920654188012,0.0091519431047684,0.0061402597232715,0.0186475126325684,0.09028003612,0.0674827500289473,0.0044346014650888,0.0517473521898947,0.0151021926687199,0.0124601859281346,0.1634402324991579,0.0742757521074736,3.003806204,0.3584096232583333,0.3614999850166667,0.0620631795082105,3.55020003,0.01566346486,0.2577386895516667,0.0163181530761052,0.2337897164101904,0.1628660956725,2.82550002815,0.2716795603,0.0025702317544473,0.0228435420959999,0.0420242006087878,100.0,100.0,100.0,100.0,100.0,100.0,100.0,100.0,100.0,100.0,100.0,100.0,100.0,100.0,100.0,100.0,100.0,100.0,100.0,0.0,100.0,100.0,100.0,0.0,0.0,100.0,100.0,100.0,100.0,58.333333333333336,100.0,100.0,100.0,100.0,temporal1,0
0.0150586428327743,0.0208649766824925,1.5173353631400002,4.393458366394043e-05,1.61799993176,0.0072176538651724,1.6338654003200002,0.0976355773487767,0.0075349085909908,0.0059531943770789,0.0209853189757064,0.0607971350304666,0.0652836747041284,0.0051267693747898,0.0597614629449541,0.0171598750254789,0.0118035793275999,0.1101669193174312,0.0833488210490825,3.0375261249999994,0.33179375326,0.32786666548,0.0695321078559633,3.583166595,0.013015985485,0.235258563312,0.0166743323869523,0.182781802678595,0.1713715552846666,2.6811333459266664,0.27913904186,0.0027876554741938,0.0215077499525,0.039183198076,100.0,100.0,100.0,100.0,100.0,100.0,100.0,100.0,100.0,100.0,100.0,100.0,100.0,100.0,100.0,100.0,100.0,100.0,100.0,0.0,100.0,100.0,100.0,0.0,0.0,100.0,100.0,100.0,100.0,60.0,100.0,100.0,100.0,100.0,temporal1,0
0.0156082111956854,0.0208053334522163,2.082234802644445,4.3720006942749023e-05,2.180777811655556,0.0085169902209423,2.1921691585222223,0.0975360433436043,0.0092781457017727,0.0059564582313767,0.0183801434211181,0.062554234545238,0.0678556550515454,0.0039910319478544,0.0528727271266363,0.0167193151200875,0.0240412793625789,0.0989014712104545,0.0757142435304545,3.0212231816666666,0.3065081550476191,0.2984285694619047,0.0622363588915454,3.7070000116666666,0.0190072059575,0.2157469817133333,0.0165746818846363,0.1777594812194262,0.142094566677619,2.660809502028572,0.2706188288181818,0.0036742378155226,0.0219998034536363,0.0406091089856896,100.0,100.0,100.0,100.0,100.0,100.0,100.0,100.0,100.0,100.0,100.0,100.0,100.0,100.0,100.0,100.0,100.0,100.0,100.0,0.0,100.0,100.0,100.0,0.0,0.0,100.0,100.0,100.0,100.0,71.42857142857143,100.0,100.0,100.0,100.0,temporal1,0
0.0154943611801696,0.0232455564976066,1.619533097933333,4.382729530334472e-05,1.7229999675166667,0.0090434218141801,1.73352535275,0.0977636608725524,0.0083476136358487,0.0059046483101813,0.0165055030688731,0.0756079272168421,0.0661600775730731,0.0040847784913667,0.0418390343750731,0.011739377198582,0.0156015337299315,0.1158115735646829,0.0578848854813043,3.005987965,0.365623807865,0.3570000121052631,0.0519512153168292,3.5558889400000004,0.01589099566,0.2600472851273684,0.0154207578475121,0.186402372513761,0.1804761133394736,2.6352000083200005,0.2685511509,0.0063455258630304,0.0238507666202439,0.037945538027439,100.0,100.0,100.0,100.0,100.0,100.0,100.0,100.0,100.0,100.0,100.0,100.0,100.0,100.0,100.0,100.0,100.0,100.0,100.0,0.0,100.0,100.0,100.0,0.0,0.0,100.0,100.0,100.0,100.0,60.0,100.0,100.0,100.0,100.0,temporal1,0
0.0173418902456325,0.0177967569630577,2.06327688,4.36246395111084e-05,2.424750025,0.0082638847057553,2.43736052,0.1101051017742715,0.0099029713771304,0.0061357158431052,0.0199695670054492,0.1211460828633333,0.0636757145668115,0.0048725015100618,0.0512753569456521,0.013116538067058,0.0112359523746666,0.1616309828468115,0.0752789144749275,2.861806836470588,0.4810289938666667,0.4768333832166667,0.0606666647734782,3.5610001,0.01222491264,0.36342740055,0.01627441246875,0.2308621154793421,0.2380545138833333,2.5001666915333334,0.2811492084749999,0.0022553801528382,0.021815383432,0.0378207034491666,100.0,100.0,100.0,100.0,100.0,100.0,100.0,99.73890339425589,100.0,100.0,100.0,100.0,100.0,100.0,100.0,100.0,100.0,100.0,100.0,0.0,100.0,100.0,100.0,0.0,0.0,100.0,100.0,100.0,100.0,100.0,100.0,100.0,100.0,100.0,temporal1,0
0.0155640502282325,0.0243887656989054,1.7520146068222224,4.117488861083984e-05,2.54549998034,0.0086701532060496,2.0296755059222225,0.1011433813334198,0.0091163536995226,0.0054484114381851,0.017237923249015,0.0659941911645,0.0662048402031155,0.0053414776121696,0.0412361873395979,0.013530260404883,0.0153929573616397,0.1285860586185427,0.0590607270865365,3.020102972,0.3492231368449999,0.34570003743,0.0514773843192462,3.584399982,0.0150139331766666,0.2533419012549999,0.0178200801170588,0.1986119194039545,0.181640469989,2.6959545554818183,0.2786680592,0.005441600274792,0.0219179422379487,0.0386156471102631,100.0,100.0,100.0,100.0,100.0,100.0,100.0,100.0,100.0,100.0,100.0,100.0,100.0,100.0,100.0,100.0,100.0,100.0,100.0,0.0,100.0,100.0,100.0,0.0,0.0,100.0,100.0,100.0,100.0,77.27272727272728,100.0,100.0,100.0,100.0,temporal1,0
0.0173087490091603,0.0208347015348398,1.90916566628,4.358291625976563e-05,1.9887999504,0.0108927911314516,2.00844831242,0.109305410204231,0.0109846339490235,0.0060184722554083,0.018802973799447,0.06519447962,0.0680360204891764,0.0071436294826198,0.0435058818083529,0.0125580369062045,0.0156415757650634,0.1240887501421176,0.0658404209919999,3.0229577971428574,0.3019001483333333,0.3017333348,0.0536705774282352,4.09237496625,0.0140360196366666,0.2040218670666666,0.0177397110841176,0.2005615766019148,0.133957783358,3.180799972673333,0.2661970138,0.0051640491088475,0.0271408081035,0.0399022996371874,100.0,100.0,100.0,100.0,100.0,100.0,100.0,99.77477477477476,100.0,100.0,100.0,100.0,100.0,100.0,100.0,100.0,100.0,100.0,100.0,0.0,100.0,100.0,100.0,0.0,0.0,100.0,100.0,100.0,100.0,53.333333333333336,100.0,100.0,100.0,100.0,temporal1,0
0.015790192568597,0.0221954483058229,1.49209289306,4.621744155883789e-05,1.6202000118200002,0.0077670113782758,1.6300074539600005,0.1005497584375519,0.009529276716187,0.006244046218216,0.0193081845438273,0.069189220661875,0.0640121123666906,0.0041310669745566,0.0564172799520143,0.0136139731084969,0.0136933299899325,0.1265794424357554,0.0812170471051798,3.0130771600000004,0.33309677236875,0.3296874910124999,0.0670791272514388,4.277833363333333,0.013583230966,0.23699763410625,0.0161555474645255,0.194921404276258,0.164170622785625,2.4868124701625,0.2328574180199999,0.006003260611221,0.0236628330646153,0.0400833498709434,100.0,100.0,100.0,100.0,100.0,100.0,100.0,99.69924812030077,100.0,100.0,100.0,100.0,100.0,100.0,100.0,100.0,100.0,100.0,100.0,0.0,100.0,100.0,100.0,0.0,0.0,100.0,100.0,100.0,100.0,68.75,100.0,100.0,100.0,100.0,temporal1,0
0.0208266422178063,0.0217409892482638,2.310861186666666,4.3904781341552736e-05,2.40099994,0.007911931301609,2.4120815566666667,0.1095194884587446,0.0089326917582035,0.0058264047152562,0.0187340035861858,0.0818107763839999,0.0681151752871681,0.0050323142761801,0.049407066489115,0.0146597324894667,0.0136543499765368,0.1137210541944247,0.0686489649469026,3.0141806950000003,0.3428669124375,0.3149333476466666,0.0594336247974336,3.560571427142857,0.011257052415,0.2248740513813333,0.0173189409950877,0.1895107974604,0.1367253303233333,2.57940001234,0.2603312333,0.004554884105352,0.0248290408718181,0.0390356222748888,100.0,100.0,100.0,100.0,100.0,100.0,100.0,100.0,100.0,100.0,100.0,100.0,100.0,100.0,100.0,100.0,100.0,100.0,100.0,0.0,100.0,100.0,100.0,0.0,0.0,100.0,100.0,100.0,100.0,60.0,100.0,100.0,100.0,100.0,temporal1,0
0.0154466107457072,0.0237166050465947,2.2974617416666665,4.279613494873047e-05,2.38783331,0.0083656396683353,2.398487403333333,0.1040910301088358,0.0077569870378382,0.0058222887590446,0.018947871287397,0.0946399718399999,0.0645607622133088,0.0047476502748749,0.0388235344544117,0.0169107307802347,0.0134871110786483,0.1459110378930146,0.0567736516394656,3.0053977933333336,0.6871563590199999,1.1426110924222224,0.0497720521981617,3.565333323333333,0.0151033401433333,0.354322075233125,0.0180219703209629,0.2165312464594666,0.2504798620525,3.6056000363466665,0.2349123159666666,0.0073360399752042,0.022977399824,0.0425569309847058,100.0,100.0,100.0,100.0,100.0,100.0,100.0,100.0,100.0,100.0,100.0,100.0,100.0,100.0,100.0,100.0,100.0,100.0,100.0,0.0,100.0,100.0,100.0,0.0,0.0,100.0,100.0,100.0,100.0,60.0,100.0,100.0,100.0,100.0,temporal1,0
0.015665121352,0.018088066783852,2.33374905,4.302263259887695e-05,2.46500015,0.007699385284375,2.47743177,0.1017431570024168,0.0113439398813243,0.0063909028372096,0.0169753222816216,0.095967411975,0.0696649293522972,0.0038408760747169,0.0603918996901351,0.0160770183279572,0.0176170468298529,0.1145765652275675,0.0792013267283117,3.0133149100000005,0.4267728805,0.4199999808699999,0.070810827037027,3.554400056,0.0160498619,0.326450228656,0.0151694594156756,0.1924508228141463,0.173261165592,2.8350909369000004,0.2108595371,0.0029170951055666,0.0238744020430769,0.038506375414074,100.0,100.0,100.0,100.0,100.0,100.0,100.0,99.49622166246851,100.0,100.0,100.0,100.0,100.0,100.0,100.0,100.0,100.0,100.0,100.0,0.0,100.0,100.0,100.0,0.0,0.0,100.0,100.0,100.0,100.0,54.54545454545455,100.0,100.0,100.0,100.0,temporal1,0
0.016350849437132,0.0254597541222055,2.1032881044636365,4.311203956604004e-05,2.189363626827273,0.0085014773568691,2.1978328199727275,0.1052298770553142,0.0081282576038146,0.0054884584108628,0.0187185412353354,0.0698613932173684,0.0643668570705431,0.0058913782729438,0.0466102220672843,0.0134162851788311,0.013074762818195,0.1337461014253354,0.0625730684063461,3.0087667192307688,0.2705572445722222,0.2659999821815789,0.0562396270270926,3.576076925384615,0.017432785028,0.1789749295613158,0.016894750437258,0.2032521962791618,0.1026662838881578,2.524432429754054,0.2416333555583333,0.0084159440442479,0.0221257686595,0.0384058351391869,100.0,100.0,100.0,100.0,100.0,100.0,100.0,100.0,100.0,100.0,100.0,100.0,100.0,100.0,100.0,100.0,100.0,100.0,100.0,0.0,100.0,100.0,100.0,0.0,0.0,100.0,100.0,100.0,100.0,64.86486486486487,100.0,100.0,100.0,100.0,temporal1,0
0.0158163490582921,0.021257059683189,1.800942656425,4.3791532516479495e-05,1.907500026775,0.0076348972312,1.912034031575,0.1022209355736045,0.0099351740314953,0.0061308364196287,0.0174996295783457,0.0705736194214285,0.0668092642907476,0.0049510081074172,0.0421495303868504,0.0169482509808319,0.0128940293453802,0.1171525928239252,0.0588618346523809,3.006954869999999,0.3335770606733333,0.3378571612071428,0.0521121359214018,3.5691428828571428,0.01317429542,0.2494149378,0.0177074944166055,0.1926700098695762,0.1732149804992857,2.7474999834625,0.260219693125,0.0027264310751965,0.0246999474105882,0.0387473984728947,100.0,100.0,100.0,100.0,100.0,100.0,100.0,100.0,100.0,100.0,100.0,100.0,100.0,100.0,100.0,100.0,100.0,100.0,100.0,0.0,100.0,100.0,100.0,0.0,0.0,100.0,100.0,100.0,100.0,56.25,100.0,100.0,100.0,100.0,temporal1,0
0.0159566566077345,0.0230995697099385,1.789223130375,4.341602325439453e-05,1.916999993075,0.0082210616057368,1.928920622675,0.0976170406536817,0.00835518538825,0.0063590543301903,0.0180041491938854,0.0716276327706666,0.0663242190986458,0.0051904250587647,0.045416673018177,0.0188280511491569,0.0155367655267534,0.1051664824120833,0.0657008935904791,3.01395654,0.3252981662199999,0.3207999864733333,0.0550833344364583,4.56299996,0.01416409015,0.2195066610433333,0.0184067487676041,0.1820823156257547,0.139486408214,1.7894666963266663,0.243404328775,0.003149266242309,0.0211802720988461,0.0467466032723255,100.0,100.0,100.0,100.0,100.0,100.0,100.0,100.0,100.0,100.0,100.0,100.0,100.0,100.0,100.0,100.0,100.0,100.0,100.0,0.0,100.0,100.0,100.0,0.0,0.0,100.0,100.0,100.0,100.0,86.66666666666667,100.0,100.0,100.0,100.0,temporal1,0
0.0157257805532054,0.0205091925402539,2.31460499,4.4280290603637694e-05,2.45049989,0.0083048316701186,2.462174055,0.0979389360684746,0.0099193271311428,0.0058529491945892,0.0172842692312857,0.0796455542122222,0.0638375574098979,0.0049301126720579,0.0479285619612244,0.0144415695495517,0.0114429369541875,0.1223425135005101,0.0704863942935483,3.00772112,0.3728224038625,0.4048888947777778,0.05817345696,3.55449998,0.01815199851,0.2906097570444444,0.0167403098194845,0.1921562419600926,0.2038758860288888,3.147750045675,0.22970604895,0.0035259819020313,0.0204183730186363,0.0396684408139473,100.0,100.0,100.0,100.0,100.0,100.0,100.0,100.0,100.0,100.0,100.0,100.0,100.0,100.0,100.0,100.0,100.0,100.0,100.0,0.0,100.0,100.0,100.0,0.0,0.0,100.0,100.0,100.0,100.0,50.0,100.0,100.0,100.0,100.0,temporal1,0
0.0183275305556886,0.0266851683818255,1.8472035436333327,4.372596740722656e-05,1.9383333751666665,0.0103246409206912,1.9483945866222223,0.1020620789867091,0.0084474960532146,0.006165367753222,0.0180227793908691,0.0619491958536,0.0645132767276328,0.0044583151832164,0.0579661816097584,0.0158767755148498,0.0119430912046567,0.1194680036340579,0.0858115609502955,3.0063622525,0.3129165867458334,0.311359977676,0.0676618486084058,3.56725001,0.013813400264,0.2202337360027999,0.017396971795169,0.1900705611142105,0.1536571597736,1.9305200358480008,0.2466949886333333,0.0046820433227304,0.0242404310286842,0.0411468299416417,100.0,100.0,100.0,100.0,100.0,100.0,100.0,100.0,100.0,100.0,100.0,100.0,100.0,100.0,100.0,100.0,100.0,100.0,100.0,0.0,100.0,100.0,100.0,0.0,0.0,100.0,100.0,100.0,100.0,84.0,100.0,100.0,100.0,100.0,temporal1,0
0.0147542998307523,0.0212556993599482,1.2970109363166666,3.9625167846679685e-05,1.4090000385666668,0.0080800902157245,1.4152469593666668,0.0947669009699171,0.0080378581726275,0.0052812501575445,0.0186741467141793,0.0709949561485714,0.0660126340692413,0.0040993422990682,0.0385103455821586,0.0172047731145655,0.0135579109162808,0.1176056006622758,0.0559293582428276,3.007245376666667,0.3723825897,0.3626428501428571,0.0487310327255172,3.546333386666667,0.01616764068,0.27712578429,0.0158315510542758,0.187604264883,0.2035285234007142,2.076714256764286,0.2261468568666667,0.0032152262588668,0.0227301120734999,0.039463561508913,100.0,100.0,100.0,100.0,100.0,100.0,100.0,100.0,100.0,100.0,100.0,100.0,100.0,100.0,100.0,100.0,100.0,100.0,100.0,0.0,100.0,100.0,100.0,0.0,0.0,100.0,100.0,100.0,100.0,78.57142857142857,100.0,100.0,100.0,100.0,temporal1,0
0.0153672621047175,0.0194520230916958,0.9542296315333334,4.38690185546875e-05,1.0513333456666667,0.0080412247814841,1.0601293627333332,0.0957513897345506,0.0083159490622368,0.0059206566807863,0.0176029299396973,0.12297868727,0.0636701050435526,0.0050882410111944,0.0505526285331579,0.0133967875712481,0.0115298380420625,0.1133234688860526,0.072801267934935,3.037424636666667,0.763706943390909,1.2465833615916666,0.0615394711405263,3.5947499225,0.01575303077,0.4286039307363636,0.0164352498511842,0.1876903544939285,0.2967488115081818,3.086999961533333,0.2581049997833333,0.0030559651986176,0.0197445021705555,0.04257783719,100.0,100.0,100.0,100.0,100.0,100.0,100.0,99.75308641975307,100.0,100.0,100.0,100.0,100.0,100.0,100.0,100.0,100.0,100.0,100.0,0.0,100.0,100.0,100.0,0.0,0.0,100.0,100.0,100.0,100.0,75.0,100.0,100.0,100.0,100.0,temporal1,0
0.0153613715497062,0.0235218758449728,1.8465366326444448,4.187226295471192e-05,1.948444416633333,0.0096428925427128,1.9567620184222223,0.1002688061220961,0.0087417178924029,0.0056222686768963,0.0191384912642427,0.0647249879451724,0.0649706912166504,0.0045157946688571,0.0476699048959708,0.0142954573219675,0.0142980067678861,0.1181051719287864,0.066183621167198,3.006056219090909,0.3222138552344827,0.3203103788413793,0.0578495113505825,3.904000012500001,0.01273155212,0.2270000802631034,0.0155356221044878,0.1894303078872806,0.1538956576103448,2.692862079168965,0.2603509690555555,0.0051380141819408,0.0219712018926666,0.0378633829210769,100.0,100.0,100.0,100.0,100.0,100.0,100.0,99.8931623931624,100.0,100.0,100.0,100.0,100.0,100.0,100.0,100.0,100.0,100.0,100.0,0.0,100.0,100.0,100.0,0.0,0.0,100.0,100.0,100.0,100.0,62.06896551724138,100.0,100.0,100.0,100.0,temporal1,0
0.0201812358097777,0.0202899923831165,2.3309376166666667,4.344582557678223e-05,2.416000125,0.0085503321404615,2.450436506666667,0.1029570729602274,0.0103859034437878,0.0063204551984863,0.0173168218451666,0.1396758026311111,0.0670555938280303,0.0058301129228617,0.054606061985909,0.015040248030203,0.0127122345393333,0.1309664249157575,0.0802665768143939,3.005376096666667,0.6590003429000001,1.26589999166,0.0644393870218181,3.547333396666667,0.01424002647,0.415406994911111,0.0188653216171212,0.2083064562257534,0.2644470002688888,3.3960908941909094,0.2644117672666666,0.0020236563169564,0.0218912959075,0.0422092330025806,100.0,100.0,100.0,100.0,100.0,100.0,100.0,100.0,100.0,100.0,100.0,100.0,100.0,100.0,100.0,100.0,100.0,100.0,100.0,0.0,100.0,100.0,100.0,0.0,0.0,100.0,100.0,100.0,100.0,72.72727272727272,100.0,100.0,100.0,100.0,temporal1,0
0.0183514551492965,0.0218172073327927,0.2608616352,4.361867904663086e-05,3.5599998566666664,0.0080479383451923,3.0035404333333333,0.1019646034280121,0.0084837675082118,0.0059232716670172,0.0171706817879152,0.0789731951227058,0.0625951835560169,0.0042902001408373,0.0429237232307627,0.0154066980997747,0.0162532274716666,0.1338445351980508,0.0621827699242372,3.0075184866666667,0.3230364602705882,0.3178823554705882,0.0534067800402542,3.574166648333333,0.0122340917549999,0.2284851214029412,0.0166588698366949,0.2025703741566923,0.1427394361805882,2.555882353088235,0.06625008583,0.0038918009333766,0.0220620185078125,0.0396098633965957,100.0,100.0,100.0,100.0,0.0,100.0,0.0,99.8266897746967,100.0,100.0,100.0,100.0,100.0,100.0,100.0,100.0,100.0,100.0,100.0,0.0,100.0,100.0,100.0,0.0,0.0,100.0,100.0,100.0,100.0,47.05882352941177,100.0,100.0,100.0,100.0,temporal1,0
0.0154740821453953,0.0214492740877987,1.29532360795,4.357099533081055e-05,3.655249937725,0.0090709573169487,1.9602414734,0.102421654236877,0.0105863099388723,0.0063712987582031,0.0180411719221595,0.0585789150611111,0.0668662177641489,0.0060521293030597,0.0531489316380106,0.0164896895404209,0.0167017502631025,0.1165415504896808,0.0750926758259574,3.0044284633333334,0.3689018885,0.3654445011888889,0.062946811625,3.5463333066666665,0.0145843028966666,0.2516534592777777,0.0159083249676595,0.1926979490949038,0.1883613533044444,2.8907777181333336,0.28229093545,0.0046315622323587,0.023150956628,0.0407027006082352,100.0,100.0,100.0,100.0,50.0,100.0,66.66666666666666,100.0,100.0,100.0,100.0,100.0,100.0,100.0,100.0,100.0,100.0,100.0,100.0,0.0,100.0,100.0,100.0,0.0,0.0,100.0,100.0,100.0,100.0,55.55555555555556,100.0,100.0,100.0,100.0,temporal1,0
0.0153457635123648,0.0226469730945287,2.2802906,4.497766494750977e-05,2.45499992,0.0080507386398867,2.44129109,0.0915435833759024,0.0092001788456224,0.006098392673698,0.0167009222218979,0.0677472678045454,0.0657148823336734,0.0042717750516231,0.0443775386162551,0.0134441358895585,0.0164039267404166,0.1043057295561224,0.063664638255102,3.007221515,0.3674533366636364,0.3627273169090909,0.0550102141330612,3.590499935,0.01955235004,0.2742370041418182,0.0172629696931632,0.1782273296555555,0.2046750458281818,2.2180909225454544,0.2191152572,0.0045345020284117,0.0235882949812,0.0420343554892307,100.0,100.0,100.0,100.0,100.0,100.0,100.0,99.6,100.0,100.0,100.0,100.0,100.0,100.0,100.0,100.0,100.0,100.0,100.0,0.0,100.0,100.0,100.0,0.0,0.0,100.0,100.0,100.0,100.0,63.63636363636363,100.0,100.0,100.0,100.0,temporal1,0
0.0150797989961861,0.0196124025260298,1.9824403866666669,4.251599311828613e-05,3.921285688571429,0.00859474797439,2.768032164,0.099638680522543,0.0094803991439154,0.0066786051544482,0.0176789861286338,0.0764007121215,0.0686846417332394,0.0085801909658181,0.0458591588709859,0.0144679785111805,0.01210973517975,0.100157381768169,0.0630036340550704,3.00495624125,0.32090923185,0.3137500136625,0.0563662018484507,4.004399962,0.03246247768,0.21962682897625,0.0164996670966197,0.1874272700728205,0.128491044025625,3.9698420770157896,0.3073728878666666,0.004061166275465,0.0247736153733333,0.0475632647625,100.0,100.0,100.0,100.0,71.42857142857143,100.0,60.0,100.0,100.0,100.0,100.0,100.0,100.0,100.0,100.0,100.0,100.0,100.0,100.0,0.0,100.0,100.0,100.0,0.0,0.0,100.0,100.0,100.0,100.0,42.10526315789474,100.0,100.0,100.0,100.0,temporal1,0
0.0159783048322323,0.0210543984006593,0.9616914571333336,4.2331218719482425e-05,1.062999962933333,0.0089101642363124,1.068898677,0.0981754690843497,0.0084416497603092,0.0059770892357612,0.0184713319362577,0.0778470039299999,0.0652809118380412,0.0054185442670437,0.0389072157615463,0.0137438247315719,0.0163967262577818,0.1174118346552577,0.0567808222665,3.009798609090909,0.2899933141352941,0.2870000109588235,0.049144314728969,3.906230773846154,0.01574206352,0.201287073217647,0.0154247726316494,0.192755754785514,0.1163708742682352,3.2958235845352943,0.2418673038,0.0033512306201636,0.0237392645580769,0.0383025369290322,100.0,100.0,100.0,100.0,100.0,100.0,100.0,100.0,100.0,100.0,100.0,100.0,100.0,100.0,100.0,100.0,100.0,100.0,100.0,0.0,100.0,100.0,100.0,0.0,0.0,100.0,100.0,100.0,100.0,35.294117647058826,100.0,100.0,100.0,100.0,temporal1,0
0.0155161964796212,0.0228387897190308,2.1299139113636363,4.785656929016113e-05,2.266142859242857,0.0070334959628354,2.2459023607818183,0.1009744098328724,0.0093800496014086,0.0049206751202619,0.0172229620679677,0.0726862079115789,0.0667900914323202,0.004585005920573,0.0472287516101307,0.0121175302398392,0.0128835450205309,0.1435517236043137,0.0659012287931045,2.9589280425,0.2737063566384615,0.2665789566052631,0.0570914963387581,3.428500011666666,0.014603257175,0.1741322215778947,0.0157528218662214,0.2114516176120648,0.0947151309405263,2.3405952593023804,0.2776983517307692,0.006518850585683,0.0210153330904347,0.0359020819378688,100.0,100.0,100.0,100.0,100.0,100.0,100.0,100.0,100.0,100.0,100.0,100.0,100.0,100.0,100.0,100.0,100.0,100.0,100.0,16.66666666666667,100.0,100.0,100.0,16.66666666666667,0.0,100.0,100.0,100.0,100.0,76.19047619047619,100.0,100.0,100.0,100.0,temporal1,0
0.0151903562010501,0.0233553912153373,1.49140004868,4.462003707885742e-05,2.830428595214286,0.0089434829958333,1.8594533969,0.0985904772375595,0.0092458133023103,0.005964982437578,0.0185368899594758,0.0669154840294117,0.066523084957931,0.0045200766580146,0.0466413908908276,0.015974660977813,0.0185645679337532,0.1130287186622758,0.067105012092,3.0157259814285715,0.3373155873941176,0.3385882096588235,0.0563586202073103,3.5614285757142854,0.0156856377866666,0.2460379740399999,0.0167815257720689,0.1863837837791875,0.1710161180635294,3.026705864076471,0.25493264194,0.00830588738009,0.0245176076865,0.0395736982036206,100.0,100.0,100.0,100.0,71.42857142857143,100.0,83.33333333333333,100.0,100.0,100.0,100.0,100.0,100.0,100.0,100.0,100.0,100.0,100.0,100.0,0.0,100.0,100.0,100.0,0.0,0.0,100.0,100.0,100.0,100.0,52.94117647058823,100.0,100.0,100.0,100.0,temporal1,0
0.0168664987396418,0.0192140805490063,0.2608616352,4.425048828125e-05,5.90599989,0.008538195065,3.00368881,0.0995061847673922,0.0106873389989743,0.0059464311804315,0.0189619003161282,0.12597382067,0.0695335131314102,0.0032496669070363,0.053256386357564,0.0147710930500509,0.0248898756774359,0.1257384892982051,0.0755040095266666,3.00394845,0.4196999370625,0.411500006875,0.0628974498751282,3.58299994,0.014428377145,0.2960773407875,0.0175260335925641,0.2008511825625581,0.16229602690625,1.9138749827375,0.06625008583,0.0020506241732343,0.0216321945166666,0.0419973532314285,100.0,100.0,100.0,100.0,0.0,100.0,0.0,100.0,100.0,100.0,100.0,100.0,100.0,100.0,100.0,100.0,100.0,100.0,100.0,0.0,100.0,100.0,100.0,0.0,0.0,100.0,100.0,100.0,100.0,75.0,100.0,100.0,100.0,100.0,temporal1,0
0.0151700307873226,0.0221830939520388,2.44234561,4.44948673248291e-05,3.1009999500000003,0.0066096081447058,2.79624724,0.1001793331616514,0.0082984442501041,0.0059464112415944,0.0190801347252291,0.0637251933358333,0.0660834188159375,0.0046212603055661,0.0463541621906562,0.0145838333300785,0.0126098135221739,0.1130565404736458,0.0638718604962499,3.00245658,0.3376867770583333,0.3358333507666667,0.0560521061155208,3.7763333266666654,0.0167992909733333,0.2418402234366666,0.0170405556719791,0.1873403989635849,0.1763025323291666,2.113583364258333,0.3260353803,0.0026765871037027,0.0199525424362857,0.0416458334175,100.0,100.0,100.0,100.0,50.0,100.0,50.0,99.79508196721312,100.0,100.0,100.0,100.0,100.0,100.0,100.0,100.0,100.0,100.0,100.0,0.0,100.0,100.0,100.0,0.0,0.0,100.0,100.0,100.0,100.0,66.66666666666666,100.0,100.0,100.0,100.0,temporal1,0
0.0166869464143141,0.0220334121122272,2.2875691025,4.566311836242676e-05,2.36699998,0.011045337630687,2.3739339075,0.1000252705489741,0.00908028602469,0.0063547354686347,0.01766976594403,0.08052994987,0.0654871964368,0.0037750482551571,0.0469200110352,0.0135885220653669,0.0218214057351093,0.1190249895787999,0.0614380097288999,3.003522946666666,0.3445224544818182,0.3449091043818182,0.056819996826,3.55566668,0.016663074485,0.2496541846272728,0.0155341672852,0.1925141095693636,0.1595782149663636,2.5514545636,0.261409878675,0.004511203765058,0.0231899704232142,0.0388578609945454,100.0,100.0,100.0,100.0,100.0,100.0,100.0,100.0,100.0,100.0,100.0,100.0,100.0,100.0,100.0,100.0,100.0,100.0,100.0,0.0,100.0,100.0,100.0,0.0,0.0,100.0,100.0,100.0,100.0,72.72727272727272,100.0,100.0,100.0,100.0,temporal1,0
0.0152269729104854,0.0181757109472319,0.2608616352,4.373788833618164e-05,5.602499955,0.010786155482566,3.0034381100000003,0.0976935216476462,0.0113315105418769,0.0065303493530245,0.0163199534741538,0.18764710423,0.0701360298930769,0.0046177756395483,0.0462461361432307,0.0163338345761215,0.0221952644711791,0.1204431093426153,0.068985638240923,3.01730322,0.4764799276666667,0.4769999980666666,0.0567384793112307,3.60599994,0.017282962795,0.3402210076,0.0162334845578461,0.1983180244355555,0.1507760683066666,5.812666566666667,0.06625008583,0.0027720268730124,0.0233203814557692,0.0413011268296296,100.0,100.0,100.0,100.0,0.0,100.0,0.0,100.0,100.0,100.0,100.0,100.0,100.0,100.0,100.0,100.0,100.0,100.0,100.0,0.0,100.0,100.0,100.0,0.0,0.0,100.0,100.0,100.0,100.0,0.0,100.0,100.0,100.0,100.0,temporal1,0
0.0165788483589,0.0199620554735807,0.2608616352,4.380941390991211e-05,2.44099998,0.0088605752538279,0.4397904872,0.0984514993932311,0.0095078068204482,0.0064646320055431,0.0187605715296666,0.10142305492,0.0678123523377011,0.0064499396967244,0.0539999857589655,0.0120955458148222,0.0216708706616219,0.1110967931812643,0.0730395728014942,3.0053855533333333,0.40479734535,0.3966249823125,0.0639885156910344,3.54633331,0.019650459285,0.2962659597087499,0.0164513286455172,0.1861259568193814,0.1808855235175,2.0654999595875,0.06625008583,0.0044542312612204,0.0223415184,0.0420923550876666,100.0,100.0,100.0,100.0,100.0,100.0,100.0,100.0,100.0,100.0,100.0,100.0,100.0,100.0,100.0,100.0,100.0,100.0,100.0,0.0,100.0,100.0,100.0,0.0,0.0,100.0,100.0,100.0,100.0,62.5,100.0,100.0,100.0,100.0,temporal1,0
0.0160842862019956,0.0227416491638214,1.51849174174,4.317164421081543e-05,1.7618333463166669,0.0076531569154285,1.6444868048,0.0996055480361854,0.0090883911234554,0.0068788348441073,0.0188542498171188,0.0854944160914285,0.065990922460792,0.004342589817234,0.0829207944093069,0.0164427474683989,0.01549539714725,0.1048816336095049,0.1085100716535643,3.03849911,0.3523774827714285,0.3482858112285714,0.0935346607261386,3.62800002,0.01655483245,0.2414784431157143,0.0168395018769306,0.1974060470054054,0.14956913673,2.401555508777778,0.28931369776,0.0062824075028968,0.0228433299911111,0.0476225904451351,100.0,100.0,100.0,100.0,100.0,100.0,100.0,99.80276134122288,100.0,100.0,100.0,100.0,100.0,100.0,100.0,100.0,100.0,100.0,100.0,0.0,100.0,100.0,100.0,0.0,0.0,100.0,100.0,100.0,100.0,88.88888888888889,100.0,100.0,100.0,100.0,temporal2,0
0.0166200866343795,0.0204675839457191,0.3078720568999999,4.465579986572266e-05,0.4610000848,0.0081153805560074,0.4709706306,0.0959371191099891,0.0086096551671333,0.0061736978320533,0.0177372561519111,0.1224753856483333,0.0670788288008889,0.0046688098167,0.0496555434234777,0.014041192461717,0.0185005792968172,0.115722833718,0.0667402479287777,3.0118694233333336,0.4076263109333333,0.40616667265,0.0595888773494444,3.554666593333333,0.02667689323,0.295720418255,0.0167964617368888,0.1899524259201,0.1713726917433333,2.728333352383333,0.23621416085,0.0033189876396815,0.0212987831633333,0.0418525609054545,100.0,100.0,100.0,100.0,100.0,100.0,100.0,100.0,100.0,100.0,100.0,100.0,100.0,100.0,100.0,100.0,100.0,100.0,100.0,0.0,100.0,100.0,100.0,0.0,0.0,100.0,100.0,100.0,100.0,50.0,100.0,100.0,100.0,100.0,temporal2,0
0.0162094450242732,0.0202337607967721,2.3083828859999995,4.361271858215332e-05,2.8832857214285714,0.0086367265737045,2.5262910466666666,0.0964099219933858,0.0085733033504594,0.0062976549327147,0.0182605208533378,0.0803835590566666,0.0687864986514864,0.0054988533837352,0.0406351282717567,0.0141014834480214,0.0121747285866153,0.1010395191645946,0.0565760651039189,3.002107216666667,0.3117146094083333,0.3081666627916666,0.050675685331081,3.537333326666667,0.01303982734,0.2122235496375,0.0173139153254054,0.1845618412434568,0.1298524339683333,3.050538444461538,0.2558788299,0.0034501552572689,0.0222551368495238,0.04108376800625,100.0,100.0,100.0,100.0,85.71428571428571,100.0,83.33333333333333,99.74683544303798,100.0,100.0,100.0,100.0,100.0,100.0,100.0,100.0,100.0,100.0,100.0,0.0,100.0,100.0,100.0,0.0,0.0,100.0,100.0,100.0,100.0,69.23076923076923,100.0,100.0,100.0,100.0,temporal2,0
0.0157895551860336,0.0234531671408172,2.0496536435625,5.102753639221192e-05,2.133999970125,0.0091393354540966,2.145152891725,0.1048463245195931,0.0086176298745608,0.0061668814142899,0.0184654980049189,0.0666649076633333,0.0669241531349324,0.0042895539744481,0.0478445855259459,0.0165172223475617,0.0123835430318494,0.1444651983585135,0.0683064380630872,3.007097476,0.3292478719833334,0.3236111534444444,0.0584999854417567,3.82450004,0.0178181648239999,0.2308301660377777,0.0172542655749324,0.2133603328235975,0.16129344036,2.7023889049833336,0.2547783851111111,0.005186911138543,0.022654928264375,0.0413570290461904,100.0,100.0,100.0,100.0,100.0,100.0,100.0,100.0,100.0,100.0,100.0,100.0,100.0,100.0,100.0,100.0,100.0,100.0,100.0,0.0,100.0,100.0,100.0,0.0,0.0,100.0,100.0,100.0,100.0,72.22222222222223,100.0,100.0,100.0,100.0,temporal2,0
0.0163665183150649,0.0199092461782835,1.6636016323,4.347562789916992e-05,1.781999982833333,0.0082828806540201,1.7832140872666666,0.1018686436893356,0.0087971572403373,0.0061574769954831,0.0201085992567349,0.064872004759909,0.066587726746506,0.0061493921668151,0.0428072372043373,0.0155705468387089,0.0139238366028749,0.118988335822771,0.0603555455173494,3.00773914,0.3392235365181819,0.3351817780818182,0.0526867573428915,3.5773332866666663,0.016746461385,0.2360015565363636,0.0170947471255421,0.1933060158443478,0.1693928024690909,2.173454586227273,0.2656756241333333,0.0045488476744555,0.0231554616563636,0.043223559851875,100.0,100.0,100.0,100.0,100.0,100.0,100.0,100.0,100.0,100.0,100.0,100.0,100.0,100.0,100.0,100.0,100.0,100.0,100.0,0.0,100.0,100.0,100.0,0.0,0.0,100.0,100.0,100.0,100.0,72.72727272727272,100.0,100.0,100.0,100.0,temporal2,0
0.0153938676947971,0.0206023174149112,2.52585673,4.410743713378906e-05,3.927400008,0.0080389221106435,2.1473120409,0.0978608349842857,0.0096089001526703,0.0061266088919441,0.0170878394580989,0.0709988203872727,0.0649921658181318,0.0066557876928091,0.0540549545401098,0.0166495759665733,0.0144110955268125,0.1199713119862637,0.0770807595849999,3.009925,0.3060495486076923,0.2991817213818182,0.0647802143195604,3.559999815,0.01563096046,0.2160713455545455,0.0166516800679166,0.1959454469992079,0.1433744647118181,2.395416694933333,0.21484506125,0.0042220190447534,0.0225348014042307,0.0393157946386842,100.0,100.0,100.0,100.0,60.0,100.0,75.0,100.0,100.0,100.0,100.0,100.0,100.0,100.0,100.0,100.0,100.0,100.0,100.0,0.0,100.0,100.0,100.0,0.0,0.0,100.0,100.0,100.0,100.0,75.0,100.0,100.0,100.0,100.0,temporal2,0
0.0163740300197463,0.0225066349392759,0.811925350875,4.338622093200684e-05,0.901249943125,0.009019361064104,0.9103291014,0.099171886452912,0.0106422923844857,0.0063120983747651,0.0164616584737523,0.080536699282,0.0685652551074285,0.0047900228685838,0.0539238225747619,0.013734139580244,0.0119855251041153,0.1097797870390476,0.0761860506743809,3.013330373333333,0.5487260093699999,0.5489000557899999,0.065390468768,3.564666663333333,0.01738595962,0.313599300027,0.0182825928598095,0.1853433066018965,0.221511888453,2.36509999869,0.2628536224,0.0028226562561984,0.0226908683746666,0.04332305788425,100.0,100.0,100.0,100.0,100.0,100.0,100.0,100.0,100.0,100.0,100.0,100.0,100.0,100.0,100.0,100.0,100.0,100.0,100.0,0.0,100.0,100.0,100.0,0.0,0.0,100.0,100.0,100.0,100.0,70.0,100.0,100.0,100.0,100.0,temporal2,0
0.0171448802020047,0.0201812848083168,1.7841047000999997,4.723668098449707e-05,2.0278333385,0.0082750428790151,2.0405743883833334,0.1027135245251603,0.0091930845717419,0.005805519656812,0.018587294441258,0.1057515740207499,0.0649119474452688,0.0042171514116917,0.0465806479047311,0.011738719680107,0.0156112663297936,0.1275795556956989,0.0636361516827204,3.002529855,0.588816106025,1.0767692228,0.0562043266812903,3.537500015,0.01637804508,0.3218847115283333,0.0168227816104301,0.1963837076942718,0.210947970515,2.7627499867916665,0.3097178140833333,0.0041767195153025,0.023845899102,0.0388194199203448,100.0,100.0,100.0,100.0,100.0,100.0,100.0,100.0,100.0,100.0,100.0,100.0,100.0,100.0,100.0,100.0,100.0,100.0,100.0,0.0,100.0,100.0,100.0,0.0,0.0,100.0,100.0,100.0,100.0,83.33333333333333,100.0,100.0,100.0,100.0,temporal2,0
0.0191693765982388,0.0241050162178788,1.7238561382285715,4.425644874572754e-05,1.824428554328572,0.0109640210850937,1.8314851670571424,0.1043100211021649,0.008537671049,0.0060298459173749,0.0188650972086554,0.085456028569375,0.0643678532941891,0.0066089989993396,0.0514324371762162,0.0143314497039238,0.01368753671343,0.1127562957581081,0.0697570247007382,3.00367804,0.37498578424375,0.37081249053125,0.0617297307728378,3.954666728333333,0.0161131858759999,0.2679560929,0.0178595926268243,0.1881672303505487,0.17998823519625,3.0616250156437497,0.2421079362714286,0.0051260693306652,0.0235711336080555,0.0383727412909615,100.0,100.0,100.0,100.0,100.0,100.0,100.0,100.0,100.0,100.0,100.0,100.0,100.0,100.0,100.0,100.0,100.0,100.0,100.0,0.0,100.0,100.0,100.0,0.0,0.0,100.0,100.0,100.0,100.0,62.5,100.0,100.0,100.0,100.0,temporal2,0
0.015831073122326,0.0224170011942619,1.6270088324000005,4.385709762573242e-05,1.7616665330999997,0.0092644217102565,1.7705811613666664,0.0979366965151591,0.0082501667287235,0.006179597897985,0.0175241590472357,0.0950380238418182,0.0637928121355284,0.0048753253191637,0.0418861726369512,0.0130733303848021,0.0203309155432222,0.1226429783971544,0.060304157124878,3.011311165,0.4114191098181818,0.4078181656454545,0.0515121928961788,3.590499995,0.013403058045,0.3026776096545455,0.0169011073341463,0.1929848529229629,0.2055369290181818,1.8938181597,0.2201262314666666,0.0040922210756974,0.0234798959292857,0.0401467134504166,100.0,100.0,100.0,100.0,100.0,100.0,100.0,99.83249581239532,100.0,100.0,100.0,100.0,100.0,100.0,100.0,100.0,100.0,100.0,100.0,0.0,100.0,100.0,100.0,0.0,0.0,100.0,100.0,100.0,100.0,81.81818181818181,100.0,100.0,100.0,100.0,temporal2,0
0.015576916884578,0.0193021659822181,2.277733083333333,4.385709762573242e-05,2.4130000233333333,0.0105478366199166,2.419373586666667,0.0939464574337823,0.007952639634847,0.0061073023709788,0.0184585795638941,0.0952945152858333,0.0656608749742352,0.005021611520471,0.0546117782491764,0.0164594612253559,0.0212793399853229,0.1086446172877647,0.0777925379029411,3.0029612125,0.3561315337333333,0.3536666631333333,0.0645058940307058,3.54900002,0.01550340652,0.2511135339333333,0.0163260684248235,0.1834048362060638,0.1507137417483333,2.4790000302333337,0.2373313108333333,0.0044260073671626,0.0239895880191666,0.0373516662656756,100.0,100.0,100.0,100.0,100.0,100.0,100.0,100.0,100.0,100.0,100.0,100.0,100.0,100.0,100.0,100.0,100.0,100.0,100.0,0.0,100.0,100.0,100.0,0.0,0.0,100.0,100.0,100.0,100.0,66.66666666666666,100.0,100.0,100.0,100.0,temporal2,0
0.0166722123735529,0.0198193205895484,1.9670273805000005,4.366636276245117e-05,2.0688333084,0.0092304700439038,2.078343068466667,0.0975020739759263,0.0105405648535698,0.0061204167476741,0.0185896709357634,0.074272060383,0.0627638268106451,0.0045135236315864,0.0430860391164516,0.0133653469092985,0.0176953315697538,0.1041036010916129,0.0657455946721505,3.0048012075,0.34252116676,0.33780000206,0.0527741908949462,3.555000005,0.015520930285,0.235639285988,0.015944878256344,0.1754225642538834,0.1515868424939999,3.4274000110000005,0.2438890536166666,0.0036391884660302,0.0232088035966666,0.0381297287676086,100.0,100.0,100.0,100.0,100.0,100.0,100.0,100.0,100.0,100.0,100.0,100.0,100.0,100.0,100.0,100.0,100.0,100.0,100.0,0.0,100.0,100.0,100.0,0.0,0.0,100.0,100.0,100.0,100.0,60.0,100.0,100.0,100.0,100.0,temporal2,0
0.0157343062828505,0.0216909749500075,2.0502608674625,4.4852495193481445e-05,2.1248750063625,0.0077725172033333,2.1383147479750004,0.093252235200854,0.0076406098688108,0.0058041579154137,0.0184640964897364,0.06651315092375,0.0674874573036486,0.0047637471604764,0.0422364924331756,0.0136613706774775,0.0179476676275862,0.1014054836295945,0.0599079555505263,3.0126324466666667,0.33423264320625,0.3253750353562499,0.0520405221544594,3.660000003333333,0.01508364677,0.242053478915,0.0165431156508219,0.1766638958921341,0.171539902666875,2.44506247073125,0.2666924263999999,0.0041468316846278,0.0253340421660465,0.0383207003222222,100.0,100.0,100.0,100.0,100.0,100.0,100.0,100.0,100.0,100.0,100.0,100.0,100.0,100.0,100.0,100.0,100.0,100.0,100.0,0.0,100.0,100.0,100.0,0.0,0.0,100.0,100.0,100.0,100.0,81.25,100.0,100.0,100.0,100.0,temporal2,0
0.0150554678574811,0.0195181254383961,0.2608616352,4.3892860412597655e-05,5.66100001,0.0081758192081363,3.00334453,0.0989109349577427,0.0089036281704069,0.0062839138654694,0.0205811871980232,0.1132393316543636,0.0626736324790697,0.0044716967904508,0.053116260564186,0.0132976474423717,0.015535481511758,0.1304713847777907,0.0777143552048809,3.0135084733333333,0.5272135199777778,0.4756363513818181,0.0636278972984883,3.54266667,0.015480184552,0.3783820972972727,0.0163222409386904,0.2026931837584211,0.2143339893590909,2.670666692122222,0.06625008583,0.0034919953802424,0.0227686337042857,0.0403721604985714,100.0,100.0,100.0,100.0,0.0,100.0,0.0,100.0,100.0,100.0,100.0,100.0,100.0,100.0,100.0,100.0,100.0,100.0,100.0,0.0,100.0,100.0,100.0,0.0,0.0,100.0,100.0,100.0,100.0,55.55555555555556,100.0,100.0,100.0,100.0,temporal2,0
0.0166191069456624,0.0244007589989131,1.314883109425,4.282593727111816e-05,1.430249986625,0.0084504728306399,1.4264999011,0.1017958720283538,0.00914084083375,0.0061326584862449,0.0195054047595208,0.0587443709304375,0.0664659490079861,0.0054844091910735,0.0508749931970833,0.0159697404166244,0.0131840370038309,0.1173277182461111,0.0739494164632638,3.00888328,0.32274129981875,0.321000039525,0.0603680478104861,3.547600026,0.0143917401566666,0.22943758961,0.0176717970065972,0.1923778971397484,0.164016187150625,2.111999971988236,0.2441427111,0.0081091100506225,0.0248210549325,0.0419061481896875,100.0,100.0,100.0,100.0,100.0,100.0,100.0,100.0,100.0,100.0,100.0,100.0,100.0,100.0,100.0,100.0,100.0,100.0,100.0,0.0,100.0,100.0,100.0,0.0,0.0,100.0,100.0,100.0,100.0,70.58823529411765,100.0,100.0,100.0,100.0,temporal2,0
0.0160397647236103,0.0191094048531763,0.7797280504999999,4.506111145019531e-05,3.945166662933333,0.0083910670924705,2.17529117575,0.097068608475685,0.0086257145503333,0.005910775441341,0.0200190685990952,0.0601138201581818,0.065622136697619,0.0049107452227916,0.0413095127917857,0.0130303392520148,0.0129329817615306,0.1070481169580952,0.0589785689319047,3.013907388333333,0.3399571288272727,0.3409090908636363,0.0512499951098809,4.09987493125,0.011257052415,0.2333106343990909,0.0171451086048809,0.1835239317691398,0.1681899157172727,4.183538486261539,0.38319599625,0.0042413254164587,0.023356032369,0.0405714665635483,100.0,100.0,100.0,100.0,33.33333333333333,100.0,50.0,100.0,100.0,100.0,100.0,100.0,100.0,100.0,100.0,100.0,100.0,100.0,100.0,0.0,100.0,100.0,100.0,0.0,0.0,100.0,100.0,100.0,100.0,23.07692307692308,100.0,100.0,100.0,100.0,temporal2,0
0.0163486867410498,0.0191163066889024,2.16030573,4.341602325439453e-05,2.34899997,0.0089518053566453,2.33953833,0.3768221412927445,0.0085616670996419,0.0059438015945055,0.0173660472548765,0.0962512152414285,0.0656316165313253,0.0067971053229831,0.0446264916083132,0.0147446311784694,0.0119227626073818,1.5649461996272287,0.0696710035770238,3.019490713333333,0.3849800995142857,0.3874285901857143,0.0541807398628915,3.5710000133333337,0.011257052415,0.2771697384571428,0.0157374330269879,1.4980580295407608,0.1791607992571428,2.6462856660714285,0.06625008583,0.0030064019280269,0.0234875137131818,0.0373354244183999,100.0,100.0,100.0,100.0,100.0,100.0,100.0,99.30555555555556,100.0,100.0,100.0,100.0,100.0,100.0,100.0,100.0,100.0,97.59036144578312,100.0,0.0,100.0,100.0,100.0,0.0,0.0,100.0,100.0,97.82608695652172,100.0,57.142857142857146,100.0,100.0,100.0,100.0,temporal2,0
0.0148385522293718,0.0227791348138849,2.32547839,4.387497901916504e-05,2.4589999466666668,0.0079407716778124,2.464925043333333,0.0943790537877292,0.0083850362236015,0.005595339270787,0.0173496267796992,0.103447771054,0.0640695578992481,0.0063823947190264,0.0500827032723533,0.0171398144234709,0.0108138768037831,0.1049691429558646,0.0752010012639534,3.0058314733333336,0.4216198126,0.41190001959,0.0592706794913533,3.5330000666666668,0.0153626600866666,0.307910656888,0.0184956229051515,0.1788185858831292,0.201190924601,2.7683334059777778,0.3050788243333333,0.0049969629792638,0.0225425163870833,0.0409541924729629,100.0,100.0,100.0,100.0,100.0,100.0,100.0,100.0,100.0,100.0,100.0,100.0,100.0,100.0,100.0,100.0,100.0,100.0,100.0,0.0,100.0,100.0,100.0,0.0,0.0,100.0,100.0,100.0,100.0,66.66666666666666,100.0,100.0,100.0,100.0,temporal2,0
0.0160059746784248,0.0211092161366399,0.2608616352,4.326701164245605e-05,2.44099998,0.0093435352109491,0.4397904872,0.0989528795123603,0.0093995540024239,0.0060763769477372,0.0206888032947934,0.0818143572028571,0.0655313911543478,0.0051260138993181,0.040836956185326,0.0132468472212282,0.0180393251846206,0.0995729798642391,0.0573346259673404,3.00352674,0.447337716775,0.4215714249857143,0.0503152245974999,4.138500029999999,0.04168605804,0.3005746432285714,0.0164923356884782,0.1741554853559803,0.2119300024471428,3.1664285299285715,0.3049099445,0.003809227942196,0.0198194781908333,0.0402802457151063,100.0,100.0,100.0,100.0,100.0,100.0,100.0,100.0,100.0,100.0,100.0,100.0,100.0,100.0,100.0,100.0,100.0,100.0,100.0,0.0,100.0,100.0,100.0,0.0,0.0,100.0,100.0,100.0,100.0,42.85714285714285,100.0,100.0,100.0,100.0,temporal2,0
0.0161647343258128,0.0251443644253496,1.9624344469833328,4.481077194213867e-05,2.072769234892308,0.0081884763269508,2.0661645290500004,0.1021835852834694,0.0120656741803586,0.0057794942220418,0.0188651618032742,0.0663726576403448,0.0657145866226582,0.0050722441960979,0.0542573878423206,0.0145579989885586,0.0149388939877499,0.1190368947881434,0.0769043960335294,3.0095235242857146,0.3298324058310344,0.3248965493068965,0.0641687650571729,3.5431428271428573,0.015833020205,0.2372441373568965,0.0170991108849367,0.1916548977941221,0.1663253882562069,2.381354829222581,0.26016080375,0.0062329769116902,0.0256373990640909,0.0397049490172289,100.0,100.0,100.0,100.0,100.0,100.0,100.0,100.0,100.0,100.0,100.0,100.0,100.0,100.0,100.0,100.0,100.0,100.0,100.0,0.0,100.0,100.0,100.0,0.0,0.0,100.0,100.0,100.0,100.0,77.41935483870968,100.0,100.0,100.0,100.0,temporal2,0
0.0163455171843324,0.0193275744144548,0.2969710826,4.400014877319336e-05,0.4509999752,0.0148666373289285,0.4397904872,0.0940709279711606,0.0088974343056835,0.0064198830743225,0.017853640298405,0.08155372737375,0.065774561476962,0.0047908022588828,0.0589240623331645,0.0151030894416796,0.0110367955357027,0.1065082821468354,0.0894839280565823,3.00930547,0.4502454995625,0.4444999992374999,0.0693797582155696,4.377599992,0.01545755068,0.34614464635,0.0171500912148101,0.1820280496683908,0.18335372207625,2.745333350711111,0.2733089923,0.0034983873362704,0.0233969279679999,0.0371319756744117,100.0,100.0,100.0,100.0,100.0,100.0,100.0,100.0,100.0,100.0,100.0,100.0,100.0,100.0,100.0,100.0,100.0,100.0,100.0,0.0,100.0,100.0,100.0,0.0,0.0,100.0,100.0,100.0,100.0,55.55555555555556,100.0,100.0,100.0,100.0,temporal2,0
0.0167624749842679,0.0184006183208564,0.2608616352,4.412531852722168e-05,4.61225007,0.0098497616605263,3.004861033333333,0.0933485979519113,0.0104874793208529,0.0062034562473336,0.0171397363399411,0.0900612527527272,0.0642807658860294,0.0045401826491979,0.0508676346527941,0.0173582235948106,0.0151555585834399,0.1062018800969117,0.0665464190755882,3.010637995,0.3424055792545454,0.3362727164727273,0.0613088327183823,3.56599998,0.0204634666399999,0.2495059749909091,0.0161938491946617,0.1794141069710666,0.1548706184318181,2.4781817935272725,0.06625008583,0.0040722400574277,0.020649528501,0.040891491843913,100.0,100.0,100.0,100.0,0.0,100.0,0.0,99.73118279569891,100.0,100.0,100.0,100.0,100.0,100.0,100.0,100.0,100.0,100.0,100.0,0.0,100.0,100.0,100.0,0.0,0.0,100.0,100.0,100.0,100.0,54.54545454545455,100.0,100.0,100.0,100.0,temporal2,0
0.0172877543902922,0.0192143894348607,0.2608616352,4.5293569564819335e-05,2.44099998,0.0094728022805,0.4397904872,0.0999178693119525,0.009390152416523,0.0067159910055161,0.0175510516487692,0.0765495565111111,0.07146788743,0.0041975769939892,0.0563230991286153,0.0142865629785664,0.0211067364101551,0.1005752710036923,0.0776179533613846,3.0053456950000004,0.3503843942777778,0.3488889534666667,0.0662922969136923,4.160857127142857,0.011257052415,0.2412127123333333,0.0182035776243076,0.1824087069713889,0.1545809904333333,3.303333306144444,0.06625008583,0.0028748664441911,0.0234825257874074,0.0451304290526086,100.0,100.0,100.0,100.0,100.0,100.0,100.0,100.0,100.0,100.0,100.0,100.0,100.0,100.0,100.0,100.0,100.0,100.0,100.0,0.0,100.0,100.0,100.0,0.0,0.0,100.0,100.0,100.0,100.0,33.33333333333333,100.0,100.0,100.0,100.0,temporal2,0
0.0154528273921231,0.0212522303823905,1.54505650705,4.262328147888184e-05,1.64339995064,0.0082318459520508,1.65279833964,0.1015497705020929,0.010128685405,0.0055176342473634,0.0184161782221214,0.0688737905865384,0.0656798703233571,0.003981660603845,0.0447571464865714,0.0151257890941162,0.019043065531,0.1273065004787857,0.0627300856721831,3.0109839057142858,0.2947109020346153,0.2794615213230769,0.0544500010258571,3.986333335555555,0.01278162002,0.1930079368015384,0.0160518859254609,0.1976858338612903,0.1197974131373077,2.392535700742857,0.24535677428,0.0042455907440087,0.023870392275909,0.0361201763117142,100.0,100.0,100.0,100.0,100.0,100.0,100.0,100.0,100.0,100.0,100.0,100.0,100.0,100.0,100.0,100.0,100.0,100.0,100.0,0.0,100.0,100.0,100.0,0.0,0.0,100.0,100.0,100.0,100.0,71.42857142857143,100.0,100.0,100.0,100.0,temporal2,0
0.0160071397094936,0.0181408590713613,0.2608616352,4.473924636840821e-05,5.292999966,0.0066096081447058,3.01447232,0.0985131966553934,0.0097835461285757,0.0065203442680458,0.0175127332820606,0.0761407746055555,0.0684106494360606,0.0039151450413829,0.0451969811336363,0.0134887132638845,0.02651851653718,0.1079768339581818,0.0670128509034328,3.0095860325,0.3570447232555556,0.3501111136111111,0.0556818102248484,3.58299994,0.01490092277,0.2542199558244444,0.016934777002647,0.1834057748757534,0.17320463388,3.970444489577778,0.06625008583,0.0021791259438972,0.0244676516584615,0.0407698074926666,100.0,100.0,100.0,100.0,0.0,100.0,0.0,100.0,100.0,100.0,100.0,100.0,100.0,100.0,100.0,100.0,100.0,100.0,100.0,0.0,100.0,100.0,100.0,0.0,0.0,100.0,100.0,100.0,100.0,22.22222222222223,100.0,100.0,100.0,100.0,temporal2,0
0.0150181293454252,0.0212200906507781,2.53808164,3.792047500610352e-05,3.098500125,0.009867385026875,2.83053183,0.096370184846456,0.0093080445329052,0.0058920762608242,0.0166688316704421,0.0865726073516666,0.0680981861794736,0.0034392851362962,0.0483262990566315,0.0133266236079619,0.0162518713176,0.1255026690791579,0.0691347071888421,3.00091552,0.3544585704166667,0.3536666631166666,0.0587894740757894,3.57000017,0.0151045322349999,0.2510189612466666,0.0160930257053684,0.1956256547433333,0.1584894656733333,2.309833363983333,0.4419412612,0.0030427399794331,0.0210692571526086,0.0398603721851851,100.0,100.0,100.0,100.0,50.0,100.0,50.0,99.79423868312756,100.0,100.0,100.0,100.0,100.0,100.0,100.0,100.0,100.0,100.0,100.0,0.0,100.0,100.0,100.0,0.0,0.0,100.0,100.0,100.0,100.0,66.66666666666666,100.0,100.0,100.0,100.0,temporal2,0
0.015488617247927,0.021670992266301,1.692282195,4.382729530334472e-05,2.82750004,0.0083124861111484,2.5566577275,0.0935673788685114,0.0088361348848803,0.005978837478645,0.0189293938775811,0.0820571955425882,0.063979016399829,0.0057364963204852,0.0425128223473162,0.0138176135347222,0.0150723457310256,0.097411512292735,0.0667300874420661,3.0033860842857143,0.4742082425411765,0.8151666984833333,0.052871803944017,3.567857091428571,0.014592885965,0.3035738745023529,0.01672513745,0.1723488532158461,0.2072430778588235,3.2759444515166667,0.2832121848666666,0.0047745434732301,0.0226376684057894,0.0409587595153333,100.0,100.0,100.0,100.0,50.0,100.0,50.0,100.0,100.0,100.0,100.0,100.0,100.0,100.0,100.0,100.0,100.0,100.0,100.0,0.0,100.0,100.0,100.0,0.0,0.0,100.0,100.0,100.0,100.0,50.0,100.0,100.0,100.0,100.0,temporal2,0
0.0158914820708232,0.0208170461625042,0.9758194270333336,4.3184329301883015e-05,1.1026667741666667,0.0091487474916025,1.1201783807666663,0.1024783992800894,0.0112310465373333,0.0060381145445706,0.0176531688546936,0.0807514190630769,0.0676113893217117,0.0057235288912704,0.0428108159419819,0.0150035040414849,0.0139365327197912,0.130551555111982,0.0645540920368468,3.0064174683333333,0.3412876678846154,0.3375384440461538,0.0522612386912612,3.616666708333333,0.0137505531299999,0.2448293978792307,0.0161197206957657,0.2056885035959349,0.1608481773615384,2.649769247976923,0.232373714375,0.0046303002326359,0.0225828034517857,0.0408159006679545,100.0,100.0,100.0,100.0,100.0,100.0,100.0,100.0,100.0,100.0,100.0,100.0,100.0,100.0,100.0,100.0,100.0,100.0,100.0,0.0,100.0,100.0,100.0,0.0,0.0,100.0,100.0,100.0,100.0,53.84615384615385,100.0,100.0,100.0,100.0,temporal2,0
0.0163533305870533,0.021741955365781,2.30111527,4.427433013916016e-05,2.40033332,0.0079048203247073,2.407299113333333,0.0964896352289202,0.0087623696566736,0.0061566820536979,0.0184380656748315,0.1265909671666666,0.0681800315186315,0.0065299899478592,0.0516631628234736,0.0177651874181372,0.0134647871740892,0.1016408192273684,0.0686496533725263,3.002200043333333,0.4628053108333333,0.4554999271333333,0.0613789382607368,3.54466668,0.01513195037,0.3286759853,0.0181983420683157,0.179817594759619,0.2002973158683333,3.858333385,0.2313437461333333,0.0033974075305708,0.021724867819,0.0414480715921875,100.0,100.0,100.0,100.0,100.0,100.0,100.0,99.79253112033194,100.0,100.0,100.0,100.0,100.0,100.0,100.0,100.0,100.0,100.0,100.0,0.0,100.0,100.0,100.0,0.0,0.0,100.0,100.0,100.0,100.0,50.0,100.0,100.0,100.0,100.0,temporal2,0
0.0152329594468959,0.0233584698322877,1.3053441009,4.404783248901367e-05,3.2223333462,0.0081274292674545,2.4866680251,0.0926010249451456,0.0095619662039741,0.0052982948773082,0.0184977218986551,0.064818400595,0.06665026084,0.0044936115019821,0.039472564859789,0.0136244945854813,0.0131950053273409,0.1277387483974683,0.054927280675232,3.008241111666667,0.2991428283038462,0.2955769208423077,0.0491012742172151,3.5819166458333336,0.01364064216,0.2036048356953846,0.0164063399312658,0.1985815243330153,0.1365136641488461,3.049384618980769,0.25031322235,0.0084765177488382,0.0240022160772727,0.0371179196093548,100.0,100.0,100.0,100.0,33.33333333333333,100.0,33.33333333333333,100.0,100.0,100.0,100.0,100.0,100.0,100.0,100.0,100.0,100.0,100.0,100.0,0.0,100.0,100.0,100.0,0.0,0.0,100.0,100.0,100.0,100.0,38.46153846153846,100.0,100.0,100.0,100.0,temporal2,0
0.0157285116543421,0.0236401059152385,1.880875503333333,4.497170448303223e-05,3.62071431,0.0084059391529449,2.650139182,0.1032939447088365,0.0104532715587179,0.005963458459928,0.0183357443523525,0.0633761602223529,0.0642675925418589,0.0039012540463318,0.0605897567103846,0.0147035855891535,0.0112869346241134,0.1284829423391666,0.0910940079016879,3.0051101242857143,0.331756521617647,0.3306470898588235,0.0708333314834615,3.875571417142857,0.0153380235,0.2456368838482353,0.0170321984125,0.2003372463465697,0.1770063007188235,3.282722217661111,0.2770135402,0.0045035311144382,0.0237465169638888,0.0396207287136507,100.0,100.0,100.0,100.0,57.142857142857146,100.0,60.0,100.0,100.0,100.0,100.0,100.0,100.0,100.0,100.0,100.0,100.0,100.0,100.0,0.0,100.0,100.0,100.0,0.0,0.0,100.0,100.0,100.0,100.0,50.0,100.0,100.0,100.0,100.0,temporal2,0
0.0173184508735452,0.021289665465124,2.1099907425875,4.41431999206543e-05,2.1918750063625,0.0091478854789873,2.1992074813875,0.0961939560581213,0.0086273587256173,0.0057214346005111,0.0177455197169304,0.0636685019989473,0.0632967596373913,0.0056876565774355,0.0490608671345217,0.0163786392433889,0.0117522581730434,0.1032375480613043,0.0692898211134782,3.00567561,0.2936064945526316,0.2882631702947368,0.059165212372,3.6379999475,0.0154178142499999,0.1988584869415789,0.0177220385966956,0.178523187521496,0.1221088484478947,2.338631564868421,0.2639637787666666,0.0040276417351437,0.0214621112419047,0.0381658871933333,100.0,100.0,100.0,100.0,100.0,100.0,100.0,99.82456140350877,100.0,100.0,100.0,100.0,100.0,100.0,100.0,100.0,100.0,100.0,100.0,0.0,100.0,100.0,100.0,0.0,0.0,100.0,100.0,100.0,100.0,78.94736842105263,100.0,100.0,100.0,100.0,temporal2,0
0.0169031126198535,0.0216645367903813,2.3118913125,4.369616508483887e-05,2.635799928,0.0086371584551676,2.536896796,0.1026429289815776,0.0092067173533333,0.0052117533871418,0.0195210229743142,0.0670347743522222,0.0664269129309523,0.0044794877363529,0.0509238038661904,0.0129963739784591,0.0203206944935638,0.1170683043119047,0.0709607535413761,3.0087964475,0.3315704795444444,0.3259444633611111,0.0612000124670476,3.5584999875000003,0.011821508405,0.2338387833277778,0.0182185281360909,0.1896792741543589,0.1621962255622222,2.200499995722222,0.2738378047499999,0.0016291344161618,0.0250157451568,0.0398222842065957,100.0,100.0,100.0,100.0,80.0,100.0,80.0,100.0,100.0,100.0,100.0,100.0,100.0,100.0,100.0,100.0,100.0,100.0,100.0,0.0,100.0,100.0,100.0,0.0,0.0,100.0,100.0,100.0,100.0,72.22222222222223,100.0,100.0,100.0,100.0,temporal2,0
0.0150549318760686,0.0244965668611545,1.6071035412833332,5.3036212921142575e-05,1.7221666542333331,0.0095272838533675,1.728720821116667,0.1002757939024718,0.0088018440207465,0.0059611951272289,0.0190588513422397,0.0625032817564705,0.0637291588103424,0.0040872004418737,0.0496095778108219,0.0151066083209002,0.01384719530432,0.1259740835699315,0.0736763036280822,3.0068793266666667,0.3322901585058823,0.3271764867058823,0.0601780708388356,4.091571351428572,0.01516258716,0.2326985947764706,0.0165393140175342,0.1947905380119255,0.1572032675723529,2.669352962488236,0.2333422104166666,0.0036260518146938,0.0208407732123076,0.0424083709668333,100.0,100.0,100.0,100.0,100.0,100.0,100.0,100.0,100.0,100.0,100.0,100.0,100.0,100.0,100.0,100.0,100.0,100.0,100.0,0.0,100.0,100.0,100.0,0.0,0.0,100.0,100.0,100.0,100.0,64.70588235294117,100.0,100.0,100.0,100.0,temporal2,0
0.0159011175382619,0.0182206902050162,1.1988690467,4.302263259887695e-05,3.2928999313400005,0.0078502844274793,2.4275136474666663,0.0990522499562147,0.0086507495779195,0.0059285417726932,0.018760872977885,0.0661288289417647,0.0696940833014942,0.00419270090621,0.0526781575332183,0.0140225256456268,0.0111519468213793,0.1044000373350574,0.0786662770334146,3.004299542,0.3020199466529411,0.2945294520117646,0.0626436704772413,3.5394,0.01340389251,0.2029445451282353,0.0160809568572289,0.1856159586277894,0.1295828117752941,3.3184117391235293,0.2845001220249999,0.0023908955704182,0.0233298173296153,0.0373387148465789,100.0,100.0,100.0,100.0,50.0,100.0,33.33333333333333,100.0,100.0,100.0,100.0,100.0,100.0,100.0,100.0,100.0,100.0,100.0,100.0,0.0,100.0,100.0,100.0,0.0,0.0,100.0,100.0,100.0,100.0,41.1764705882353,100.0,100.0,100.0,100.0,temporal2,0
0.0165217335241642,0.0191028012600482,1.5482654538,4.454851150512695e-05,2.719499970275,0.0093086455987894,2.463563079925,0.0987301250695242,0.0086047975972328,0.006733839929601,0.0193096284951369,0.0798981923192307,0.0683491752467123,0.0067057632245714,0.0509452133879451,0.0160816551343753,0.0184942332763661,0.1124447371632876,0.0727939605579452,3.00071263,0.3145359295461538,0.3089999418538461,0.0606712347773972,3.569,0.01897788047,0.2145095604715384,0.0168198918602739,0.1965842717528395,0.13213783041,2.521499988407143,0.29735660545,0.0021994759631269,0.019584797320625,0.039000584015,100.0,100.0,100.0,100.0,50.0,100.0,50.0,100.0,100.0,100.0,100.0,100.0,100.0,100.0,100.0,100.0,100.0,100.0,100.0,0.0,100.0,100.0,100.0,0.0,0.0,100.0,100.0,100.0,100.0,64.28571428571428,100.0,100.0,100.0,100.0,temporal2,0
0.0146437718807605,0.019770817507032,0.2608616352,4.319548606872559e-05,3.56350004,0.0079034887320752,3.0110481900000003,0.0934607011097062,0.0088855530074605,0.0061531096503093,0.0176779408162763,0.0616479814,0.0637828362528947,0.0035760248145092,0.0510526048418421,0.0168390747351882,0.0115959644287173,0.1151797206497368,0.0879841979990789,3.010413736,0.331469416575,0.32750007505,0.0615394805494736,3.69599995,0.0145936806933333,0.24646160002,0.0179514320225,0.1844285669378571,0.17646065351875,3.9016250318,0.2859480381,0.0021894872180723,0.023527896402,0.0422415227545454,100.0,100.0,100.0,100.0,0.0,100.0,0.0,100.0,100.0,100.0,100.0,100.0,100.0,100.0,100.0,100.0,100.0,100.0,100.0,0.0,100.0,100.0,100.0,0.0,0.0,100.0,100.0,100.0,100.0,12.5,100.0,100.0,100.0,100.0,temporal2,0
0.0168677202169999,0.0241787644929483,1.5738924541785713,4.284381866455078e-05,1.654428615307143,0.0080616007133814,1.665869096485714,0.1110982314848775,0.0083063268271496,0.0051481098975859,0.01740905712537,0.0607296716028409,0.066932345618746,0.0045247818034501,0.0593385598944514,0.0153061833107058,0.0155091550581984,0.1162455731948902,0.0799267720295899,3.0064417675,0.2689146767904762,0.2590454599568181,0.0685956156530407,3.559333301666667,0.0156366825066666,0.1681612187847727,0.0164221127789408,0.191774191438608,0.1008561524281818,2.1012727103204543,0.2435073681714286,0.0063103878311769,0.0234609842272727,0.0370397832595555,100.0,100.0,100.0,100.0,100.0,100.0,100.0,100.0,100.0,100.0,100.0,100.0,100.0,100.0,100.0,100.0,100.0,100.0,100.0,0.0,100.0,100.0,100.0,0.0,0.0,100.0,100.0,100.0,100.0,72.72727272727272,100.0,100.0,100.0,100.0,temporal2,0
0.0154810721022196,0.0179530785333583,1.7884405823750005,5.376338958740234e-05,1.881499944,0.0079000199950427,1.8976131041,0.0950546000142874,0.00789910058075,0.0057623900258146,0.01800324767375,0.0772712664090909,0.0683565810211458,0.0039630777687647,0.0452187433758333,0.0120711100178968,0.0170220480090847,0.1160863761797916,0.0661625514320833,3.003167306666666,0.353806755709091,0.3556364015727272,0.0555833329664583,3.553999976666667,0.01493942737,0.2636392116009091,0.0146381308592708,0.1887455458499057,0.1824342553918181,2.376090934836364,0.255824387025,0.0026943169379403,0.0198951042592307,0.0364460263883333,100.0,100.0,100.0,100.0,100.0,100.0,100.0,100.0,100.0,100.0,100.0,100.0,100.0,100.0,100.0,100.0,100.0,100.0,100.0,0.0,100.0,100.0,100.0,0.0,0.0,100.0,100.0,100.0,100.0,72.72727272727272,100.0,100.0,100.0,100.0,temporal2,0
0.0149541982999421,0.0229936609329559,2.03440604,4.3320655822753904e-05,2.6342856485714288,0.0082260088614433,2.4813504157142856,0.0926760521478396,0.0087024441234177,0.005982909220137,0.0174003613111075,0.0784345626733333,0.0630691760599367,0.005024017513554,0.0411392420083544,0.0131099082722414,0.0120475973375904,0.1002429285979746,0.0593797194709493,3.00829639,0.3960214773266666,0.3936000028733333,0.0515189864892405,4.027000087999999,0.01698249578,0.2956112066466667,0.0169957710177215,0.1713124581761494,0.1750050703326666,3.31168748040625,0.24631571764,0.0046325820975908,0.0229849645039285,0.038885138246,100.0,100.0,100.0,100.0,71.42857142857143,100.0,71.42857142857143,100.0,100.0,100.0,100.0,100.0,100.0,100.0,100.0,100.0,100.0,100.0,100.0,0.0,100.0,100.0,100.0,0.0,0.0,100.0,100.0,100.0,100.0,56.25,100.0,100.0,100.0,100.0,temporal2,0
0.0156037177687276,0.023607480993981,2.126085434783333,4.217028617858887e-05,2.244076889069231,0.008099249038339,2.233610328208333,0.1015841183995717,0.0085590672857333,0.0051953060559308,0.017174312042892,0.0709107387309756,0.0647489471912698,0.0046782797607651,0.0428571367942222,0.0107175903676011,0.0119131471666494,0.131010316627365,0.0603208564469523,2.861806836470588,0.2643344227414634,0.2609512107658536,0.0530031881425477,3.296411761764705,0.01466295122375,0.1735793264441463,0.0158569562169745,0.1999306890721552,0.0967280108558536,2.628571445185714,0.2361694503647059,0.0064394254417091,0.020472957535,0.0361051539702479,100.0,100.0,100.0,100.0,100.0,100.0,100.0,100.0,100.0,100.0,100.0,100.0,100.0,100.0,100.0,100.0,100.0,100.0,100.0,23.529411764705884,100.0,100.0,100.0,23.529411764705884,0.0,100.0,100.0,100.0,100.0,69.04761904761905,100.0,100.0,100.0,100.0,temporal2,0
0.0157102248275308,0.0215263882163778,0.2608616352,4.322528839111328e-05,3.550599952,0.0084397207728957,3.006640906,0.1028340800880298,0.0090091824517962,0.006258475681615,0.0176822388569537,0.1133418083014285,0.0630136110061111,0.0043735519427051,0.0440277832458333,0.0153353662088838,0.0123834455141428,0.1546127288110185,0.0601061935689814,3.00630187,0.4446748324285714,0.4374286106285714,0.0544999926098148,3.53600001,0.016596555705,0.3271890026714285,0.0178024879163888,0.2188280522468333,0.2109840597157142,3.8567142096142857,0.06625008583,0.0030598136081312,0.023631906505,0.0393911875143589,100.0,100.0,100.0,100.0,0.0,100.0,0.0,100.0,100.0,100.0,100.0,100.0,100.0,100.0,100.0,100.0,100.0,100.0,100.0,0.0,100.0,100.0,100.0,0.0,0.0,100.0,100.0,100.0,100.0,14.285714285714292,100.0,100.0,100.0,100.0,temporal2,0
0.0145749414557465,0.0256486018906175,1.9151189624214289,4.144906997680664e-05,2.514277786238889,0.0085215454007772,2.274385023183333,0.0868367467362917,0.0085418864366845,0.0055042048165344,0.0174497133889865,0.0666656300764864,0.0660582101660126,0.0045311727686473,0.0539588611212658,0.0168787842202401,0.0100581223747812,0.1045093347569936,0.0766936495444653,3.006087576666667,0.2680029510925,0.2650270203837838,0.0634240470223101,3.578749970833333,0.012076497075,0.1724657947508108,0.0174319564133962,0.1773371258942407,0.0991421325583783,2.943026326089474,0.2683161326285714,0.0072862683096737,0.0214015428815384,0.0390937616472527,100.0,100.0,100.0,100.0,77.77777777777777,100.0,77.77777777777777,100.0,100.0,100.0,100.0,100.0,100.0,100.0,100.0,100.0,100.0,100.0,100.0,0.0,100.0,100.0,100.0,0.0,0.0,100.0,100.0,100.0,100.0,57.89473684210526,100.0,100.0,100.0,100.0,temporal2,0
0.0150754188335724,0.0232731025982961,0.2608616352,4.387497901916504e-05,3.245500011630001,0.0091107423124458,2.74846765557,0.0956396111639692,0.0104622735903081,0.0059258849110802,0.017173789577893,0.066612152817619,0.0665772680844025,0.0052425604753452,0.0453584883876729,0.0150176140305862,0.0160977758180413,0.1107767347793081,0.0631273212586792,3.013658677777778,0.2963152953095238,0.2903809546857143,0.0545597451206918,3.5917777722222226,0.01668801307,0.2014853159185714,0.0162516195028301,0.1857329926798285,0.1283260186266666,3.747047590252381,0.25013101095,0.006434504473601,0.0238199724811764,0.0394551753944117,100.0,100.0,100.0,100.0,10.0,100.0,10.0,100.0,100.0,100.0,100.0,100.0,100.0,100.0,100.0,100.0,100.0,100.0,100.0,0.0,100.0,100.0,100.0,0.0,0.0,100.0,100.0,100.0,100.0,14.285714285714292,100.0,100.0,100.0,100.0,temporal2,0
0.0150586084004407,0.0220428805566037,2.5315642300000003,4.186630249023437e-05,3.379909076363637,0.0074236826452727,2.909545220909091,0.0995166988414223,0.0075645653396199,0.0057841476950462,0.0171733268059799,0.0699318430604545,0.0672494586201333,0.0046862709181121,0.0413200028661999,0.0121338837645638,0.0157111511399784,0.1039166323132666,0.0605552911665999,3.0154008225,0.3055650645636363,0.3023181611454545,0.0508200025463333,3.5602500375000004,0.0149320363949999,0.2176802699654545,0.0166144895512666,0.1785528185459036,0.1444254354645454,2.997500003559091,0.2813582419666666,0.0047676688731134,0.0236520682021428,0.0379648164414814,100.0,100.0,100.0,100.0,18.181818181818187,100.0,18.181818181818187,100.0,100.0,100.0,100.0,100.0,100.0,100.0,100.0,100.0,100.0,100.0,100.0,0.0,100.0,100.0,100.0,0.0,0.0,100.0,100.0,100.0,100.0,40.90909090909091,100.0,100.0,100.0,100.0,temporal2,0
0.016808765079548,0.0194078519399447,0.7998549921,4.401206970214844e-05,0.8979999402500001,0.0084296430849142,0.902227044,0.1047313130492128,0.010000599055921,0.0061862884640781,0.0185111541453026,0.139672994595,0.0668078472638157,0.0043336506236851,0.056828950570921,0.0126237210086426,0.0134809017156923,0.1271657943423684,0.0753334992751948,3.011816375,0.693302213325,1.4025555700333332,0.0666578819742105,3.552500005,0.0129514932599999,0.4243025180999999,0.0184224938043421,0.2055627930314286,0.268146634065,3.0509999805000003,0.2655052542,0.0020924831952198,0.0239486694311111,0.040937697884,100.0,100.0,100.0,100.0,100.0,100.0,100.0,100.0,100.0,100.0,100.0,100.0,100.0,100.0,100.0,100.0,100.0,100.0,100.0,0.0,100.0,100.0,100.0,0.0,0.0,100.0,100.0,100.0,100.0,77.77777777777777,100.0,100.0,100.0,100.0,temporal2,0
0.0152419334355702,0.020880151963532,0.2940274873666667,4.4465065002441406e-05,0.4353334108333334,0.0109667488021891,0.4472117423333333,0.0967688749237109,0.0096410745509878,0.0059995397810874,0.0182112687928536,0.088036982212,0.0627986221671951,0.0052902426629649,0.0497073196668292,0.0147093126590554,0.0125660058584864,0.1163039614291463,0.0759957185446341,3.006621091111111,0.47208294828,0.8683749879875,0.0596585477129268,3.633777721111111,0.01998591423,0.2897319310253333,0.0175174474670731,0.1910144725987778,0.1961313563073333,3.2845333511400003,0.2201147874,0.0032072762638345,0.0230860493368181,0.0379484076202631,100.0,100.0,100.0,100.0,100.0,100.0,100.0,99.53379953379954,100.0,100.0,100.0,100.0,100.0,100.0,100.0,100.0,100.0,100.0,100.0,0.0,100.0,100.0,100.0,0.0,0.0,100.0,100.0,100.0,100.0,40.0,100.0,100.0,100.0,100.0,temporal2,0
0.0160271042994822,0.0189769288042816,2.166029846666667,4.363059997558594e-05,4.163999908333333,0.0084437098751736,2.70767867,0.1020940476098897,0.011150091506886,0.0058647083038929,0.0185795584773037,0.0919259547988999,0.0681477286996202,0.0051786620329639,0.0508987360294936,0.0127802881909972,0.0201602398370793,0.126036435722405,0.0722797792051898,3.0039561925,0.42328608029,0.41740002627,0.0610759469417721,3.548999878,0.011257052415,0.3148718118199999,0.016713954220886,0.2052028726885057,0.15966274735,3.6510768959538464,0.2633224327666666,0.002269501588053,0.020595777032,0.0378427505447058,100.0,100.0,100.0,100.0,100.0,100.0,100.0,100.0,100.0,100.0,100.0,100.0,100.0,100.0,100.0,100.0,100.0,100.0,100.0,0.0,100.0,100.0,100.0,0.0,0.0,100.0,100.0,100.0,100.0,61.53846153846154,100.0,100.0,100.0,100.0,temporal2,0
0.015324552281318,0.0205655595502739,2.97554087,4.349946975708008e-05,3.695333358333333,0.010222271373647,3.012422735,0.0962251248350952,0.00877216656884,0.0068127258555378,0.0176777903195733,0.0960248576111111,0.0658759466705333,0.0051717290245607,0.0599466800577333,0.0161335543670993,0.0101589063779166,0.1212568473652,0.0888234815951315,3.0142139533333334,0.3736735714333333,0.3636666668333334,0.0702399825933333,4.556499935,0.01555395126,0.2659280564655555,0.0174266401882666,0.1955128031683132,0.1641044086377777,3.88660003669,0.3102691173,0.0025568405777598,0.0213474290678571,0.0446073743985185,100.0,100.0,100.0,100.0,0.0,100.0,0.0,100.0,100.0,100.0,100.0,100.0,100.0,100.0,100.0,100.0,100.0,100.0,100.0,0.0,100.0,100.0,100.0,0.0,0.0,100.0,100.0,100.0,100.0,20.0,100.0,100.0,100.0,100.0,temporal2,0
0.0151871816325115,0.0224084941744189,2.0513780075,4.348158836364746e-05,3.4104000020000003,0.0094981704418214,2.505368705,0.0973393187873966,0.0099974547806354,0.0060644815542826,0.0171865001283124,0.0785172419036363,0.0664589181427083,0.0052878243073014,0.0495312511861458,0.0129937806205311,0.0154841831723714,0.1131646185911458,0.070476462431875,3.007954295,0.3406693934909091,0.3487272695454546,0.0592291826902083,3.5517500575,0.011257052415,0.2463370452727273,0.0178976431441666,0.1898885717488679,0.1626879301645454,3.115818106836364,0.308444797925,0.004723501204601,0.0209100484803333,0.0427988202894736,100.0,100.0,100.0,100.0,100.0,100.0,100.0,100.0,100.0,100.0,100.0,100.0,100.0,100.0,100.0,100.0,100.0,100.0,100.0,0.0,100.0,100.0,100.0,0.0,0.0,100.0,100.0,100.0,100.0,63.63636363636363,100.0,100.0,100.0,100.0,temporal2,0
0.016437618097102,0.0213142755047929,1.30265068645,4.347562789916992e-05,1.4359999873,0.0077129205057142,1.44358277015,0.1005062760911703,0.010452878582899,0.005886984367226,0.0190903659221651,0.11448243258875,0.0642210977798165,0.0051579870229171,0.0499816465722935,0.015842427498146,0.014453045861968,0.1264341380368807,0.0720113192645794,3.0166552766666666,0.429508268775,0.4265000223375,0.0598440454531192,3.6016666833333333,0.01392495632,0.324821054875,0.0179182814619626,0.1968022771705785,0.2085658907562499,2.5180000049125,0.2599278688,0.0040179307632954,0.0237727815431818,0.0400365761291836,100.0,100.0,100.0,100.0,100.0,100.0,100.0,100.0,100.0,100.0,100.0,100.0,100.0,100.0,100.0,100.0,100.0,100.0,100.0,0.0,100.0,100.0,100.0,0.0,0.0,100.0,100.0,100.0,100.0,62.5,100.0,100.0,100.0,100.0,temporal2,0
0.0166334010224595,0.0191132863336218,2.96762394,4.341006278991699e-05,3.717499845,0.0066096081447058,3.010361425,0.1032629657092646,0.0093912748171999,0.0063980409006228,0.0190818603172461,0.11806714531875,0.0700915226453846,0.0051040316131505,0.0670307672827692,0.0160207691041529,0.0129607157247727,0.1313611103649231,0.0934224752098461,3.0049574325,0.3887744843374999,0.37287500495,0.0774923177730769,3.5412499850000003,0.01564157009,0.2461433410175,0.0186034569336923,0.2159637311695833,0.11039903757625,3.4498749949125003,0.3015863895,0.0029547924682126,0.0222070117766666,0.0417856953304545,100.0,100.0,100.0,100.0,0.0,100.0,0.0,100.0,100.0,100.0,100.0,100.0,100.0,100.0,100.0,100.0,100.0,100.0,100.0,0.0,100.0,100.0,100.0,0.0,0.0,100.0,100.0,100.0,100.0,25.0,100.0,100.0,100.0,100.0,temporal2,0
0.0158355133767042,0.0202534146898937,1.6142900754499998,4.432797431945801e-05,2.326428544157143,0.0086447626845677,1.902820857328572,0.1017775351653935,0.0085917636737187,0.0060805322499153,0.0203912729964583,0.0764212437959285,0.0664481669560416,0.0038252332625367,0.0467499866978124,0.0156889984351133,0.0137492736152833,0.1140393440712499,0.0646304885444791,3.014614755,0.3390066623214286,0.3324285404571428,0.0566979174698958,3.5915000375,0.01391601562,0.2323319741357143,0.0169032982369387,0.1862182684291509,0.1483121599078571,2.905785744742857,0.2315476337499999,0.0026829336192436,0.0229367679996296,0.0379531264252499,100.0,100.0,100.0,100.0,85.71428571428571,100.0,85.71428571428571,100.0,100.0,100.0,100.0,100.0,100.0,100.0,100.0,100.0,100.0,100.0,100.0,0.0,100.0,100.0,100.0,0.0,0.0,100.0,100.0,100.0,100.0,64.28571428571428,100.0,100.0,100.0,100.0,temporal2,0
0.0193901965792592,0.0207551168179111,0.2608616352,4.259347915649414e-05,3.596999995,0.007322810943238,3.038385385,0.1045436174717013,0.0097632548365294,0.0069211971598788,0.0171249123137451,0.10950511691625,0.0628987971393137,0.0044400006117191,0.0564901992263725,0.0172580841333107,0.0184885899195777,0.1256567590152941,0.0766729616984999,3.026368293333333,0.41542299585,0.4132499396125,0.0672156810627451,3.5709999175,0.014005541795,0.31277340645,0.0159198482398019,0.193312431818407,0.1912401318175,3.848571364257143,0.06625008583,0.0037251901613844,0.022810536265,0.04172236322825,100.0,100.0,100.0,100.0,0.0,100.0,0.0,100.0,100.0,100.0,100.0,100.0,100.0,100.0,100.0,100.0,100.0,100.0,100.0,0.0,100.0,100.0,100.0,0.0,0.0,100.0,100.0,100.0,100.0,14.285714285714292,100.0,100.0,100.0,100.0,temporal2,0
0.014410424229745,0.0217335176752175,1.26068720668,4.308223724365234e-05,2.0982856375285714,0.00813816070472,1.9514287850714285,0.101213732272704,0.0099719469995263,0.0058836910422095,0.0182444798278333,0.081409788116,0.0694710120725438,0.0042639281369457,0.0532368442368421,0.0155921099953874,0.0167923229049523,0.1250531526714912,0.0747251426825438,3.012344628571429,0.2908476352266667,0.2887999534,0.0635087803705263,3.556999984285714,0.0156420469225,0.2002046584719999,0.0175346060872973,0.2014952944566141,0.1140800157953333,3.298933343633333,0.27627778048,0.0040697271998166,0.0247995231430434,0.0403583685511111,100.0,100.0,100.0,100.0,71.42857142857143,100.0,71.42857142857143,99.82174688057042,100.0,100.0,100.0,100.0,100.0,100.0,100.0,100.0,100.0,100.0,100.0,0.0,100.0,100.0,100.0,0.0,0.0,100.0,100.0,100.0,100.0,40.0,100.0,100.0,100.0,100.0,temporal2,0
0.0165562349177871,0.0205245059082194,0.7815183368,4.434585571289063e-05,2.0863333522,0.009735640056734,1.9062597709666669,0.100285143994506,0.0104159712776184,0.0066945684659674,0.0195915981306842,0.113431185465,0.0680906050986842,0.0043644596022407,0.0504341941044736,0.0159610678168267,0.0121867733586774,0.1148791940324999,0.0712710493393421,3.011047978,0.4233102201875,0.4190000593125,0.060618431930921,3.565833326666666,0.011257052415,0.30272027845,0.0182822942688157,0.1907172543257143,0.18515962358625,3.842125025,0.37631285185,0.0032537380844896,0.0238921188142857,0.0402541160537142,100.0,100.0,100.0,100.0,66.66666666666666,100.0,66.66666666666666,98.07228915662652,100.0,100.0,100.0,100.0,100.0,100.0,100.0,100.0,100.0,100.0,100.0,0.0,100.0,100.0,100.0,0.0,0.0,100.0,100.0,100.0,100.0,25.0,100.0,100.0,100.0,100.0,temporal2,0
0.01951970286,0.0231556021938807,1.96953351765,4.355112711588541e-05,2.1002857313428573,0.0066096081447058,2.0748739189666665,0.1056790899723258,0.0093774137811264,0.0065734788149982,0.0210306315545287,0.0798604488253846,0.0677128468341379,0.005483338502317,0.0480574684486206,0.0153960847588226,0.0139322467848235,0.1158507335943678,0.0660190719170115,3.0062130266666665,0.3492551583,0.3505384554692308,0.0580115098947126,3.557666616666667,0.01689696311,0.2388361049992307,0.0183835139171264,0.1932122980185416,0.15467275104,2.543642858814285,0.262338678,0.0061122377702178,0.0244095636426086,0.0456292960302777,100.0,100.0,100.0,100.0,100.0,100.0,100.0,100.0,100.0,100.0,100.0,100.0,100.0,100.0,100.0,100.0,100.0,100.0,100.0,0.0,100.0,100.0,100.0,0.0,0.0,100.0,100.0,100.0,100.0,78.57142857142857,100.0,100.0,100.0,100.0,temporal2,0
0.0172989915596721,0.0185052606268506,0.2608616352,4.2879581451416014e-05,4.944666616666667,0.00991888045885,3.00980663,0.1156481050610873,0.0113876238447656,0.006324660167904,0.0179122202046093,0.130439519865,0.0664096809817187,0.0058091256919782,0.056390613304375,0.0174535279480507,0.0121610959337666,0.1550984568603125,0.0773169658932812,3.003074765,0.4720419634666666,0.48383339165,0.0665781348817187,3.5646665866666667,0.01397252082,0.36671797375,0.0167681014857575,0.2297201458432394,0.1406673192699999,3.57666666945,0.06625008583,0.0039513618380489,0.0228901306766666,0.0415355908189473,100.0,100.0,100.0,100.0,0.0,100.0,0.0,100.0,100.0,100.0,100.0,100.0,100.0,100.0,100.0,100.0,100.0,100.0,100.0,0.0,100.0,100.0,100.0,0.0,0.0,100.0,100.0,100.0,100.0,33.33333333333333,100.0,100.0,100.0,100.0,temporal2,0
0.014452642281589,0.0187837155899375,1.9540002703833328,5.428791046142578e-05,2.0860000021666667,0.009149335321875,2.098401662166667,0.0988206943066099,0.0095515613298101,0.0057716773955906,0.0189459685986329,0.1106029987199999,0.0692530342191139,0.00422935657609,0.0471772302473417,0.0155418914477031,0.012295653419375,0.110907307136962,0.0645108222845569,3.00299191,0.41261587138,0.40939996238,0.0577848198916455,3.53350007,0.01559996604,0.30454814429,0.0165646589211392,0.1866867733650574,0.1870287656449999,2.80280000781,0.2427458762666666,0.0029715585702195,0.0210676101511538,0.0402857727419444,100.0,100.0,100.0,100.0,100.0,100.0,100.0,99.52038369304556,100.0,100.0,100.0,100.0,100.0,100.0,100.0,100.0,100.0,100.0,100.0,0.0,100.0,100.0,100.0,0.0,0.0,100.0,100.0,100.0,100.0,80.0,100.0,100.0,100.0,100.0,temporal2,0
0.0152880212858843,0.0170746392516641,2.32829213,4.423260688781738e-05,2.45799994,0.0083721213866666,2.47077107,0.0960087879987092,0.0097823260243606,0.0062624613433196,0.0156045116320163,0.219928503,0.0671663166906557,0.0036605181313932,0.0507540859085245,0.0138151192150414,0.0124140898353999,0.1226270472121311,0.0705589661734426,2.861806836470588,0.6553664207,0.6610000133,0.0612786793237705,3.5610001,0.01534605026,0.4804265499,0.0167231794211475,0.1910630920004411,0.2269241809,3.56099987,0.3019542694,0.0018201432322216,0.0212751967542857,0.037895788745,100.0,100.0,100.0,100.0,100.0,100.0,100.0,100.0,100.0,100.0,100.0,100.0,100.0,100.0,100.0,100.0,100.0,100.0,100.0,0.0,100.0,100.0,100.0,0.0,0.0,100.0,100.0,100.0,100.0,100.0,100.0,100.0,100.0,100.0,temporal2,0
0.0148629329166318,0.021864383184958,1.7173663164571429,4.249811172485352e-05,1.8169999432142856,0.0095134354536442,1.829479725642857,0.0989918884574318,0.0096156867032169,0.0058195320592357,0.0188842516980943,0.0692833132149999,0.064190538415,0.00498021761502,0.0594245330241509,0.0148193432474068,0.0168836514126923,0.1090830856701886,0.0819657995884905,3.0028965016666667,0.2979756063277777,0.2909444305222222,0.0699811386495283,4.130428614285714,0.0154119729949999,0.2062524026761111,0.0186160285472641,0.1871035037536752,0.1352180507227777,2.67272219105,0.2637578418714285,0.0025927786723171,0.0222955005489285,0.0411304077966037,100.0,100.0,100.0,100.0,100.0,100.0,100.0,100.0,100.0,100.0,100.0,100.0,100.0,100.0,100.0,100.0,100.0,100.0,100.0,0.0,100.0,100.0,100.0,0.0,0.0,100.0,100.0,100.0,100.0,66.66666666666666,100.0,100.0,100.0,100.0,temporal2,0
0.0169493960378456,0.0192949232039319,1.3072354772,4.298090934753418e-05,1.6249998798499998,0.0096590152128205,1.62637578995,0.0982243003905457,0.0093736540172424,0.0069526293564044,0.017903902309303,0.1017943620558333,0.0658435929792424,0.0052138161145106,0.046166643945303,0.0143776936002147,0.0241570621670416,0.11378994131,0.0648537393728358,3.00758676,0.5582732749583333,1.3394285944500002,0.0564696969313636,3.925333335,0.011257052415,0.3374569806583334,0.0165892116904545,0.1902625658357534,0.2154301603341667,3.0403333605416667,0.2416760921,0.0021105269162442,0.0267458438845,0.0405213137416666,100.0,100.0,100.0,100.0,100.0,100.0,100.0,100.0,100.0,100.0,100.0,100.0,100.0,100.0,100.0,100.0,100.0,100.0,100.0,0.0,100.0,100.0,100.0,0.0,0.0,100.0,100.0,100.0,100.0,58.333333333333336,100.0,100.0,100.0,100.0,temporal2,0
0.0160809124596511,0.0191191619811086,0.2608616352,4.278421401977539e-05,4.388200038,0.0066096081447058,3.01102584,0.1092261662774619,0.0118406896704383,0.0061218558260655,0.0184529448158493,0.0920616785508333,0.0670155760243835,0.0042665948952673,0.0484657777363013,0.0184005320569912,0.0200852626948372,0.142099746259452,0.0655897307955405,3.00361736,0.3180574972916667,0.315166711775,0.0588904047538356,3.5536665866666666,0.01474404335,0.2282333373808333,0.0173252224876315,0.216851490697375,0.1304782032808333,2.9108333549083336,0.06625008583,0.0038673927378954,0.0212575495216666,0.0450088652654545,100.0,100.0,100.0,100.0,0.0,100.0,0.0,100.0,100.0,100.0,100.0,100.0,100.0,100.0,100.0,100.0,100.0,100.0,100.0,0.0,100.0,100.0,100.0,0.0,0.0,100.0,100.0,100.0,100.0,41.66666666666666,100.0,100.0,100.0,100.0,temporal2,0
0.0169213925302279,0.0194752485825347,1.036826687,4.6086311340332034e-05,1.1866665657666666,0.0068359984895116,1.1909517431333332,0.106810876791952,0.0099898370097466,0.0065797554216852,0.01742682774444,0.1404983400975,0.0653438059405333,0.0054698012691308,0.0627199999337733,0.0158611840640134,0.0130951303085957,0.1175408585593333,0.0866803199812,2.861806836470588,0.468248307675,0.459750115825,0.0727466613874666,3.5610001,0.0158940156233333,0.334634006,0.0163700993812,0.2052663865595181,0.191352546185,1.71240009962,0.2700987656333333,0.0023308676107984,0.021726552643,0.0405005467518421,100.0,100.0,100.0,100.0,100.0,100.0,100.0,99.50372208436724,100.0,100.0,100.0,100.0,100.0,100.0,100.0,100.0,100.0,100.0,100.0,0.0,100.0,100.0,100.0,0.0,0.0,100.0,100.0,100.0,100.0,100.0,100.0,100.0,100.0,100.0,temporal2,0
0.016295491700615,0.0200652950653905,1.302987035675,4.358291625976563e-05,1.4122499783000002,0.0079333847204181,1.4274581039749998,0.097922606998352,0.0088596838002072,0.0057572279346209,0.0166603316015405,0.0926642417846666,0.0689844827272972,0.0055146502238742,0.0420810768127027,0.01520181657667,0.0110894161086176,0.1105881445882883,0.0605333023138738,3.004300256,0.33922422722,0.33260002132,0.0523964005467567,3.93359999,0.0161347985225,0.23980277374,0.0157754846936607,0.1881949125853658,0.1376797516906666,2.362000016473333,0.2294896244249999,0.0028974965754191,0.0204696763622727,0.0388726515602564,100.0,100.0,100.0,100.0,100.0,100.0,100.0,100.0,100.0,100.0,100.0,100.0,100.0,100.0,100.0,100.0,100.0,100.0,100.0,0.0,100.0,100.0,100.0,0.0,0.0,100.0,100.0,100.0,100.0,66.66666666666666,100.0,100.0,100.0,100.0,temporal2,0
0.0169193247924479,0.0191506661024253,2.30384206,4.382133483886719e-05,2.53400015,0.0079888262826509,2.54905748,0.0994929860452534,0.0088421723913975,0.006262469221021,0.017458809423759,0.1917151450739999,0.06778174135,0.0050817497628487,0.0487108489043734,0.0128801820682949,0.0151878637892321,0.1238258890104819,0.0643816195245783,3.00554013,0.97524814526,1.52880000898,0.0587108565992771,3.53900003,0.01493724187,0.4647382258999999,0.0163499648269879,0.1961530524357609,0.263296937904,3.12459997988,0.2398595809,0.0023346969049895,0.0223942637419999,0.0393452420778124,100.0,100.0,100.0,100.0,100.0,100.0,100.0,100.0,100.0,100.0,100.0,100.0,100.0,100.0,100.0,100.0,100.0,100.0,100.0,0.0,100.0,100.0,100.0,0.0,0.0,100.0,100.0,100.0,100.0,80.0,100.0,100.0,100.0,100.0,temporal2,0
0.0158560079594279,0.0204947082406532,1.3132625801833335,5.022883415222168e-05,1.4163333559166666,0.0096553151836822,1.4290915294166668,0.1018794777255665,0.0101352358844895,0.0059963439364119,0.0171837235452083,0.070965830472,0.06810161966875,0.0052539618565808,0.0581666504230208,0.0172383037902748,0.0201091941630147,0.1214703668875,0.0820383702582291,3.0303130125,0.4685729817733333,0.46993331842,0.0691041772436458,4.0775001025,0.0205146074249999,0.2736007210839999,0.0171798591767708,0.200761567830283,0.1953442255393333,2.4640667381066668,0.2609877585833333,0.0066366338718857,0.022198593614,0.0376306867563999,100.0,100.0,100.0,100.0,100.0,100.0,100.0,99.59100204498978,100.0,100.0,100.0,100.0,100.0,100.0,100.0,100.0,100.0,100.0,100.0,0.0,100.0,100.0,100.0,0.0,0.0,100.0,100.0,100.0,100.0,73.33333333333333,100.0,100.0,100.0,100.0,temporal2,0
0.0154496081915948,0.0207599393102798,1.3165193753,4.4792890548706055e-05,4.032833353766667,0.0082932151847812,2.6959764442400003,0.0958431569190408,0.0088259132149126,0.0058553319691406,0.0181298788272815,0.0730881541926875,0.0640128029102912,0.0066472733760349,0.0448349748938834,0.0153394671426695,0.0211167277326097,0.103129002638932,0.0578645386652427,3.02408941,0.3270525782875,0.318374976475,0.0545339723157281,3.574333343333333,0.014076113695,0.22177617248125,0.0169006435576699,0.1819556666232743,0.140921339370625,3.71837499386875,0.26661074155,0.0026993703835162,0.02268299886,0.0387039184525,100.0,100.0,100.0,100.0,16.66666666666667,100.0,20.0,100.0,100.0,100.0,100.0,100.0,100.0,100.0,100.0,100.0,100.0,100.0,100.0,0.0,100.0,100.0,100.0,0.0,0.0,100.0,100.0,100.0,100.0,31.25,100.0,100.0,100.0,100.0,temporal2,0
0.0166714821399772,0.0217403130528973,0.3673615455,4.538893699645996e-05,0.5139999389,0.0113914992096249,0.5223493576,0.1005575027686932,0.0099973502896,0.0062477639949305,0.0187771395596947,0.0744018187792307,0.067169952382421,0.0053113654799037,0.0470421188677894,0.0146699177423147,0.0195266087819,0.1136331507816841,0.0587379405297894,3.008441206666667,0.3190233523461538,0.3123846237,0.0567578917965263,4.138571457142858,0.0158650279,0.2186848199776922,0.0169525724427272,0.1900085516955238,0.1406881808869231,2.2459230771,0.2255532741,0.0054904292602212,0.0228272318819999,0.0400381448083018,100.0,100.0,100.0,100.0,100.0,100.0,100.0,100.0,100.0,100.0,100.0,100.0,100.0,100.0,100.0,100.0,100.0,100.0,100.0,0.0,100.0,100.0,100.0,0.0,0.0,100.0,100.0,100.0,100.0,61.53846153846154,100.0,100.0,100.0,100.0,temporal2,0
0.016044609927287,0.0192457543921956,1.15699458,4.380345344543457e-05,2.95400011,0.0114134252052499,2.60724568,0.0946961527460626,0.0103331537374776,0.0065825419727336,0.0185129108671194,0.12270045279,0.0629614787176119,0.0037730593424736,0.0552985205483582,0.0131909772978786,0.0308122855602407,0.1006705440464179,0.0732764368333333,3.0168198275,0.4703628484111111,0.4637499738,0.0652835796007462,3.6340001175,0.01665210723,0.341722100925,0.0167006154811111,0.170867346382027,0.2051658331874999,3.103888878033333,0.302886486,0.0020025720192266,0.0216213176965517,0.0407182943214285,100.0,100.0,100.0,100.0,50.0,100.0,50.0,100.0,100.0,100.0,100.0,100.0,100.0,100.0,100.0,100.0,100.0,100.0,100.0,0.0,100.0,100.0,100.0,0.0,0.0,100.0,100.0,100.0,100.0,44.44444444444444,100.0,100.0,100.0,100.0,temporal2,0
0.015207516060606,0.0194321892442354,1.9781186545,4.176497459411621e-05,2.2399999654833334,0.0076618836463846,2.13456420434,0.1031887669148368,0.0099656684043857,0.0063748579570143,0.0185938187956142,0.08366757630375,0.0631486756335714,0.0043580969979387,0.0474000045159,0.0136316584195385,0.0169038061470701,0.1147079705975714,0.0645363569124285,3.009403663333333,0.3081252574375,0.2999375462125,0.0576285770861428,4.198666683333333,0.01980098088,0.2147806435349999,0.0178033419978571,0.1886423996066233,0.125541090935625,2.6081764945176467,0.26018958088,0.0028371658725848,0.0216814279507692,0.0457910941130769,100.0,100.0,100.0,100.0,100.0,100.0,100.0,100.0,100.0,100.0,100.0,100.0,100.0,100.0,100.0,100.0,100.0,100.0,100.0,0.0,100.0,100.0,100.0,0.0,0.0,100.0,100.0,100.0,100.0,70.58823529411765,100.0,100.0,100.0,100.0,temporal2,0
0.0150396969828571,0.0225265639536311,1.48504528538,4.311203956604004e-05,1.60740003408,0.0084308660931538,1.61085128412,0.1026025729716818,0.0078713266461278,0.0057543606803424,0.0180979384476992,0.0693961779230555,0.0659172319729323,0.0043878328226825,0.0448872092902255,0.0145933421017061,0.0156482846212558,0.1181485240412781,0.0634291990931297,3.008756315,0.3303708328352941,0.3328333695277778,0.0549774474574436,4.161285734285714,0.018845438955,0.2322312063349999,0.0175728051670992,0.191122215512585,0.1542616155066666,2.4284444367333338,0.2495693683199999,0.003909562762159,0.0222846212809523,0.0412057967851063,100.0,100.0,100.0,100.0,100.0,100.0,100.0,100.0,100.0,100.0,100.0,100.0,100.0,100.0,100.0,100.0,100.0,100.0,100.0,0.0,100.0,100.0,100.0,0.0,0.0,100.0,100.0,100.0,100.0,66.66666666666666,100.0,100.0,100.0,100.0,temporal2,0
0.015680348715909,0.0242725932158236,2.52886629,4.405975341796875e-05,2.65699982,0.0085545293101337,2.67120766,0.0934686742946711,0.0089193531429714,0.0059861120692074,0.0165856684912571,0.100905203809,0.0662924970799285,0.0043794419243823,0.0431857109018571,0.0130676107744111,0.0134488921775876,0.1034507070082143,0.0612183996508571,3.014428451666667,0.41536872383,0.4121999740199999,0.0535714251582857,3.5558333333333336,0.0144023299175,0.30333881373,0.0184337505354347,0.1743355133233333,0.198683285666,3.16389998998,0.3454227447,0.0034795183871687,0.0220443531840625,0.0408955370887037,100.0,100.0,100.0,100.0,100.0,100.0,100.0,100.0,100.0,100.0,100.0,100.0,100.0,100.0,100.0,100.0,100.0,100.0,100.0,0.0,100.0,100.0,100.0,0.0,0.0,100.0,100.0,100.0,100.0,40.0,100.0,100.0,100.0,100.0,temporal2,0
0.0153270276493096,0.0203160145478335,1.89562639904,4.280805587768555e-05,3.083142880842857,0.0091985702492166,2.1797052183666668,0.1006542019583844,0.0110553188121603,0.0063098655402324,0.0177095431158679,0.06678517162125,0.0686751064164151,0.0052509450905266,0.0576792482972924,0.0157835787895031,0.013949717558315,0.1202867075924528,0.0797380546198113,3.0034847680000003,0.29415060575,0.29181250924375,0.0680282790579245,4.2169999633333335,0.0176731745333333,0.20577408369,0.0149268136795283,0.1962648619560683,0.13470782337125,2.8631250091062497,0.2564718246,0.0044448749678934,0.022229897974,0.0396841019347916,100.0,100.0,100.0,100.0,71.42857142857143,100.0,83.33333333333333,100.0,100.0,100.0,100.0,100.0,100.0,100.0,100.0,100.0,100.0,100.0,100.0,0.0,100.0,100.0,100.0,0.0,0.0,100.0,100.0,100.0,100.0,62.5,100.0,100.0,100.0,100.0,temporal2,0
0.0150764731655566,0.0237727001650359,1.7877854969,3.837943077087402e-05,1.955444463977778,0.0076493476986896,1.8982996903,0.0993139932640903,0.0094735522214033,0.0050140753308202,0.0180098669831764,0.0716259864011612,0.0667378574485833,0.0053853140148294,0.0397374957731666,0.0134615585109092,0.0129521218183909,0.1255312750504583,0.0605993232326209,3.0140263186666667,0.3483662763733333,0.3482580876612903,0.0498125006654166,3.562799961,0.0170524120266666,0.2480276630274193,0.0175380254053164,0.1974808287428679,0.1565570523293548,3.1399142619914286,0.259167492325,0.0099404958559314,0.0215666670510526,0.037622910732375,100.0,100.0,100.0,100.0,100.0,100.0,100.0,99.81549815498155,100.0,100.0,100.0,100.0,100.0,100.0,100.0,100.0,100.0,100.0,100.0,0.0,100.0,100.0,100.0,0.0,0.0,100.0,100.0,100.0,100.0,45.71428571428572,100.0,100.0,100.0,100.0,temporal2,0
0.0196823737170784,0.0220199776897983,1.14014196,4.710555076599121e-05,1.944,0.0086900980567391,1.94875288,0.1150772034537589,0.0087288137054561,0.0061067625409862,0.0177763658613333,0.062752151484,0.0685004079429824,0.0041910394828037,0.0534473699332456,0.0139101831684352,0.0160137045921547,0.1622919825791228,0.0703404451571929,3.00870251,0.3745515346,0.3644999503499999,0.0632543940151754,3.5639998866666667,0.0147233804,0.273369002318,0.0173538442201754,0.23452685536096,0.204462099033,1.99220003885,0.3482739925,0.0033860298291037,0.0214316348208333,0.0402465221676595,100.0,100.0,100.0,100.0,100.0,100.0,100.0,100.0,100.0,100.0,100.0,100.0,100.0,100.0,100.0,100.0,100.0,100.0,100.0,0.0,100.0,100.0,100.0,0.0,0.0,100.0,100.0,100.0,100.0,70.0,100.0,100.0,100.0,100.0,temporal2,0
0.0165383136797571,0.0202959304205501,2.3615885533333336,5.132555961608887e-05,2.4860000566666667,0.008375377829266,2.4990665066666664,0.1037937641883618,0.0088659017382376,0.0059773698628329,0.0187382934074455,0.081024378528125,0.064391589390891,0.0051016967560939,0.0483663459743564,0.0144832195861609,0.0127585051941234,0.1366539071973267,0.0659284567947524,3.017244775714286,0.3348438262333333,0.3371249585937499,0.058079212010396,3.603571408571428,0.0145587126366666,0.24090029293125,0.0171537832739393,0.2051054270529203,0.155160531365,2.873999958193333,0.2877001166,0.0034726133523161,0.0216781111297058,0.038549004527317,100.0,100.0,100.0,100.0,100.0,100.0,100.0,100.0,100.0,100.0,100.0,100.0,100.0,100.0,100.0,100.0,100.0,100.0,100.0,0.0,100.0,100.0,100.0,0.0,0.0,100.0,100.0,100.0,100.0,53.333333333333336,100.0,100.0,100.0,100.0,temporal2,0
0.0158184790226882,0.0244767704911594,1.4910083255,4.201531410217285e-05,1.6204000455999998,0.0095192167480888,1.6234709711400002,0.0992876866678959,0.008917710996303,0.0056631766627836,0.0175646940829646,0.070747653635,0.065811850795606,0.0049382211460106,0.0480252456089898,0.0146321037881575,0.0143616199463785,0.1120024810942929,0.0635406062040098,3.01338198125,0.3309826055708333,0.3284166554125,0.0575050476704545,4.005333333333334,0.0175067186325,0.23507834470375,0.0173940997458823,0.1846582921812785,0.1588223774925,2.3260833394375,0.24921221728,0.006061088652535,0.0238016207973333,0.0409658903033734,100.0,100.0,100.0,100.0,100.0,100.0,100.0,100.0,100.0,100.0,100.0,100.0,100.0,100.0,100.0,100.0,100.0,100.0,100.0,0.0,100.0,100.0,100.0,0.0,0.0,100.0,100.0,100.0,100.0,66.66666666666666,100.0,100.0,100.0,100.0,temporal2,0
0.0176204832161196,0.0230925983273714,1.6492102919,4.460811614990234e-05,1.7723333005999995,0.0082083501305789,1.7829452316333334,0.0962277085458748,0.0105961657842342,0.0060066707822237,0.0202448518369639,0.0641013453841176,0.06576421057183,0.0050576678063179,0.048928115874183,0.0166615357976057,0.0117986938507058,0.1160007302056209,0.0686796934051923,3.0075287475000003,0.3163474400333333,0.3172940926941176,0.0586470669278431,3.56087496375,0.01488399505,0.2308883245764705,0.0163712272236538,0.1883154959004142,0.1612545742329411,2.555888888255556,0.2522468566333333,0.0066508115336409,0.022980070111,0.0412021800820312,100.0,100.0,100.0,100.0,100.0,100.0,100.0,100.0,100.0,100.0,100.0,100.0,100.0,100.0,100.0,100.0,100.0,100.0,100.0,0.0,100.0,100.0,100.0,0.0,0.0,100.0,100.0,100.0,100.0,55.55555555555556,100.0,100.0,100.0,100.0,temporal2,0
0.0155058460780054,0.0193901883427642,0.2608616352,4.320740699768066e-05,4.778400019999999,0.0075624499982857,3.0059787,0.0982877388250648,0.0091247679297215,0.0060287738536812,0.017895798134481,0.0900807163799091,0.065717449662405,0.0060509862114144,0.0518607610286075,0.0138295744631655,0.0147538760586034,0.1156975558874683,0.0710863463367088,3.00338133,0.3415035767545454,0.3371818065090908,0.0623164538973417,3.533333293333333,0.018094420425,0.2333100925372727,0.0165946936256962,0.1933922136929884,0.1353009613854545,3.352818181927273,0.06625008583,0.0032142996780364,0.0219536034934782,0.0413167391442857,100.0,100.0,100.0,100.0,0.0,100.0,0.0,100.0,100.0,100.0,100.0,100.0,100.0,100.0,100.0,100.0,100.0,100.0,100.0,0.0,100.0,100.0,100.0,0.0,0.0,100.0,100.0,100.0,100.0,36.36363636363637,100.0,100.0,100.0,100.0,temporal2,0
0.018587080283848,0.0216137531160632,1.6193404959666668,6.0278177261352536e-05,1.937250012425,0.0084146347589565,1.7505394614333334,0.1034788798818821,0.0100456489590898,0.0062856788018268,0.0167394889836067,0.080353832238,0.0702727698105618,0.006200164794176,0.0557977456625842,0.016852476647788,0.0124629906216825,0.11347302156,0.0889817784152809,3.0038910475,0.37010657782,0.36369996065,0.0654943766092134,4.305000106,0.02182269096,0.27762911314,0.0178103768379775,0.1949866620470408,0.1876852988879999,2.885545445618182,0.2324876785,0.0052218580238993,0.0222075581525,0.0470114174944117,100.0,100.0,100.0,100.0,100.0,100.0,100.0,100.0,100.0,100.0,100.0,100.0,100.0,100.0,100.0,100.0,100.0,100.0,100.0,0.0,100.0,100.0,100.0,0.0,0.0,100.0,100.0,100.0,100.0,63.63636363636363,100.0,100.0,100.0,100.0,temporal2,0
0.0157658874706008,0.02039471804373,1.616107698033333,4.383137351588199e-05,1.7569998868,0.0079710987509349,1.7703159631666665,0.0969986263794108,0.0095308174192718,0.0058578317219727,0.0168246968235145,0.1041424804133333,0.0666811026298058,0.0041270028969455,0.0477281612010679,0.0153752958176819,0.0108631571649041,0.09521492475,0.0712256884451,3.00343084,0.4319915175125,0.4382222483555555,0.0576310759517475,3.5610001,0.0168296496,0.3257876501522222,0.0168805287572277,0.1678710987342982,0.2162895202177777,1.7732221808666668,0.2324380874333333,0.0041307935519554,0.0232376787366666,0.0407825147358823,100.0,100.0,100.0,100.0,100.0,100.0,100.0,100.0,100.0,100.0,100.0,100.0,100.0,100.0,100.0,100.0,100.0,100.0,100.0,0.0,100.0,100.0,100.0,0.0,0.0,100.0,100.0,100.0,100.0,88.88888888888889,100.0,100.0,100.0,100.0,temporal2,0
0.0155035823852227,0.0208940748090586,2.288045592,4.2939186096191405e-05,2.39440002,0.0086226463293488,2.407620808,0.0954728451064351,0.0081673833442159,0.0060072716133639,0.0199310508601818,0.0806118079461428,0.0653471052542045,0.0062286164601796,0.045988630159659,0.0173242832722999,0.01203715801,0.1025065752426136,0.066580157375909,3.004998678333333,0.3351121799928571,0.3351428167714286,0.0559090755081818,3.5538334000000003,0.011970877645,0.2332653828571428,0.0180287821686363,0.1787793271039796,0.1467303037357143,3.0905714002357145,0.26258516308,0.002544274329084,0.0201187644639285,0.0429933865817777,100.0,100.0,100.0,100.0,100.0,100.0,100.0,99.78021978021978,100.0,100.0,100.0,100.0,100.0,100.0,100.0,100.0,100.0,100.0,100.0,0.0,100.0,100.0,100.0,0.0,0.0,100.0,100.0,100.0,100.0,57.142857142857146,100.0,100.0,100.0,100.0,temporal2,0
0.0158406541105446,0.0231123500366,0.2608616352,4.52578067779541e-05,3.585000035,0.0082702401422171,3.00229382,0.0993482704112672,0.009580007450192,0.0056027496362228,0.0165930189006556,0.086073191946,0.0642527491745033,0.004765082513893,0.0428675515708609,0.0149086202816416,0.0115065375935357,0.1013365833786755,0.0633016220606666,3.0042746,0.63925530066,1.02543745865,0.0523973553299999,3.5150001,0.01576042175,0.3851221871093333,0.0174162707828859,0.1737916711897006,0.2842769937733333,1.7771999342,0.06625008583,0.0040441061306079,0.024435672756,0.041305252840851,100.0,100.0,100.0,100.0,0.0,100.0,0.0,100.0,100.0,100.0,100.0,100.0,100.0,100.0,100.0,100.0,100.0,100.0,100.0,0.0,100.0,100.0,100.0,0.0,0.0,100.0,100.0,100.0,100.0,80.0,100.0,100.0,100.0,100.0,temporal2,0
0.0157726743066666,0.0227734552636629,0.2608616352,4.364252090454102e-05,2.44099998,0.0141640765047709,0.4397904872,0.0940570066976457,0.0109643192451192,0.0064312351458611,0.0168386796155871,0.0575027806304285,0.0680771967548623,0.0050616015009019,0.0568623914522018,0.014472481799103,0.0161647641786623,0.1095786925686238,0.0801086127575,3.009224328333333,0.3437965256285714,0.3397142886571428,0.0670275316201834,4.130285701428571,0.01487398147,0.2496617861728571,0.0169450674376415,0.1850796579944166,0.1779247692385714,4.067571398571429,0.06625008583,0.0043980701285976,0.0222886204695833,0.0396965531694117,100.0,100.0,100.0,100.0,100.0,100.0,100.0,99.8158379373849,100.0,100.0,100.0,100.0,100.0,100.0,100.0,100.0,100.0,100.0,100.0,0.0,100.0,100.0,100.0,0.0,0.0,100.0,100.0,100.0,100.0,14.285714285714292,100.0,100.0,100.0,100.0,temporal2,0
0.016165165169429,0.0218854853794407,0.2608616352,4.4286251068115234e-05,4.372500016666667,0.0087917447077884,3.010936542,0.1019545505768161,0.0083125701607107,0.0061438693832112,0.0186061070927272,0.0866126219259999,0.0668316852824793,0.0047061333070173,0.0422975287887603,0.0139583849704055,0.0173865983481358,0.1437401495347934,0.0609537451614876,3.028967566,0.3674640655066666,0.3619999885066667,0.0533636404357851,4.310000046666667,0.0137449502883333,0.26764488214,0.0160442600521487,0.2125487932139552,0.1681630611026666,3.435200003793333,0.06625008583,0.0060117678197297,0.0224937959122727,0.039418849073409,100.0,100.0,100.0,100.0,0.0,100.0,0.0,100.0,100.0,100.0,100.0,100.0,100.0,100.0,100.0,100.0,100.0,100.0,100.0,0.0,100.0,100.0,100.0,0.0,0.0,100.0,100.0,100.0,100.0,33.33333333333333,100.0,100.0,100.0,100.0,temporal2,0
0.0159936509353468,0.0183702252103197,1.3005046020666666,4.408359527587891e-05,2.7497142347857144,0.0085245534464901,2.440753864228572,0.1010413789637449,0.0103286150324054,0.0059598149643302,0.0201256081815945,0.0824639797146153,0.069010289931081,0.0044166771861509,0.0600675537677026,0.0156366288065511,0.024727164084054,0.1123462593068918,0.0885641370348571,3.00385951,0.3344810558769232,0.3292307486461538,0.0707973080586486,3.59299993,0.01816153526,0.2427740830184615,0.016627144809,0.1952203221085365,0.1545747793261538,2.4486923182461533,0.2739369868666666,0.003558238347066,0.0210291809477777,0.0420742034863636,100.0,100.0,100.0,100.0,42.85714285714285,100.0,42.85714285714285,100.0,100.0,100.0,100.0,100.0,100.0,100.0,100.0,100.0,100.0,100.0,100.0,0.0,100.0,100.0,100.0,0.0,0.0,100.0,100.0,100.0,100.0,61.53846153846154,100.0,100.0,100.0,100.0,temporal2,0
0.015173194204013,0.0197661292354775,2.342185413333333,4.194974899291992e-05,2.445666706666666,0.0074232925057454,2.4455711800000004,0.0985412815711396,0.008291328653196,0.0061933348505696,0.0187765850697745,0.0766929279563636,0.0655790964665686,0.0042328948837397,0.0473529591195098,0.0159170160925601,0.0197613510180681,0.1348935575760784,0.0646335424053921,3.0037015050000004,0.3617192831363636,0.3585454116727273,0.0576666663583333,3.558249945,0.0177239179549999,0.2635538577590908,0.0153198592761764,0.2045742684020354,0.1847604187690909,2.6624545794181818,0.2692752678333333,0.0026343803769507,0.0225725620959375,0.0387086205972222,100.0,100.0,100.0,100.0,100.0,100.0,100.0,99.61013645224172,100.0,100.0,100.0,100.0,100.0,100.0,100.0,100.0,100.0,100.0,100.0,0.0,100.0,100.0,100.0,0.0,0.0,100.0,100.0,100.0,100.0,63.63636363636363,100.0,100.0,100.0,100.0,temporal2,0
0.0151008072095043,0.0231256740395704,1.6010943020375,4.2957067489624026e-05,1.710624928525,0.0079722019918951,1.720734117075,0.1007132284538988,0.0099504100271146,0.0060665814926393,0.0172378333468662,0.0714687975881818,0.0651977107663694,0.005034623641457,0.0520382155166878,0.017034001022947,0.0162332757863119,0.1307098440010828,0.0766519648533117,3.0087898133333333,0.3070676001136363,0.3001363168636363,0.0625222837726751,3.559499895,0.01454055309,0.2147938337686363,0.0165101671791025,0.2014517218717919,0.141105337545,2.213478260408696,0.2385689615875,0.004227706362664,0.0228718072125,0.0395029674831818,100.0,100.0,100.0,100.0,100.0,100.0,100.0,99.7289972899729,100.0,100.0,100.0,100.0,100.0,100.0,100.0,100.0,100.0,100.0,100.0,0.0,100.0,100.0,100.0,0.0,0.0,100.0,100.0,100.0,100.0,73.91304347826087,100.0,100.0,100.0,100.0,temporal2,0
0.0153500547878041,0.0211584363996902,1.5116806008428572,4.315972328186035e-05,1.6068571945,0.0077460273609892,1.6144642468714288,0.1032291631314187,0.0092253368207202,0.0055207312350381,0.0172383118300279,0.0636007505264705,0.0654517437068531,0.0043854431557044,0.0422307744652447,0.0174005007610834,0.0175957699420578,0.1477992617111189,0.0579761331908904,3.0067065200000003,0.3421165015499999,0.3345293998235294,0.0529580366260139,3.557600016,0.015566468235,0.2469817329411765,0.0161802395631972,0.2164513294392405,0.180959378937647,2.4088235568764707,0.2549098900142857,0.003617252621051,0.0230614785766666,0.0361365596396666,100.0,100.0,100.0,100.0,100.0,100.0,100.0,100.0,100.0,100.0,100.0,100.0,100.0,100.0,100.0,100.0,100.0,100.0,100.0,0.0,100.0,100.0,100.0,0.0,0.0,100.0,100.0,100.0,100.0,70.58823529411765,100.0,100.0,100.0,100.0,temporal2,0
0.0168533518845378,0.0195769367023778,0.6405251802999999,4.456043243408203e-05,2.3061666072166664,0.00934951782124,2.0336217048333336,0.0991848977898002,0.0092172282070259,0.0056405081993201,0.0182286702141818,0.075449784585,0.0672400276268831,0.0047616652387247,0.0520519621868831,0.0153139159275913,0.0233173715855942,0.1205835342158441,0.0753127909197402,3.007934325,0.3279050389416666,0.32333332295,0.0617532482266233,3.573499915,0.01133012771,0.2365267077683333,0.0183232418854545,0.1946478675029412,0.15546546376,2.444416678475,0.2702781359,0.0038769149770976,0.0208878040285,0.0414006088047826,100.0,100.0,100.0,100.0,50.0,100.0,50.0,99.75550122249388,100.0,100.0,100.0,100.0,100.0,100.0,100.0,100.0,100.0,100.0,100.0,0.0,100.0,100.0,100.0,0.0,0.0,100.0,100.0,100.0,100.0,58.333333333333336,100.0,100.0,100.0,100.0,temporal2,0
0.0154282344275354,0.0185571230655935,0.2608616352,4.322528839111328e-05,5.6630001,0.0081322616989777,3.00336027,0.0959119731517344,0.0111764606664736,0.0058848176671039,0.0171594243260526,0.13671759195,0.0641485327068421,0.0049238536084907,0.0501052737157894,0.014091957314847,0.0209768289703604,0.1298690375239473,0.066500751588421,3.0088489,0.4751630850714286,0.4667143139999999,0.0606710314652631,3.544666603333333,0.01425536473,0.3694437230714285,0.0159118332319736,0.2017422800585714,0.2257490498128571,3.165000062571429,0.06625008583,0.0020721554748079,0.0217552847311111,0.0400360707248387,100.0,100.0,100.0,100.0,0.0,100.0,0.0,100.0,100.0,100.0,100.0,100.0,100.0,100.0,100.0,100.0,100.0,100.0,100.0,0.0,100.0,100.0,100.0,0.0,0.0,100.0,100.0,100.0,100.0,42.85714285714285,100.0,100.0,100.0,100.0,temporal2,0
0.0167104250414332,0.018101251690115,0.2608616352,4.370808601379394e-05,2.44099998,0.0088447311437017,0.4397904872,0.1006698928729244,0.0103208505173846,0.0061107400919419,0.0175780773120153,0.08749657868,0.0642582526484615,0.0037181326132043,0.0550461548943076,0.0145901918393603,0.0124442577328214,0.1405523189887692,0.0780356810526154,3.01590907,0.3765366673125,0.3791249989999999,0.0656000027147692,3.5597499575,0.01532006263,0.28146997089625,0.0172961675161538,0.2077791822872222,0.19226452703625,2.4769999950000003,0.06625008583,0.0022477763031957,0.0204929470995,0.0392919182717857,100.0,100.0,100.0,100.0,100.0,100.0,100.0,100.0,100.0,100.0,100.0,100.0,100.0,100.0,100.0,100.0,100.0,100.0,100.0,0.0,100.0,100.0,100.0,0.0,0.0,100.0,100.0,100.0,100.0,50.0,100.0,100.0,100.0,100.0,temporal2,0
0.0156030372484466,0.0253533742368156,1.8420018789571428,4.177689552307129e-05,2.23500000865,0.0085707936951387,2.163050020125,0.1025853002542486,0.0086973458513291,0.0055716964783047,0.01793288290115,0.0642760431014705,0.065882403639875,0.0053077066638147,0.0538083354180124,0.0146522426855891,0.0123891975794695,0.1229977905369583,0.0779502322065975,3.011820056875,0.2972551163,0.2938235156147059,0.0639666695909583,3.8168823252941184,0.0154168605759999,0.205961031027647,0.0169562502030672,0.1977919235607924,0.1335646755247058,2.899941167479412,0.2809550080428571,0.0054100476760379,0.021440494058,0.0406428150691954,100.0,100.0,100.0,100.0,87.5,100.0,87.5,99.81515711645102,100.0,100.0,100.0,100.0,100.0,100.0,100.0,100.0,100.0,100.0,100.0,0.0,100.0,100.0,100.0,0.0,0.0,100.0,100.0,100.0,100.0,50.0,100.0,100.0,100.0,100.0,temporal2,0
0.0161640769112458,0.0183308414180156,2.28328633,4.338622093200684e-05,4.36000001,0.008552507558,2.84412479,0.0954680435948281,0.0088867023570781,0.006532942044679,0.0187808349679531,0.1193751493944444,0.0670045651410937,0.0044273941406086,0.0521249994540625,0.0142662399892329,0.0112673555081428,0.1080262660807812,0.0707695736898484,3.020169413333333,0.37612152094,0.3712221781,0.0624062567815625,3.803666743333333,0.0174870491,0.2701966762111111,0.0169607169555223,0.1835142155388732,0.1455941464966667,3.0427999951,0.2539479732,0.0030347235653347,0.0224741895966666,0.03889355659,100.0,100.0,100.0,100.0,25.0,100.0,33.33333333333333,100.0,100.0,100.0,100.0,100.0,100.0,100.0,100.0,100.0,100.0,100.0,100.0,0.0,100.0,100.0,100.0,0.0,0.0,100.0,100.0,100.0,100.0,50.0,100.0,100.0,100.0,100.0,temporal2,0
0.0151594414641196,0.0228488098707464,2.295485015,5.400180816650391e-05,2.424499865,0.0087984487402312,2.42126345,0.0991098291000204,0.0094343730881666,0.0057613276703521,0.0183862086459924,0.0871669544788235,0.0676037831626515,0.0042174800905265,0.0463030229846969,0.0173223655793266,0.0175526762363495,0.1265510248141666,0.0618892384189393,3.010720805,0.4881663177941177,0.485000021217647,0.0562727198368181,3.6687143142857135,0.0148197015066666,0.3079940570317646,0.017741721683409,0.1983121420849315,0.2110304271017646,2.389823517988236,0.2693569659333333,0.0038540651049266,0.0213602781272222,0.0415495880674137,100.0,100.0,100.0,100.0,100.0,100.0,100.0,100.0,100.0,100.0,100.0,100.0,100.0,100.0,100.0,100.0,100.0,100.0,100.0,0.0,100.0,100.0,100.0,0.0,0.0,100.0,100.0,100.0,100.0,64.70588235294117,100.0,100.0,100.0,100.0,temporal2,0
0.0168338699444444,0.0186675124664763,0.9770355220666668,4.514058430989584e-05,1.1183333373,0.0083965496577727,1.130757249666667,0.1021152811723264,0.0098978598903,0.0064752001349099,0.0206169406520499,0.097416102874375,0.0662556648141666,0.0042500170789659,0.0458833257286666,0.0106129365518764,0.0319740230341969,0.1250083128393333,0.0623281240336666,3.0044887025,0.4103276133125,0.4173749684875,0.0559833168933333,3.55075001,0.04194688796,0.29307219382625,0.0181864062898333,0.1968644839201492,0.19089990850375,2.8354443925,0.2632118860333333,0.0023863112665011,0.0205067892841666,0.0388233741083333,100.0,100.0,100.0,100.0,100.0,100.0,100.0,99.41176470588236,100.0,100.0,100.0,100.0,100.0,100.0,100.0,100.0,100.0,100.0,100.0,0.0,100.0,100.0,100.0,0.0,0.0,100.0,100.0,100.0,100.0,55.55555555555556,100.0,100.0,100.0,100.0,temporal2,0
0.0164518033958275,0.0205241690786032,2.26864588,4.4679641723632814e-05,2.467000005,0.0139614045603571,2.47728204,0.0963737904752046,0.0087340106343936,0.0061113914252186,0.0171573035216595,0.1360255717979999,0.0651135064105319,0.0088174912448059,0.0453297736734042,0.0170723240129408,0.0178964985704999,0.0992714217174468,0.0706150988189361,3.00447809,0.46193904872,0.4638000487599999,0.0548085151767021,4.818333379999999,0.0148976643833333,0.3626502513399999,0.0168055371992553,0.1767560953886538,0.224907302834,3.6591999484,0.23344230645,0.0044703070925651,0.0238182544669444,0.0380965567878378,100.0,100.0,100.0,100.0,100.0,100.0,100.0,100.0,100.0,100.0,100.0,100.0,100.0,100.0,100.0,100.0,100.0,100.0,100.0,0.0,100.0,100.0,100.0,0.0,0.0,100.0,100.0,100.0,100.0,60.0,100.0,100.0,100.0,100.0,temporal2,0
0.014918325583631,0.0226110791638917,2.284739828571429,4.526376724243164e-05,2.3682499775,0.0076095634026111,2.382579627142857,0.0982720646711773,0.0078105391588525,0.0057048231472946,0.0164847450337115,0.0633503969917647,0.0656263981023718,0.0050435900676318,0.0392756462036538,0.0126655108701062,0.0115489933198666,0.1321140558034615,0.0544895071157692,3.012432094,0.2943603431,0.2911764452941177,0.049602549801923,4.243499991666666,0.01879469553,0.2100567396535294,0.0160862879832692,0.2013376354737791,0.1422231197058823,2.818444420177778,0.2463258334,0.0037422899913526,0.0203657547593333,0.0391047283706779,100.0,100.0,100.0,100.0,100.0,100.0,100.0,100.0,100.0,100.0,100.0,100.0,100.0,100.0,100.0,100.0,100.0,100.0,100.0,0.0,100.0,100.0,100.0,0.0,0.0,100.0,100.0,100.0,100.0,72.22222222222223,100.0,100.0,100.0,100.0,temporal2,0
0.0169055068423432,0.0195072728825536,1.900688803333333,4.457235336303711e-05,2.5562500325,0.0087856804871111,2.421615715,0.1025589410505269,0.0107176415593124,0.0069966557259199,0.0183315724094687,0.077364206301,0.070409614580625,0.0040004823512934,0.043703109018125,0.0141980404131446,0.0138370410784594,0.1355931870375,0.0641591139060937,3.0111522625,0.3391055344999999,0.33809998031,0.0534687377426562,4.389200014,0.011257052415,0.2448078631989999,0.0187301225914062,0.2094793620512676,0.163667774158,3.4033999409100004,0.2947815258666666,0.0023649086545625,0.0336974978415,0.044012088036923,100.0,100.0,100.0,100.0,75.0,100.0,75.0,100.0,100.0,100.0,100.0,100.0,100.0,100.0,100.0,100.0,100.0,100.0,100.0,0.0,100.0,100.0,100.0,0.0,0.0,100.0,100.0,100.0,100.0,50.0,100.0,100.0,100.0,100.0,temporal2,0
0.0159223574617251,0.0196627449757764,2.321363805,4.447102546691895e-05,2.454499955,0.006922940949054,2.46665811,0.098661850894602,0.0095944597903783,0.0060790628408856,0.0173253755273243,0.13238515851,0.0736486073998648,0.0056618639059313,0.0385946067544594,0.0124369895493619,0.0114146850295909,0.1139307859552702,0.0552833144671621,3.0079042066666664,0.3909352619833333,0.39220004076,0.0488648543424324,4.584749915,0.011257052415,0.281284856772,0.0175369528938961,0.2012305170979012,0.1471918582619999,3.75249993295,0.230900526,0.0018899339302608,0.02396682898,0.0367958043705263,100.0,100.0,100.0,100.0,100.0,100.0,100.0,100.0,100.0,100.0,100.0,100.0,100.0,100.0,100.0,100.0,100.0,100.0,100.0,0.0,100.0,100.0,100.0,0.0,0.0,100.0,100.0,100.0,100.0,50.0,100.0,100.0,100.0,100.0,temporal2,0
0.015632742438124,0.0236080132962528,1.77594983105,4.377365112304688e-05,1.8797498909,0.0085992232824656,1.8878464086,0.0984078725808115,0.0082027158415741,0.0057792402284386,0.0169937333709483,0.1010400397307142,0.0666632175330322,0.0037094632234383,0.0460129076367741,0.014679645892157,0.0176912045105217,0.1196446680053548,0.0654189386580645,3.0049089725,0.4553036518857142,0.4521428346071428,0.0559870935165806,4.08899998,0.02045416831,0.3515416383214285,0.0178690602655483,0.18908307841269,0.2061661140857143,2.5193571499928566,0.2195599078499999,0.0046567448535406,0.0239461193826086,0.0390761054878688,100.0,100.0,100.0,100.0,100.0,100.0,100.0,100.0,100.0,100.0,100.0,100.0,100.0,100.0,100.0,100.0,100.0,100.0,100.0,0.0,100.0,100.0,100.0,0.0,0.0,100.0,100.0,100.0,100.0,71.42857142857143,100.0,100.0,100.0,100.0,temporal2,0
0.0161641939562328,0.0211992176100146,1.8514685069,4.473328590393066e-05,2.020272728690909,0.0082669448146594,2.00433384912,0.0975520332134282,0.0091623142349375,0.0055934104148963,0.0174294883968333,0.064614379394,0.0683633138634375,0.0053919133009411,0.0548333302035416,0.0129900719311793,0.0186737935525773,0.1020457669908333,0.0778267997920618,3.0090116633333337,0.2967642306849999,0.2937500118799999,0.0643645698707291,3.925818179090909,0.0157347321475,0.20110695358,0.0182517667570833,0.1813942058646226,0.1292077421905,3.305652241191304,0.2582245402444444,0.002186906337064,0.0225008400977272,0.0405331156930232,100.0,100.0,100.0,100.0,100.0,100.0,100.0,100.0,100.0,100.0,100.0,100.0,100.0,100.0,100.0,100.0,100.0,100.0,100.0,0.0,100.0,100.0,100.0,0.0,0.0,100.0,100.0,100.0,100.0,56.52173913043478,100.0,100.0,100.0,100.0,temporal2,0
0.0149678319079248,0.0201956087859842,1.2947162372499998,4.451274871826172e-05,1.4450000495,0.0082323897958181,1.4481247645000002,0.0980297344792779,0.0084484730434071,0.0056563704092887,0.0176286118333928,0.07517513361,0.0663745130705714,0.004292141198485,0.0409714187817142,0.0141083127768078,0.0149406406339345,0.1216211131391428,0.0604320133333088,3.01399966,0.3314904030857143,0.3265454768636364,0.0509214213841428,3.5559999600000003,0.012377023695,0.2323752315986363,0.0153465165766911,0.1933718727115483,0.1535768725322727,1.9991303919173915,0.26072812075,0.0039091110218727,0.0224547386145,0.0359489999925862,100.0,100.0,100.0,100.0,100.0,100.0,100.0,100.0,100.0,100.0,100.0,100.0,100.0,100.0,100.0,100.0,100.0,100.0,100.0,0.0,100.0,100.0,100.0,0.0,0.0,100.0,100.0,100.0,100.0,65.21739130434783,100.0,100.0,100.0,100.0,temporal2,0
0.0168033519233098,0.0215454585535387,1.531023022875,4.361271858215332e-05,2.5449999931666665,0.0087257525951147,2.3664940153333336,0.1001522009963424,0.0087643823306989,0.0066999756616472,0.0201436652890322,0.0783233642472222,0.0666623807638709,0.0051969559514087,0.0496989116785053,0.0136116318974294,0.0119422546423928,0.1184235106025806,0.0746727092155914,3.012382505,0.3883241546888888,0.3855555586777777,0.0594946440734408,3.54199993,0.015423417085,0.26534716282,0.0176029974370967,0.18983366852375,0.1805149183988889,3.263444446788889,0.28966307635,0.0027085145303665,0.022463639573,0.0438074429762222,100.0,100.0,100.0,100.0,66.66666666666666,100.0,66.66666666666666,100.0,100.0,100.0,100.0,100.0,100.0,100.0,100.0,100.0,100.0,100.0,100.0,0.0,100.0,100.0,100.0,0.0,0.0,100.0,100.0,100.0,100.0,55.55555555555556,100.0,100.0,100.0,100.0,temporal2,0
0.0149503195503837,0.0222181790079223,1.22182703,4.4679641723632814e-05,4.198333312222222,0.0066096081447058,2.979298518571429,0.0966983000765152,0.0079739483021224,0.0059005790147291,0.0175354699664591,0.0609724322916666,0.0667769470870408,0.0052426967058695,0.0475000045638775,0.0117158064352372,0.0203157884067962,0.1170467478656122,0.0668769216429999,3.01746785,0.3290905157166666,0.3272500037833333,0.0578469208192857,3.55200016,0.01804089546,0.2297394871333333,0.0177600018786734,0.1917146200321296,0.1657022237458333,3.745999990669231,0.3382451534,0.0038925027838242,0.0235879054392307,0.0411461035366666,100.0,100.0,100.0,100.0,33.33333333333333,100.0,14.285714285714292,100.0,100.0,100.0,100.0,100.0,100.0,100.0,100.0,100.0,100.0,100.0,100.0,0.0,100.0,100.0,100.0,0.0,0.0,100.0,100.0,100.0,100.0,38.46153846153846,100.0,100.0,100.0,100.0,temporal2,0
0.0154978852306901,0.0235422951077212,1.4935705637,4.33504581451416e-05,1.58260001636,0.0086401968948449,1.59335865836,0.1012037931141923,0.0094344938102972,0.0064205677791651,0.0187481963916283,0.0653082446005263,0.0659713712787838,0.0051867793181462,0.0618783622041216,0.0163630321708954,0.019247499601802,0.1182080281462837,0.0818568790129729,3.015321583,0.3181803225947368,0.3136315847263158,0.0716959463452027,3.920181790909091,0.016307294365,0.2237195466278947,0.0158623231385135,0.1924145424875,0.1558258282189474,3.099473661068421,0.25193705554,0.003429232981071,0.0231282711006666,0.0382461901007407,100.0,100.0,100.0,100.0,100.0,100.0,100.0,100.0,100.0,100.0,100.0,100.0,100.0,100.0,100.0,100.0,100.0,100.0,100.0,0.0,100.0,100.0,100.0,0.0,0.0,100.0,100.0,100.0,100.0,47.36842105263158,100.0,100.0,100.0,100.0,temporal2,0
0.0192268212966742,0.021429000976147,2.29533521,4.230737686157226e-05,2.38366667,0.0084447279931923,2.39165242,0.1043034941866097,0.0083577067568041,0.0059704135714115,0.0180495006482164,0.06650486859,0.0666274065706185,0.006131085164927,0.0387010377653608,0.0157297711342401,0.0191307108939655,0.1461695026869072,0.0560590163885567,3.0097078833333337,0.3424673730272727,0.3411818417272727,0.048432984295567,4.121000041428572,0.01877278089,0.2522167292,0.0166836251864948,0.2184757227814953,0.182926264640909,3.5063636482636364,0.2820866902,0.0044039698196545,0.0220737655933333,0.0402287786611363,100.0,100.0,100.0,100.0,100.0,100.0,100.0,100.0,100.0,100.0,100.0,100.0,100.0,100.0,100.0,100.0,100.0,100.0,100.0,0.0,100.0,100.0,100.0,0.0,0.0,100.0,100.0,100.0,100.0,45.45454545454545,100.0,100.0,100.0,100.0,temporal2,0
0.0175629536466514,0.0251309053917221,0.9849024199166668,4.3886899948120114e-05,1.0791666084333331,0.0084749688478571,1.0897042320666668,0.1055346660277618,0.0093832755895862,0.0059554468842738,0.0179600703852857,0.0659575336768421,0.0668545027557142,0.0047662913587628,0.0549162526330049,0.0145891732270415,0.0134396868567352,0.1291473780692118,0.080133568462463,3.012447592,0.3586173057166666,0.3547368049210526,0.0647389289657142,3.623799986,0.0145262990625714,0.2613563662673684,0.0179470376173762,0.2017610941296,0.1928522837431578,2.008473631405263,0.2913580621428572,0.0048864001303542,0.0238653207379487,0.0415094738201408,100.0,100.0,100.0,100.0,100.0,100.0,100.0,100.0,100.0,100.0,100.0,100.0,100.0,100.0,100.0,100.0,100.0,100.0,100.0,0.0,100.0,100.0,100.0,0.0,0.0,100.0,100.0,100.0,100.0,73.6842105263158,100.0,100.0,100.0,100.0,temporal2,0
0.0177466041808495,0.0199016515999484,2.280996555,4.297494888305664e-05,2.404999965,0.007749071826358,2.4079921200000003,0.1081144365482099,0.0083910650661333,0.0065805704827643,0.0170987182155444,0.1067835262757142,0.0619923803421111,0.0050765551045615,0.0540777815625555,0.0141509884425115,0.0186091774953214,0.14371565445,0.0758525722761052,3.014366145,0.4003931113142857,0.3981428145857143,0.0640555514102222,3.570499895,0.01535701751,0.2956702027628571,0.0163381444038888,0.2101434111257999,0.1865548065328572,2.4765714549142857,0.2458361386999999,0.0039577913272641,0.0225968085761538,0.0412213748106818,100.0,100.0,100.0,100.0,100.0,100.0,100.0,100.0,100.0,100.0,100.0,100.0,100.0,100.0,100.0,100.0,100.0,100.0,100.0,0.0,100.0,100.0,100.0,0.0,0.0,100.0,100.0,100.0,100.0,71.42857142857143,100.0,100.0,100.0,100.0,temporal2,0
0.0147938955371988,0.0201651838992882,2.30185246,4.38690185546875e-05,2.60400009,0.00843001365488,2.59778261,0.097879923414625,0.0114670625087435,0.0063576844952455,0.017367787846141,0.11107194423,0.0678828526692307,0.0056717374098818,0.0476666597129487,0.0122059938242167,0.0136543837436363,0.1143548641302564,0.0633447013318421,3.004145776666667,0.33162975305,0.3653333186833333,0.0582179625738461,3.5643332733333337,0.0133690834,0.2606629331525,0.0189850689572602,0.192692523741279,0.1475297013541666,2.341750024275,0.2179596424,0.0029145503522536,0.0220319399442307,0.0422147379933333,100.0,100.0,100.0,100.0,100.0,100.0,100.0,99.75490196078432,100.0,100.0,100.0,100.0,100.0,100.0,100.0,100.0,100.0,100.0,100.0,0.0,100.0,100.0,100.0,0.0,0.0,100.0,100.0,100.0,100.0,62.5,100.0,100.0,100.0,100.0,temporal2,0
0.0155787610611776,0.0213041855708097,1.5316317651,4.379749298095703e-05,2.13699993634,0.0076591639678965,2.03481683342,0.0976948754738204,0.0085140877745775,0.0053671201898486,0.0193708436197068,0.0620629489276874,0.0680019074381896,0.004775400568067,0.0624310456345689,0.0148894270935331,0.0188062279281666,0.1067867895437068,0.0875633338255172,3.009218177142857,0.31497408445,0.30743749435625,0.0718103544318965,3.5647143942857147,0.01443099975,0.21574865276875,0.0182795586216379,0.1859893723924219,0.15177112814375,2.9035624828312505,0.276784777575,0.0027725788253185,0.021808660028,0.039119634624,100.0,100.0,100.0,100.0,80.0,100.0,80.0,100.0,100.0,100.0,100.0,100.0,100.0,100.0,100.0,100.0,100.0,100.0,100.0,0.0,100.0,100.0,100.0,0.0,0.0,100.0,100.0,100.0,100.0,50.0,100.0,100.0,100.0,100.0,temporal2,0
0.0161277341814571,0.0198895635829399,2.26995007,4.240274429321289e-05,2.36933334,0.0069854179997666,2.37620544,0.1010596453762475,0.0098704083747333,0.0065237465928178,0.0190733750614666,0.096713137615,0.0669753551378666,0.0038734106252242,0.0544133249813333,0.0144858288346078,0.0124530438997962,0.1294173971589333,0.0773652966658666,3.03364677,0.34121060366,0.33629996772,0.0646666622068,3.5820000120000004,0.01596093177,0.235801505999,0.0189342792673972,0.2005485195303614,0.1358057022,3.2238999811,0.2591935792666667,0.0040764659635388,0.0236917275623076,0.0419281959492,100.0,100.0,100.0,100.0,100.0,100.0,100.0,100.0,100.0,100.0,100.0,100.0,100.0,100.0,100.0,100.0,100.0,100.0,100.0,0.0,100.0,100.0,100.0,0.0,0.0,100.0,100.0,100.0,100.0,50.0,100.0,100.0,100.0,100.0,temporal2,0
0.0162811899040671,0.0233477555896996,1.8674133983,4.4065713882446286e-05,1.9667499913875,0.0090221194692121,1.9762608970875,0.1019915392442124,0.0098824289095,0.0055160309048346,0.0179113811873833,0.0632081857053846,0.0659760179853809,0.0047173670353571,0.0425619011770285,0.0134031776454662,0.0130214165486929,0.1293909356453333,0.0629361332217874,3.013245006,0.3061016247384615,0.3011538890153846,0.0522142887024761,3.5575,0.0151300032883333,0.2106870228984615,0.0169042967794711,0.2011087332293073,0.1421328599307692,2.639192284319231,0.2405364810874999,0.0049856730855241,0.0239857584202083,0.0378471402520588,100.0,100.0,100.0,100.0,100.0,100.0,100.0,99.76525821596243,100.0,100.0,100.0,100.0,100.0,100.0,100.0,100.0,100.0,100.0,100.0,0.0,100.0,100.0,100.0,0.0,0.0,100.0,100.0,100.0,100.0,61.53846153846154,100.0,100.0,100.0,100.0,temporal2,0
0.0153750310576272,0.0256335154189535,1.7246536156714285,4.333257675170898e-05,1.830571442757143,0.0084211668208275,2.07589665745,0.102560876339115,0.0095976551024285,0.0057307096464878,0.0168567264744537,0.0708483405656521,0.0663943761531687,0.0046332181361865,0.0492345756855967,0.0141269499006399,0.0139627960985961,0.1358937078700823,0.067419365347364,3.0098640542857145,0.316891120773913,0.3126521939347826,0.0595514460232921,3.5735715071428573,0.0158417441590909,0.2243924969769565,0.0175506509958995,0.207701809301194,0.1477414732108695,2.314739141473913,0.2390243666,0.0062071213335233,0.023190748688,0.0413779417610752,100.0,100.0,100.0,100.0,100.0,100.0,100.0,100.0,100.0,100.0,100.0,100.0,100.0,100.0,100.0,100.0,100.0,100.0,100.0,0.0,100.0,100.0,100.0,0.0,0.0,100.0,100.0,100.0,100.0,69.56521739130434,100.0,100.0,100.0,100.0,temporal2,0
0.0150831767466089,0.0234859050809663,1.994764767628572,4.32431697845459e-05,2.1031428037,0.0088686407816326,2.1149446239571428,0.0999368992108425,0.0085278082179182,0.0059067701028505,0.0173757586052138,0.0742899656155,0.0665203745147798,0.0047317139228475,0.0527044122240251,0.0121858342011357,0.0142468997989549,0.1244912132267924,0.0732652568081169,3.0077800357142856,0.328875076715,0.32369996305,0.0628050318193081,3.979499933000001,0.0134667555466666,0.23618662353,0.0171188492887096,0.1992407198939428,0.157936108073,2.864285704552381,0.2506707735857142,0.0049900556421193,0.0230008158165517,0.0382642373392187,100.0,100.0,100.0,100.0,100.0,100.0,100.0,100.0,100.0,100.0,100.0,100.0,100.0,100.0,100.0,100.0,100.0,100.0,100.0,0.0,100.0,100.0,100.0,0.0,0.0,100.0,100.0,100.0,100.0,61.90476190476191,100.0,100.0,100.0,100.0,temporal2,0
0.017846634829774,0.0200719252845689,1.28545796605,4.255465972117888e-05,1.34999990125,0.0140209784254262,1.36321389645,0.1087192503162698,0.0222945025065,0.006502532218714,0.0186202494683026,0.1009416844955555,0.0703438834015789,0.0050188921104259,0.059065774855921,0.0182802820668737,0.0177860516733538,0.1261661523048684,0.0820702847523684,3.0099727080000003,0.3365217049333333,0.3386666509333333,0.0697105307181579,3.565833286666667,0.01592993736,0.2455262342688889,0.0179261972986842,0.2076343439482142,0.1385520564033333,2.9968888982555555,0.22907805435,0.0025449196488678,0.0236729498806451,0.0405951286137931,100.0,100.0,100.0,100.0,100.0,100.0,100.0,100.0,100.0,100.0,100.0,100.0,100.0,100.0,100.0,100.0,100.0,100.0,100.0,0.0,100.0,100.0,100.0,0.0,0.0,100.0,100.0,100.0,100.0,44.44444444444444,100.0,100.0,100.0,100.0,temporal2,0
0.0160521305342896,0.0183517341902747,1.9594698693666668,4.339814186096192e-05,2.9444999944,0.0066213077958518,2.3050708139125,0.0987852190845819,0.0099083076810779,0.0062678704498804,0.0187104955854805,0.0955452368715384,0.0681553475176623,0.0045736382852568,0.0518571370498701,0.015051969690364,0.0152013687494264,0.1149403243683116,0.0732994915457142,3.0169682466666665,0.3239702077461538,0.3200769240461538,0.0613896165463636,3.5586667833333334,0.0143189430199999,0.22523630578,0.0163745075035064,0.1903240203461176,0.1264781768230769,2.9072307762384617,0.23375980055,0.0024692465855238,0.0234170456708333,0.0369929190558064,100.0,100.0,100.0,100.0,75.0,100.0,75.0,100.0,100.0,100.0,100.0,100.0,100.0,100.0,100.0,100.0,100.0,100.0,100.0,0.0,100.0,100.0,100.0,0.0,0.0,100.0,100.0,100.0,100.0,69.23076923076923,100.0,100.0,100.0,100.0,temporal2,0
0.0159655812951051,0.0190087932702282,1.32141053285,4.326105117797851e-05,1.4450000493,0.0086359439340215,1.4487845851,0.0947796146629921,0.0097353021849295,0.006443843320668,0.0174337944471267,0.1004983054099999,0.0637723324942253,0.0031620206180776,0.056929591667183,0.0143384111715129,0.0137513819162619,0.1131153643732394,0.0810032931716901,3.0022023875,0.3549121750111111,0.3448888990111111,0.0665070338867605,3.5652499775,0.01718401908,0.2494561142033333,0.0168074923456338,0.1812239839629114,0.1427168580944444,2.608111113077777,0.27977466575,0.0021905948708631,0.0212589318911538,0.0367362598529166,100.0,100.0,100.0,100.0,100.0,100.0,100.0,100.0,100.0,100.0,100.0,100.0,100.0,100.0,100.0,100.0,100.0,100.0,100.0,0.0,100.0,100.0,100.0,0.0,0.0,100.0,100.0,100.0,100.0,55.55555555555556,100.0,100.0,100.0,100.0,temporal2,0
0.0165012650162499,0.020303774760534,0.2698483467,4.476308822631836e-05,3.056333338066666,0.0091761538845614,2.51164717346,0.1015828345100324,0.010479120645897,0.0065099228080569,0.0181434470015588,0.0944719791248,0.0665276611488235,0.0076920265940937,0.0397352996930882,0.0148097067425748,0.0259088435229245,0.1260806286782353,0.0577761881405882,3.00358271,0.36595995421,0.3648999928899999,0.0494852907438235,3.53699994,0.02203989028,0.257730054819,0.0184037720416176,0.2078809229133333,0.158316111528,2.725545424963636,0.1890921592,0.003008690285561,0.0223923356889473,0.04431971311,100.0,100.0,100.0,100.0,16.66666666666667,100.0,20.0,100.0,100.0,100.0,100.0,100.0,100.0,100.0,100.0,100.0,100.0,100.0,100.0,0.0,100.0,100.0,100.0,0.0,0.0,100.0,100.0,100.0,100.0,45.45454545454545,100.0,100.0,100.0,100.0,temporal2,0
0.0170679289420351,0.0256116255230699,1.9004479842,4.416704177856445e-05,1.98399996578,0.0085812190780603,2.3870488925,0.1034602355116788,0.0086941666294778,0.0056479362148886,0.0173071833799513,0.0641222518369565,0.0644306144761504,0.0054583322773282,0.0418230041924778,0.0149391298249241,0.0139839433827032,0.1200204285659291,0.0598657664384649,3.004811081666667,0.3501060526695652,0.3443478293478261,0.0512964567166371,3.660500003333333,0.018467950816,0.2573038287373913,0.017665105392,0.1908575101007968,0.1885416196317391,2.072782597795652,0.2791928449833333,0.0057515584485118,0.022168171403,0.0412926360754545,100.0,100.0,100.0,100.0,100.0,100.0,100.0,100.0,100.0,100.0,100.0,100.0,100.0,100.0,100.0,100.0,100.0,100.0,100.0,0.0,100.0,100.0,100.0,0.0,0.0,100.0,100.0,100.0,100.0,73.91304347826087,100.0,100.0,100.0,100.0,temporal2,0
0.0160863136056179,0.0222013158526486,1.6223132579,5.1087141036987306e-05,1.7533333255333332,0.0092277060757518,1.900306758975,0.096370045626137,0.0091927812866974,0.0058695602407878,0.0162597003061092,0.0952483415504,0.0637525570405042,0.0039265569807185,0.0485966345779831,0.0143616468929981,0.0163839718048113,0.1197465728103361,0.068201485217295,3.009465215,0.3517756461545454,0.38070001597,0.0579495770499999,3.5879999925000003,0.01438903808,0.27527935499,0.0175497746811475,0.1887121655123664,0.167716741523,2.456214272685714,0.2394170760333333,0.0040175194994812,0.023353642425862,0.0395505686016216,100.0,100.0,100.0,100.0,100.0,100.0,100.0,99.65870307167236,100.0,100.0,100.0,100.0,100.0,100.0,100.0,100.0,100.0,100.0,100.0,0.0,100.0,100.0,100.0,0.0,0.0,100.0,100.0,100.0,100.0,71.42857142857143,100.0,100.0,100.0,100.0,temporal2,0
0.0161430971504113,0.0202750936814705,2.310872905,4.3451786041259766e-05,2.42999994,0.0079224724914838,2.43232524,0.0991751698045983,0.008939963666582,0.0067669621816972,0.0208766389210447,0.105454826346,0.0659080263265671,0.0068978058652947,0.0546268633876119,0.0118973455460263,0.0109672424086153,0.1065681265155223,0.0741553911370149,3.00588536,0.37717146868,0.3703999041999999,0.06464178881,3.55500006,0.01679682731,0.2831877231,0.0196495554298507,0.1873558114964864,0.176007366138,2.41740002182,0.2520949839999999,0.0029155497848776,0.0247147227736363,0.044101892194,100.0,100.0,100.0,100.0,100.0,100.0,100.0,100.0,100.0,100.0,100.0,100.0,100.0,100.0,100.0,100.0,100.0,100.0,100.0,0.0,100.0,100.0,100.0,0.0,0.0,100.0,100.0,100.0,100.0,80.0,100.0,100.0,100.0,100.0,temporal2,0
0.0161739452021534,0.0216505620600714,0.2804603576,4.369616508483887e-05,2.9306000680999995,0.0091072601411764,2.376533742125,0.098428338937443,0.0095938958893522,0.0060843190280891,0.017677196044159,0.0638240178366666,0.0658526393384091,0.0047719702117265,0.0545340993076136,0.0124476051182676,0.0185068553302075,0.1127509203605681,0.07560775224625,3.010686635,0.3537660174555556,0.3534444437666666,0.0642613416240909,3.570000045,0.014408588405,0.2585222190688889,0.0187002095267045,0.1883411796355101,0.1914968225166666,2.91099998502,0.250455141,0.0025958061208634,0.0217691262533333,0.0413341006656756,100.0,100.0,100.0,100.0,20.0,100.0,25.0,99.78021978021978,100.0,100.0,100.0,100.0,100.0,100.0,100.0,100.0,100.0,100.0,100.0,0.0,100.0,100.0,100.0,0.0,0.0,100.0,100.0,100.0,100.0,40.0,100.0,100.0,100.0,100.0,temporal2,0
0.0170707067513537,0.0205691177493323,1.6766170002199998,5.32894599728468e-05,3.0866250327375,0.0079673065068055,2.260427708128572,0.0998369991510393,0.01088350057471,0.0058542819784614,0.01955997705049,0.0624517310681818,0.0675227522749999,0.0038075481136999,0.0493999862591,0.0152441108498758,0.0122914686767812,0.1103425478747,0.0718540200970297,3.009686585,0.3348414102666666,0.3310909270727272,0.0592500185867,3.5932499725,0.0135183334333333,0.2413145845118182,0.017096192225,0.1843890688213636,0.1696747216118181,3.526499981983333,0.2748407522166666,0.0025105063723289,0.0217777093223333,0.0384595136327027,100.0,100.0,100.0,100.0,62.5,100.0,71.42857142857143,99.80353634577604,100.0,100.0,100.0,100.0,100.0,100.0,100.0,100.0,100.0,100.0,100.0,0.0,100.0,100.0,100.0,0.0,0.0,100.0,100.0,100.0,100.0,50.0,100.0,100.0,100.0,100.0,temporal2,0
0.0161356214575757,0.0212281461944901,2.2937403850000004,4.344582557678223e-05,3.578666603333333,0.0113887344074285,2.6346423533333336,0.0977683931289786,0.0084174769975851,0.0066924045921123,0.0172233885868936,0.0831000988223076,0.0672507159130851,0.0045810831119925,0.043989361595,0.0114521563750795,0.0228240820046923,0.1101457768095744,0.058929566324421,3.007613575,0.3279449572307692,0.32246155,0.0541595727742553,4.12399999,0.01638054847,0.2352180297223077,0.0164982942787234,0.1855994921050961,0.1438327018723076,3.298153855723077,0.21014571185,0.0034352636331295,0.0212560296032142,0.0391077430578947,100.0,100.0,100.0,100.0,66.66666666666666,100.0,66.66666666666666,99.79166666666669,100.0,100.0,100.0,100.0,100.0,100.0,100.0,100.0,100.0,100.0,100.0,0.0,100.0,100.0,100.0,0.0,0.0,100.0,100.0,100.0,100.0,46.15384615384615,100.0,100.0,100.0,100.0,temporal2,0
0.0154783313944989,0.0217039071817992,1.792518312375,4.43875789642334e-05,1.99620003446,0.0071357488624999,1.916219287775,0.0998227453700385,0.0099079631827884,0.0060811264624709,0.0181011901414326,0.0850398356992307,0.0650058847124038,0.0041182798302094,0.0523269222255096,0.0161459566055082,0.0127190474774655,0.1228951926197115,0.0767125487204807,3.009810085,0.3602182497846154,0.3598461517384616,0.0623173048727884,3.549166715,0.013491988175,0.2629641385769231,0.0174890206358653,0.1953603246513043,0.1729970344792308,2.57246670578,0.27196788785,0.0039751903672177,0.023041576145,0.0400079714235135,100.0,100.0,100.0,100.0,100.0,100.0,100.0,100.0,100.0,100.0,100.0,100.0,100.0,100.0,100.0,100.0,100.0,100.0,100.0,0.0,100.0,100.0,100.0,0.0,0.0,100.0,100.0,100.0,100.0,66.66666666666666,100.0,100.0,100.0,100.0,temporal2,0
0.0154052533815984,0.0229452531616521,1.3669220646307694,3.94284725189209e-05,1.459153850676923,0.0084366249947507,1.4685429595846151,0.0994418803818047,0.0092519638953032,0.0051507668320448,0.0169622927374385,0.0760124836589285,0.0668874881193442,0.0037225491853058,0.0436188500377459,0.0124539922175081,0.011429583086455,0.1321221990411885,0.057504430099551,3.012524838333334,0.3320518816714286,0.3288928355,0.0537991797238934,4.107999975,0.0148544652071428,0.2388192074139285,0.015480121942439,0.2011092571388432,0.1593297464182142,2.264517238472413,0.2614105087857142,0.0057417705861552,0.0203878688768,0.0368400494213333,100.0,100.0,100.0,100.0,100.0,100.0,100.0,100.0,100.0,100.0,100.0,100.0,100.0,100.0,100.0,100.0,100.0,100.0,100.0,0.0,100.0,100.0,100.0,0.0,0.0,100.0,100.0,100.0,100.0,75.86206896551724,100.0,100.0,100.0,100.0,temporal2,0
0.0154008271073273,0.0224857566222879,2.013612005263637,4.23729419708252e-05,2.8084285690285715,0.008274658960875,2.3414461759769227,0.1001522813898254,0.0089078827892763,0.0058032042111917,0.0177033371005131,0.0625136693277777,0.0662607472073684,0.004426824825,0.0407565863424342,0.0134355016285971,0.0124042690987244,0.1204175195926316,0.0562781274612418,3.010314407777777,0.2894561466814814,0.2874814757148148,0.0510394792719736,3.57250001,0.020169973365,0.2021010009955555,0.0163460326779605,0.1924733093393452,0.1343743271059259,3.089111103488889,0.2507181600636363,0.0050467581572042,0.0228331930458823,0.0400012095725,100.0,100.0,100.0,100.0,78.57142857142857,100.0,84.61538461538461,100.0,100.0,100.0,100.0,100.0,100.0,100.0,100.0,100.0,100.0,100.0,100.0,0.0,100.0,100.0,100.0,0.0,0.0,100.0,100.0,100.0,100.0,59.25925925925926,100.0,100.0,100.0,100.0,temporal2,0
0.0157893127697612,0.0198936363029978,2.30844402,4.2879581451416014e-05,2.44099998,0.0101451657022727,2.43401265,0.1021366102514057,0.0094885914403086,0.0062148818580042,0.0183542893212716,0.1185908317483333,0.0682321212807407,0.004217156266053,0.0548518616376543,0.0143358571963013,0.0116590305579629,0.1227797166538271,0.0787145286292207,3.006920493333333,0.46395635598,0.4471666812333333,0.0654691177998765,3.564666663333333,0.014014530178,0.3324549992333333,0.017611351605,0.1984241597686517,0.2120052973016666,3.0204999425333336,0.2842316627,0.0021198789269043,0.0217616367312,0.0401425626483333,100.0,100.0,100.0,100.0,100.0,100.0,100.0,99.53379953379954,100.0,100.0,100.0,100.0,100.0,100.0,100.0,100.0,100.0,100.0,100.0,0.0,100.0,100.0,100.0,0.0,0.0,100.0,100.0,100.0,100.0,50.0,100.0,100.0,100.0,100.0,temporal2,0
0.01601324810156,0.0223179868714502,1.2842723106,4.157653221717248e-05,2.72359995554,0.0083055224320877,2.38535442126,0.1088813203301447,0.0089381851549315,0.0058960812123771,0.0175306829641232,0.071356594554,0.0671369131175342,0.0046840179526333,0.0467397203108904,0.0164370792983456,0.0146800999807187,0.1511549002199315,0.0686109980369863,3.010289901111111,0.335204720445,0.330300021125,0.0573904122289725,3.5539167074999995,0.01533102989,0.236848151641,0.0164743171935616,0.2219003997782715,0.1592626452159999,2.982150002925,0.2642332315,0.0044873680973355,0.0223481337206666,0.0396966934155357,100.0,100.0,100.0,100.0,40.0,100.0,40.0,100.0,100.0,100.0,100.0,100.0,100.0,100.0,100.0,100.0,100.0,100.0,100.0,0.0,100.0,100.0,100.0,0.0,0.0,100.0,100.0,100.0,100.0,40.0,100.0,100.0,100.0,100.0,temporal2,0
0.0159317681020327,0.0232199335599609,0.9721244947333332,4.324913024902344e-05,1.1083332675666666,0.0102630812537931,1.1174433998333335,0.1029655839263212,0.0091176381063868,0.0057810424891914,0.0188484887968905,0.083301969925,0.0666819105941605,0.0050423837071295,0.0541459870073722,0.0140713386165778,0.0163011185407518,0.1341567700539416,0.0821694415994117,3.007107533333333,0.3331321307214285,0.33271430215,0.0637299387869343,3.5621428442857144,0.0142290592099999,0.2372813394678571,0.0171160014191911,0.2064192547325828,0.1521825108892857,2.4988571200071434,0.2453967729666667,0.0050629377350828,0.0231399225130434,0.0416641625427272,100.0,100.0,100.0,100.0,100.0,100.0,100.0,100.0,100.0,100.0,100.0,100.0,100.0,100.0,100.0,100.0,100.0,100.0,100.0,0.0,100.0,100.0,100.0,0.0,0.0,100.0,100.0,100.0,100.0,57.142857142857146,100.0,100.0,100.0,100.0,temporal2,0
0.0194266063796428,0.0190792047310249,1.2436339007666668,4.433989524841309e-05,2.175750012,0.0080506529117142,2.0438167427,0.102126984857317,0.0082862014339565,0.0057892890942912,0.0188288636783804,0.07699787616,0.0671682383577173,0.0054167509068602,0.0473369385807608,0.0147546248535794,0.0214325338571249,0.1112525333318478,0.0675144739625,3.01216197,0.3402764399333333,0.3366667031666666,0.0572282568155434,3.5610001,0.0144660472849999,0.2516932685716667,0.0160893398284615,0.1844687669840776,0.1697320937766666,1.699749984125,0.2874299684333333,0.0028224084883085,0.0231115250323809,0.0377164965535714,100.0,100.0,100.0,100.0,75.0,100.0,75.0,100.0,100.0,100.0,100.0,100.0,100.0,100.0,100.0,100.0,100.0,100.0,100.0,0.0,100.0,100.0,100.0,0.0,0.0,100.0,100.0,100.0,100.0,83.33333333333333,100.0,100.0,100.0,100.0,temporal2,0
0.0159012181076212,0.0216729835199609,2.2867289333333334,4.387497901916504e-05,2.406666593333333,0.0094029754375,2.4178733766666665,0.1102920654188012,0.0091519431047684,0.0061402597232715,0.0186475126325684,0.09028003612,0.0674827500289473,0.0044346014650888,0.0517473521898947,0.0151021926687199,0.0124601859281346,0.1634402324991579,0.0742757521074736,3.003806204,0.3584096232583333,0.3614999850166667,0.0620631795082105,3.55020003,0.01566346486,0.2577386895516667,0.0163181530761052,0.2337897164101904,0.1628660956725,2.82550002815,0.2716795603,0.0025702317544473,0.0228435420959999,0.0420242006087878,100.0,100.0,100.0,100.0,100.0,100.0,100.0,100.0,100.0,100.0,100.0,100.0,100.0,100.0,100.0,100.0,100.0,100.0,100.0,0.0,100.0,100.0,100.0,0.0,0.0,100.0,100.0,100.0,100.0,58.333333333333336,100.0,100.0,100.0,100.0,temporal2,0
0.0150586428327743,0.0208649766824925,1.5173353631400002,4.393458366394043e-05,1.61799993176,0.0072176538651724,1.6338654003200002,0.0976355773487767,0.0075349085909908,0.0059531943770789,0.0209853189757064,0.0607971350304666,0.0652836747041284,0.0051267693747898,0.0597614629449541,0.0171598750254789,0.0118035793275999,0.1101669193174312,0.0833488210490825,3.0375261249999994,0.33179375326,0.32786666548,0.0695321078559633,3.583166595,0.013015985485,0.235258563312,0.0166743323869523,0.182781802678595,0.1713715552846666,2.6811333459266664,0.27913904186,0.0027876554741938,0.0215077499525,0.039183198076,100.0,100.0,100.0,100.0,100.0,100.0,100.0,100.0,100.0,100.0,100.0,100.0,100.0,100.0,100.0,100.0,100.0,100.0,100.0,0.0,100.0,100.0,100.0,0.0,0.0,100.0,100.0,100.0,100.0,60.0,100.0,100.0,100.0,100.0,temporal2,0
0.0156082111956854,0.0208053334522163,2.082234802644445,4.3720006942749023e-05,2.180777811655556,0.0085169902209423,2.1921691585222223,0.0975360433436043,0.0092781457017727,0.0059564582313767,0.0183801434211181,0.062554234545238,0.0678556550515454,0.0039910319478544,0.0528727271266363,0.0167193151200875,0.0240412793625789,0.0989014712104545,0.0757142435304545,3.0212231816666666,0.3065081550476191,0.2984285694619047,0.0622363588915454,3.7070000116666666,0.0190072059575,0.2157469817133333,0.0165746818846363,0.1777594812194262,0.142094566677619,2.660809502028572,0.2706188288181818,0.0036742378155226,0.0219998034536363,0.0406091089856896,100.0,100.0,100.0,100.0,100.0,100.0,100.0,100.0,100.0,100.0,100.0,100.0,100.0,100.0,100.0,100.0,100.0,100.0,100.0,0.0,100.0,100.0,100.0,0.0,0.0,100.0,100.0,100.0,100.0,71.42857142857143,100.0,100.0,100.0,100.0,temporal2,0
0.0154943611801696,0.0232455564976066,1.619533097933333,4.382729530334472e-05,1.7229999675166667,0.0090434218141801,1.73352535275,0.0977636608725524,0.0083476136358487,0.0059046483101813,0.0165055030688731,0.0756079272168421,0.0661600775730731,0.0040847784913667,0.0418390343750731,0.011739377198582,0.0156015337299315,0.1158115735646829,0.0578848854813043,3.005987965,0.365623807865,0.3570000121052631,0.0519512153168292,3.5558889400000004,0.01589099566,0.2600472851273684,0.0154207578475121,0.186402372513761,0.1804761133394736,2.6352000083200005,0.2685511509,0.0063455258630304,0.0238507666202439,0.037945538027439,100.0,100.0,100.0,100.0,100.0,100.0,100.0,100.0,100.0,100.0,100.0,100.0,100.0,100.0,100.0,100.0,100.0,100.0,100.0,0.0,100.0,100.0,100.0,0.0,0.0,100.0,100.0,100.0,100.0,60.0,100.0,100.0,100.0,100.0,temporal2,0
0.0173418902456325,0.0177967569630577,2.06327688,4.36246395111084e-05,2.424750025,0.0082638847057553,2.43736052,0.1101051017742715,0.0099029713771304,0.0061357158431052,0.0199695670054492,0.1211460828633333,0.0636757145668115,0.0048725015100618,0.0512753569456521,0.013116538067058,0.0112359523746666,0.1616309828468115,0.0752789144749275,2.861806836470588,0.4810289938666667,0.4768333832166667,0.0606666647734782,3.5610001,0.01222491264,0.36342740055,0.01627441246875,0.2308621154793421,0.2380545138833333,2.5001666915333334,0.2811492084749999,0.0022553801528382,0.021815383432,0.0378207034491666,100.0,100.0,100.0,100.0,100.0,100.0,100.0,99.73890339425589,100.0,100.0,100.0,100.0,100.0,100.0,100.0,100.0,100.0,100.0,100.0,0.0,100.0,100.0,100.0,0.0,0.0,100.0,100.0,100.0,100.0,100.0,100.0,100.0,100.0,100.0,temporal2,0
0.0155640502282325,0.0243887656989054,1.7520146068222224,4.117488861083984e-05,2.54549998034,0.0086701532060496,2.0296755059222225,0.1011433813334198,0.0091163536995226,0.0054484114381851,0.017237923249015,0.0659941911645,0.0662048402031155,0.0053414776121696,0.0412361873395979,0.013530260404883,0.0153929573616397,0.1285860586185427,0.0590607270865365,3.020102972,0.3492231368449999,0.34570003743,0.0514773843192462,3.584399982,0.0150139331766666,0.2533419012549999,0.0178200801170588,0.1986119194039545,0.181640469989,2.6959545554818183,0.2786680592,0.005441600274792,0.0219179422379487,0.0386156471102631,100.0,100.0,100.0,100.0,100.0,100.0,100.0,100.0,100.0,100.0,100.0,100.0,100.0,100.0,100.0,100.0,100.0,100.0,100.0,0.0,100.0,100.0,100.0,0.0,0.0,100.0,100.0,100.0,100.0,77.27272727272728,100.0,100.0,100.0,100.0,temporal2,0
0.0173087490091603,0.0208347015348398,1.90916566628,4.358291625976563e-05,1.9887999504,0.0108927911314516,2.00844831242,0.109305410204231,0.0109846339490235,0.0060184722554083,0.018802973799447,0.06519447962,0.0680360204891764,0.0071436294826198,0.0435058818083529,0.0125580369062045,0.0156415757650634,0.1240887501421176,0.0658404209919999,3.0229577971428574,0.3019001483333333,0.3017333348,0.0536705774282352,4.09237496625,0.0140360196366666,0.2040218670666666,0.0177397110841176,0.2005615766019148,0.133957783358,3.180799972673333,0.2661970138,0.0051640491088475,0.0271408081035,0.0399022996371874,100.0,100.0,100.0,100.0,100.0,100.0,100.0,99.77477477477476,100.0,100.0,100.0,100.0,100.0,100.0,100.0,100.0,100.0,100.0,100.0,0.0,100.0,100.0,100.0,0.0,0.0,100.0,100.0,100.0,100.0,53.333333333333336,100.0,100.0,100.0,100.0,temporal2,0
0.015790192568597,0.0221954483058229,1.49209289306,4.621744155883789e-05,1.6202000118200002,0.0077670113782758,1.6300074539600005,0.1005497584375519,0.009529276716187,0.006244046218216,0.0193081845438273,0.069189220661875,0.0640121123666906,0.0041310669745566,0.0564172799520143,0.0136139731084969,0.0136933299899325,0.1265794424357554,0.0812170471051798,3.0130771600000004,0.33309677236875,0.3296874910124999,0.0670791272514388,4.277833363333333,0.013583230966,0.23699763410625,0.0161555474645255,0.194921404276258,0.164170622785625,2.4868124701625,0.2328574180199999,0.006003260611221,0.0236628330646153,0.0400833498709434,100.0,100.0,100.0,100.0,100.0,100.0,100.0,99.69924812030077,100.0,100.0,100.0,100.0,100.0,100.0,100.0,100.0,100.0,100.0,100.0,0.0,100.0,100.0,100.0,0.0,0.0,100.0,100.0,100.0,100.0,68.75,100.0,100.0,100.0,100.0,temporal2,0
0.0208266422178063,0.0217409892482638,2.310861186666666,4.3904781341552736e-05,2.40099994,0.007911931301609,2.4120815566666667,0.1095194884587446,0.0089326917582035,0.0058264047152562,0.0187340035861858,0.0818107763839999,0.0681151752871681,0.0050323142761801,0.049407066489115,0.0146597324894667,0.0136543499765368,0.1137210541944247,0.0686489649469026,3.0141806950000003,0.3428669124375,0.3149333476466666,0.0594336247974336,3.560571427142857,0.011257052415,0.2248740513813333,0.0173189409950877,0.1895107974604,0.1367253303233333,2.57940001234,0.2603312333,0.004554884105352,0.0248290408718181,0.0390356222748888,100.0,100.0,100.0,100.0,100.0,100.0,100.0,100.0,100.0,100.0,100.0,100.0,100.0,100.0,100.0,100.0,100.0,100.0,100.0,0.0,100.0,100.0,100.0,0.0,0.0,100.0,100.0,100.0,100.0,60.0,100.0,100.0,100.0,100.0,temporal2,0
0.0154466107457072,0.0237166050465947,2.2974617416666665,4.279613494873047e-05,2.38783331,0.0083656396683353,2.398487403333333,0.1040910301088358,0.0077569870378382,0.0058222887590446,0.018947871287397,0.0946399718399999,0.0645607622133088,0.0047476502748749,0.0388235344544117,0.0169107307802347,0.0134871110786483,0.1459110378930146,0.0567736516394656,3.0053977933333336,0.6871563590199999,1.1426110924222224,0.0497720521981617,3.565333323333333,0.0151033401433333,0.354322075233125,0.0180219703209629,0.2165312464594666,0.2504798620525,3.6056000363466665,0.2349123159666666,0.0073360399752042,0.022977399824,0.0425569309847058,100.0,100.0,100.0,100.0,100.0,100.0,100.0,100.0,100.0,100.0,100.0,100.0,100.0,100.0,100.0,100.0,100.0,100.0,100.0,0.0,100.0,100.0,100.0,0.0,0.0,100.0,100.0,100.0,100.0,60.0,100.0,100.0,100.0,100.0,temporal2,0
0.015665121352,0.018088066783852,2.33374905,4.302263259887695e-05,2.46500015,0.007699385284375,2.47743177,0.1017431570024168,0.0113439398813243,0.0063909028372096,0.0169753222816216,0.095967411975,0.0696649293522972,0.0038408760747169,0.0603918996901351,0.0160770183279572,0.0176170468298529,0.1145765652275675,0.0792013267283117,3.0133149100000005,0.4267728805,0.4199999808699999,0.070810827037027,3.554400056,0.0160498619,0.326450228656,0.0151694594156756,0.1924508228141463,0.173261165592,2.8350909369000004,0.2108595371,0.0029170951055666,0.0238744020430769,0.038506375414074,100.0,100.0,100.0,100.0,100.0,100.0,100.0,99.49622166246851,100.0,100.0,100.0,100.0,100.0,100.0,100.0,100.0,100.0,100.0,100.0,0.0,100.0,100.0,100.0,0.0,0.0,100.0,100.0,100.0,100.0,54.54545454545455,100.0,100.0,100.0,100.0,temporal2,0
0.016350849437132,0.0254597541222055,2.1032881044636365,4.311203956604004e-05,2.189363626827273,0.0085014773568691,2.1978328199727275,0.1052298770553142,0.0081282576038146,0.0054884584108628,0.0187185412353354,0.0698613932173684,0.0643668570705431,0.0058913782729438,0.0466102220672843,0.0134162851788311,0.013074762818195,0.1337461014253354,0.0625730684063461,3.0087667192307688,0.2705572445722222,0.2659999821815789,0.0562396270270926,3.576076925384615,0.017432785028,0.1789749295613158,0.016894750437258,0.2032521962791618,0.1026662838881578,2.524432429754054,0.2416333555583333,0.0084159440442479,0.0221257686595,0.0384058351391869,100.0,100.0,100.0,100.0,100.0,100.0,100.0,100.0,100.0,100.0,100.0,100.0,100.0,100.0,100.0,100.0,100.0,100.0,100.0,0.0,100.0,100.0,100.0,0.0,0.0,100.0,100.0,100.0,100.0,64.86486486486487,100.0,100.0,100.0,100.0,temporal2,0
0.0158163490582921,0.021257059683189,1.800942656425,4.3791532516479495e-05,1.907500026775,0.0076348972312,1.912034031575,0.1022209355736045,0.0099351740314953,0.0061308364196287,0.0174996295783457,0.0705736194214285,0.0668092642907476,0.0049510081074172,0.0421495303868504,0.0169482509808319,0.0128940293453802,0.1171525928239252,0.0588618346523809,3.006954869999999,0.3335770606733333,0.3378571612071428,0.0521121359214018,3.5691428828571428,0.01317429542,0.2494149378,0.0177074944166055,0.1926700098695762,0.1732149804992857,2.7474999834625,0.260219693125,0.0027264310751965,0.0246999474105882,0.0387473984728947,100.0,100.0,100.0,100.0,100.0,100.0,100.0,100.0,100.0,100.0,100.0,100.0,100.0,100.0,100.0,100.0,100.0,100.0,100.0,0.0,100.0,100.0,100.0,0.0,0.0,100.0,100.0,100.0,100.0,56.25,100.0,100.0,100.0,100.0,temporal2,0
0.0159566566077345,0.0230995697099385,1.789223130375,4.341602325439453e-05,1.916999993075,0.0082210616057368,1.928920622675,0.0976170406536817,0.00835518538825,0.0063590543301903,0.0180041491938854,0.0716276327706666,0.0663242190986458,0.0051904250587647,0.045416673018177,0.0188280511491569,0.0155367655267534,0.1051664824120833,0.0657008935904791,3.01395654,0.3252981662199999,0.3207999864733333,0.0550833344364583,4.56299996,0.01416409015,0.2195066610433333,0.0184067487676041,0.1820823156257547,0.139486408214,1.7894666963266663,0.243404328775,0.003149266242309,0.0211802720988461,0.0467466032723255,100.0,100.0,100.0,100.0,100.0,100.0,100.0,100.0,100.0,100.0,100.0,100.0,100.0,100.0,100.0,100.0,100.0,100.0,100.0,0.0,100.0,100.0,100.0,0.0,0.0,100.0,100.0,100.0,100.0,86.66666666666667,100.0,100.0,100.0,100.0,temporal2,0
0.0157257805532054,0.0205091925402539,2.31460499,4.4280290603637694e-05,2.45049989,0.0083048316701186,2.462174055,0.0979389360684746,0.0099193271311428,0.0058529491945892,0.0172842692312857,0.0796455542122222,0.0638375574098979,0.0049301126720579,0.0479285619612244,0.0144415695495517,0.0114429369541875,0.1223425135005101,0.0704863942935483,3.00772112,0.3728224038625,0.4048888947777778,0.05817345696,3.55449998,0.01815199851,0.2906097570444444,0.0167403098194845,0.1921562419600926,0.2038758860288888,3.147750045675,0.22970604895,0.0035259819020313,0.0204183730186363,0.0396684408139473,100.0,100.0,100.0,100.0,100.0,100.0,100.0,100.0,100.0,100.0,100.0,100.0,100.0,100.0,100.0,100.0,100.0,100.0,100.0,0.0,100.0,100.0,100.0,0.0,0.0,100.0,100.0,100.0,100.0,50.0,100.0,100.0,100.0,100.0,temporal2,0
0.0183275305556886,0.0266851683818255,1.8472035436333327,4.372596740722656e-05,1.9383333751666665,0.0103246409206912,1.9483945866222223,0.1020620789867091,0.0084474960532146,0.006165367753222,0.0180227793908691,0.0619491958536,0.0645132767276328,0.0044583151832164,0.0579661816097584,0.0158767755148498,0.0119430912046567,0.1194680036340579,0.0858115609502955,3.0063622525,0.3129165867458334,0.311359977676,0.0676618486084058,3.56725001,0.013813400264,0.2202337360027999,0.017396971795169,0.1900705611142105,0.1536571597736,1.9305200358480008,0.2466949886333333,0.0046820433227304,0.0242404310286842,0.0411468299416417,100.0,100.0,100.0,100.0,100.0,100.0,100.0,100.0,100.0,100.0,100.0,100.0,100.0,100.0,100.0,100.0,100.0,100.0,100.0,0.0,100.0,100.0,100.0,0.0,0.0,100.0,100.0,100.0,100.0,84.0,100.0,100.0,100.0,100.0,temporal2,0
0.0147542998307523,0.0212556993599482,1.2970109363166666,3.9625167846679685e-05,1.4090000385666668,0.0080800902157245,1.4152469593666668,0.0947669009699171,0.0080378581726275,0.0052812501575445,0.0186741467141793,0.0709949561485714,0.0660126340692413,0.0040993422990682,0.0385103455821586,0.0172047731145655,0.0135579109162808,0.1176056006622758,0.0559293582428276,3.007245376666667,0.3723825897,0.3626428501428571,0.0487310327255172,3.546333386666667,0.01616764068,0.27712578429,0.0158315510542758,0.187604264883,0.2035285234007142,2.076714256764286,0.2261468568666667,0.0032152262588668,0.0227301120734999,0.039463561508913,100.0,100.0,100.0,100.0,100.0,100.0,100.0,100.0,100.0,100.0,100.0,100.0,100.0,100.0,100.0,100.0,100.0,100.0,100.0,0.0,100.0,100.0,100.0,0.0,0.0,100.0,100.0,100.0,100.0,78.57142857142857,100.0,100.0,100.0,100.0,temporal2,0
0.0153672621047175,0.0194520230916958,0.9542296315333334,4.38690185546875e-05,1.0513333456666667,0.0080412247814841,1.0601293627333332,0.0957513897345506,0.0083159490622368,0.0059206566807863,0.0176029299396973,0.12297868727,0.0636701050435526,0.0050882410111944,0.0505526285331579,0.0133967875712481,0.0115298380420625,0.1133234688860526,0.072801267934935,3.037424636666667,0.763706943390909,1.2465833615916666,0.0615394711405263,3.5947499225,0.01575303077,0.4286039307363636,0.0164352498511842,0.1876903544939285,0.2967488115081818,3.086999961533333,0.2581049997833333,0.0030559651986176,0.0197445021705555,0.04257783719,100.0,100.0,100.0,100.0,100.0,100.0,100.0,99.75308641975307,100.0,100.0,100.0,100.0,100.0,100.0,100.0,100.0,100.0,100.0,100.0,0.0,100.0,100.0,100.0,0.0,0.0,100.0,100.0,100.0,100.0,75.0,100.0,100.0,100.0,100.0,temporal2,0
0.0153613715497062,0.0235218758449728,1.8465366326444448,4.187226295471192e-05,1.948444416633333,0.0096428925427128,1.9567620184222223,0.1002688061220961,0.0087417178924029,0.0056222686768963,0.0191384912642427,0.0647249879451724,0.0649706912166504,0.0045157946688571,0.0476699048959708,0.0142954573219675,0.0142980067678861,0.1181051719287864,0.066183621167198,3.006056219090909,0.3222138552344827,0.3203103788413793,0.0578495113505825,3.904000012500001,0.01273155212,0.2270000802631034,0.0155356221044878,0.1894303078872806,0.1538956576103448,2.692862079168965,0.2603509690555555,0.0051380141819408,0.0219712018926666,0.0378633829210769,100.0,100.0,100.0,100.0,100.0,100.0,100.0,99.8931623931624,100.0,100.0,100.0,100.0,100.0,100.0,100.0,100.0,100.0,100.0,100.0,0.0,100.0,100.0,100.0,0.0,0.0,100.0,100.0,100.0,100.0,62.06896551724138,100.0,100.0,100.0,100.0,temporal2,0
0.0201812358097777,0.0202899923831165,2.3309376166666667,4.344582557678223e-05,2.416000125,0.0085503321404615,2.450436506666667,0.1029570729602274,0.0103859034437878,0.0063204551984863,0.0173168218451666,0.1396758026311111,0.0670555938280303,0.0058301129228617,0.054606061985909,0.015040248030203,0.0127122345393333,0.1309664249157575,0.0802665768143939,3.005376096666667,0.6590003429000001,1.26589999166,0.0644393870218181,3.547333396666667,0.01424002647,0.415406994911111,0.0188653216171212,0.2083064562257534,0.2644470002688888,3.3960908941909094,0.2644117672666666,0.0020236563169564,0.0218912959075,0.0422092330025806,100.0,100.0,100.0,100.0,100.0,100.0,100.0,100.0,100.0,100.0,100.0,100.0,100.0,100.0,100.0,100.0,100.0,100.0,100.0,0.0,100.0,100.0,100.0,0.0,0.0,100.0,100.0,100.0,100.0,72.72727272727272,100.0,100.0,100.0,100.0,temporal2,0
0.0183514551492965,0.0218172073327927,0.2608616352,4.361867904663086e-05,3.5599998566666664,0.0080479383451923,3.0035404333333333,0.1019646034280121,0.0084837675082118,0.0059232716670172,0.0171706817879152,0.0789731951227058,0.0625951835560169,0.0042902001408373,0.0429237232307627,0.0154066980997747,0.0162532274716666,0.1338445351980508,0.0621827699242372,3.0075184866666667,0.3230364602705882,0.3178823554705882,0.0534067800402542,3.574166648333333,0.0122340917549999,0.2284851214029412,0.0166588698366949,0.2025703741566923,0.1427394361805882,2.555882353088235,0.06625008583,0.0038918009333766,0.0220620185078125,0.0396098633965957,100.0,100.0,100.0,100.0,0.0,100.0,0.0,99.8266897746967,100.0,100.0,100.0,100.0,100.0,100.0,100.0,100.0,100.0,100.0,100.0,0.0,100.0,100.0,100.0,0.0,0.0,100.0,100.0,100.0,100.0,47.05882352941177,100.0,100.0,100.0,100.0,temporal2,0
0.0154740821453953,0.0214492740877987,1.29532360795,4.357099533081055e-05,3.655249937725,0.0090709573169487,1.9602414734,0.102421654236877,0.0105863099388723,0.0063712987582031,0.0180411719221595,0.0585789150611111,0.0668662177641489,0.0060521293030597,0.0531489316380106,0.0164896895404209,0.0167017502631025,0.1165415504896808,0.0750926758259574,3.0044284633333334,0.3689018885,0.3654445011888889,0.062946811625,3.5463333066666665,0.0145843028966666,0.2516534592777777,0.0159083249676595,0.1926979490949038,0.1883613533044444,2.8907777181333336,0.28229093545,0.0046315622323587,0.023150956628,0.0407027006082352,100.0,100.0,100.0,100.0,50.0,100.0,66.66666666666666,100.0,100.0,100.0,100.0,100.0,100.0,100.0,100.0,100.0,100.0,100.0,100.0,0.0,100.0,100.0,100.0,0.0,0.0,100.0,100.0,100.0,100.0,55.55555555555556,100.0,100.0,100.0,100.0,temporal2,0
0.0153457635123648,0.0226469730945287,2.2802906,4.497766494750977e-05,2.45499992,0.0080507386398867,2.44129109,0.0915435833759024,0.0092001788456224,0.006098392673698,0.0167009222218979,0.0677472678045454,0.0657148823336734,0.0042717750516231,0.0443775386162551,0.0134441358895585,0.0164039267404166,0.1043057295561224,0.063664638255102,3.007221515,0.3674533366636364,0.3627273169090909,0.0550102141330612,3.590499935,0.01955235004,0.2742370041418182,0.0172629696931632,0.1782273296555555,0.2046750458281818,2.2180909225454544,0.2191152572,0.0045345020284117,0.0235882949812,0.0420343554892307,100.0,100.0,100.0,100.0,100.0,100.0,100.0,99.6,100.0,100.0,100.0,100.0,100.0,100.0,100.0,100.0,100.0,100.0,100.0,0.0,100.0,100.0,100.0,0.0,0.0,100.0,100.0,100.0,100.0,63.63636363636363,100.0,100.0,100.0,100.0,temporal2,0
0.0150797989961861,0.0196124025260298,1.9824403866666669,4.251599311828613e-05,3.921285688571429,0.00859474797439,2.768032164,0.099638680522543,0.0094803991439154,0.0066786051544482,0.0176789861286338,0.0764007121215,0.0686846417332394,0.0085801909658181,0.0458591588709859,0.0144679785111805,0.01210973517975,0.100157381768169,0.0630036340550704,3.00495624125,0.32090923185,0.3137500136625,0.0563662018484507,4.004399962,0.03246247768,0.21962682897625,0.0164996670966197,0.1874272700728205,0.128491044025625,3.9698420770157896,0.3073728878666666,0.004061166275465,0.0247736153733333,0.0475632647625,100.0,100.0,100.0,100.0,71.42857142857143,100.0,60.0,100.0,100.0,100.0,100.0,100.0,100.0,100.0,100.0,100.0,100.0,100.0,100.0,0.0,100.0,100.0,100.0,0.0,0.0,100.0,100.0,100.0,100.0,42.10526315789474,100.0,100.0,100.0,100.0,temporal2,0
0.0159783048322323,0.0210543984006593,0.9616914571333336,4.2331218719482425e-05,1.062999962933333,0.0089101642363124,1.068898677,0.0981754690843497,0.0084416497603092,0.0059770892357612,0.0184713319362577,0.0778470039299999,0.0652809118380412,0.0054185442670437,0.0389072157615463,0.0137438247315719,0.0163967262577818,0.1174118346552577,0.0567808222665,3.009798609090909,0.2899933141352941,0.2870000109588235,0.049144314728969,3.906230773846154,0.01574206352,0.201287073217647,0.0154247726316494,0.192755754785514,0.1163708742682352,3.2958235845352943,0.2418673038,0.0033512306201636,0.0237392645580769,0.0383025369290322,100.0,100.0,100.0,100.0,100.0,100.0,100.0,100.0,100.0,100.0,100.0,100.0,100.0,100.0,100.0,100.0,100.0,100.0,100.0,0.0,100.0,100.0,100.0,0.0,0.0,100.0,100.0,100.0,100.0,35.294117647058826,100.0,100.0,100.0,100.0,temporal2,0
0.0155161964796212,0.0228387897190308,2.1299139113636363,4.785656929016113e-05,2.266142859242857,0.0070334959628354,2.2459023607818183,0.1009744098328724,0.0093800496014086,0.0049206751202619,0.0172229620679677,0.0726862079115789,0.0667900914323202,0.004585005920573,0.0472287516101307,0.0121175302398392,0.0128835450205309,0.1435517236043137,0.0659012287931045,2.9589280425,0.2737063566384615,0.2665789566052631,0.0570914963387581,3.428500011666666,0.014603257175,0.1741322215778947,0.0157528218662214,0.2114516176120648,0.0947151309405263,2.3405952593023804,0.2776983517307692,0.006518850585683,0.0210153330904347,0.0359020819378688,100.0,100.0,100.0,100.0,100.0,100.0,100.0,100.0,100.0,100.0,100.0,100.0,100.0,100.0,100.0,100.0,100.0,100.0,100.0,16.66666666666667,100.0,100.0,100.0,16.66666666666667,0.0,100.0,100.0,100.0,100.0,76.19047619047619,100.0,100.0,100.0,100.0,temporal2,0
0.0151903562010501,0.0233553912153373,1.49140004868,4.462003707885742e-05,2.830428595214286,0.0089434829958333,1.8594533969,0.0985904772375595,0.0092458133023103,0.005964982437578,0.0185368899594758,0.0669154840294117,0.066523084957931,0.0045200766580146,0.0466413908908276,0.015974660977813,0.0185645679337532,0.1130287186622758,0.067105012092,3.0157259814285715,0.3373155873941176,0.3385882096588235,0.0563586202073103,3.5614285757142854,0.0156856377866666,0.2460379740399999,0.0167815257720689,0.1863837837791875,0.1710161180635294,3.026705864076471,0.25493264194,0.00830588738009,0.0245176076865,0.0395736982036206,100.0,100.0,100.0,100.0,71.42857142857143,100.0,83.33333333333333,100.0,100.0,100.0,100.0,100.0,100.0,100.0,100.0,100.0,100.0,100.0,100.0,0.0,100.0,100.0,100.0,0.0,0.0,100.0,100.0,100.0,100.0,52.94117647058823,100.0,100.0,100.0,100.0,temporal2,0
0.0168664987396418,0.0192140805490063,0.2608616352,4.425048828125e-05,5.90599989,0.008538195065,3.00368881,0.0995061847673922,0.0106873389989743,0.0059464311804315,0.0189619003161282,0.12597382067,0.0695335131314102,0.0032496669070363,0.053256386357564,0.0147710930500509,0.0248898756774359,0.1257384892982051,0.0755040095266666,3.00394845,0.4196999370625,0.411500006875,0.0628974498751282,3.58299994,0.014428377145,0.2960773407875,0.0175260335925641,0.2008511825625581,0.16229602690625,1.9138749827375,0.06625008583,0.0020506241732343,0.0216321945166666,0.0419973532314285,100.0,100.0,100.0,100.0,0.0,100.0,0.0,100.0,100.0,100.0,100.0,100.0,100.0,100.0,100.0,100.0,100.0,100.0,100.0,0.0,100.0,100.0,100.0,0.0,0.0,100.0,100.0,100.0,100.0,75.0,100.0,100.0,100.0,100.0,temporal2,0
0.0151700307873226,0.0221830939520388,2.44234561,4.44948673248291e-05,3.1009999500000003,0.0066096081447058,2.79624724,0.1001793331616514,0.0082984442501041,0.0059464112415944,0.0190801347252291,0.0637251933358333,0.0660834188159375,0.0046212603055661,0.0463541621906562,0.0145838333300785,0.0126098135221739,0.1130565404736458,0.0638718604962499,3.00245658,0.3376867770583333,0.3358333507666667,0.0560521061155208,3.7763333266666654,0.0167992909733333,0.2418402234366666,0.0170405556719791,0.1873403989635849,0.1763025323291666,2.113583364258333,0.3260353803,0.0026765871037027,0.0199525424362857,0.0416458334175,100.0,100.0,100.0,100.0,50.0,100.0,50.0,99.79508196721312,100.0,100.0,100.0,100.0,100.0,100.0,100.0,100.0,100.0,100.0,100.0,0.0,100.0,100.0,100.0,0.0,0.0,100.0,100.0,100.0,100.0,66.66666666666666,100.0,100.0,100.0,100.0,temporal2,0
0.0166869464143141,0.0220334121122272,2.2875691025,4.566311836242676e-05,2.36699998,0.011045337630687,2.3739339075,0.1000252705489741,0.00908028602469,0.0063547354686347,0.01766976594403,0.08052994987,0.0654871964368,0.0037750482551571,0.0469200110352,0.0135885220653669,0.0218214057351093,0.1190249895787999,0.0614380097288999,3.003522946666666,0.3445224544818182,0.3449091043818182,0.056819996826,3.55566668,0.016663074485,0.2496541846272728,0.0155341672852,0.1925141095693636,0.1595782149663636,2.5514545636,0.261409878675,0.004511203765058,0.0231899704232142,0.0388578609945454,100.0,100.0,100.0,100.0,100.0,100.0,100.0,100.0,100.0,100.0,100.0,100.0,100.0,100.0,100.0,100.0,100.0,100.0,100.0,0.0,100.0,100.0,100.0,0.0,0.0,100.0,100.0,100.0,100.0,72.72727272727272,100.0,100.0,100.0,100.0,temporal2,0
0.0152269729104854,0.0181757109472319,0.2608616352,4.373788833618164e-05,5.602499955,0.010786155482566,3.0034381100000003,0.0976935216476462,0.0113315105418769,0.0065303493530245,0.0163199534741538,0.18764710423,0.0701360298930769,0.0046177756395483,0.0462461361432307,0.0163338345761215,0.0221952644711791,0.1204431093426153,0.068985638240923,3.01730322,0.4764799276666667,0.4769999980666666,0.0567384793112307,3.60599994,0.017282962795,0.3402210076,0.0162334845578461,0.1983180244355555,0.1507760683066666,5.812666566666667,0.06625008583,0.0027720268730124,0.0233203814557692,0.0413011268296296,100.0,100.0,100.0,100.0,0.0,100.0,0.0,100.0,100.0,100.0,100.0,100.0,100.0,100.0,100.0,100.0,100.0,100.0,100.0,0.0,100.0,100.0,100.0,0.0,0.0,100.0,100.0,100.0,100.0,0.0,100.0,100.0,100.0,100.0,temporal2,0
0.0165788483589,0.0199620554735807,0.2608616352,4.380941390991211e-05,2.44099998,0.0088605752538279,0.4397904872,0.0984514993932311,0.0095078068204482,0.0064646320055431,0.0187605715296666,0.10142305492,0.0678123523377011,0.0064499396967244,0.0539999857589655,0.0120955458148222,0.0216708706616219,0.1110967931812643,0.0730395728014942,3.0053855533333333,0.40479734535,0.3966249823125,0.0639885156910344,3.54633331,0.019650459285,0.2962659597087499,0.0164513286455172,0.1861259568193814,0.1808855235175,2.0654999595875,0.06625008583,0.0044542312612204,0.0223415184,0.0420923550876666,100.0,100.0,100.0,100.0,100.0,100.0,100.0,100.0,100.0,100.0,100.0,100.0,100.0,100.0,100.0,100.0,100.0,100.0,100.0,0.0,100.0,100.0,100.0,0.0,0.0,100.0,100.0,100.0,100.0,62.5,100.0,100.0,100.0,100.0,temporal2,0
0.0153305351418309,0.0222246381936074,2.294808956,5.9717893600463866e-05,2.384199948,0.0096446673028571,2.39475388,0.144600346422984,0.0075349085909908,0.0385895751034251,0.0156045116320163,0.0906325408252143,0.0699783510527777,0.006374744697539,0.0462315609498947,0.0200639555200759,0.1884065689252321,0.1361013339877,0.0652880692384,3.012654824,0.5942372407363637,1.17216664535,0.0566736898803157,3.592,0.0190410614,0.3678953857445454,0.0182121594705555,0.2058371196155454,0.230634862690909,3.170666650358333,0.2620388865,0.0054293632496393,0.0217562293972,0.038708209986,100.0,100.0,100.0,100.0,100.0,100.0,100.0,99.78118161925602,100.0,100.0,100.0,100.0,100.0,100.0,100.0,100.0,100.0,100.0,100.0,0.0,100.0,100.0,100.0,0.0,0.0,100.0,100.0,100.0,100.0,64.28571428571428,100.0,100.0,100.0,100.0,low_traffic,1
0.0191333413088181,0.025100993755953,2.2980967725,5.609393119812012e-05,2.52199983,0.0101559843297142,2.53353381,0.1088772972611378,0.0080860112830526,0.020242873874258,0.0162062843607291,0.1005288759708333,0.0702369134384615,0.0057488441460518,0.0518854310010416,0.0164630055160996,0.0385291576333,0.1176260658398936,0.0755319843547916,3.0201566200000003,0.5503350091416667,0.9988461638999998,0.0622291838005208,4.5557500675,0.01063346862,0.3474347982908333,0.0199247325408333,0.1911098079451887,0.2341102560058333,3.2210833395750007,0.28771691316,0.0028310897299086,0.0230658142579629,0.0448179895154545,100.0,100.0,100.0,100.0,83.33333333333333,100.0,83.33333333333333,99.5850622406639,100.0,100.0,100.0,100.0,100.0,100.0,100.0,100.0,100.0,100.0,100.0,0.0,100.0,100.0,100.0,0.0,0.0,100.0,100.0,100.0,100.0,50.0,100.0,100.0,100.0,100.0,low_traffic,4
0.0189192558776991,0.0240423302867614,2.3136294185714283,4.933476448059082e-05,2.8965714544857137,0.0114492248029411,2.406113347142857,0.1122526163123789,0.0103878061802234,0.0197338979624768,0.0173934041197653,0.0910375484953846,0.0672774619126595,0.007422037745,0.0670752576529032,0.0174992298245454,0.0886654548071538,0.1634878624886734,0.0883805119098979,3.0102945899999995,0.4052196648923077,0.4016154178692308,0.0786666741308602,4.056666661111112,0.0111450354226666,0.2892982042269231,0.0187208549905376,0.2336587153643518,0.1907428227515384,3.67949996061875,0.2846032142,0.0045057439795046,0.0243690146275,0.0447851877887179,100.0,100.0,100.0,100.0,100.0,100.0,100.0,99.59677419354838,100.0,100.0,100.0,100.0,100.0,100.0,100.0,100.0,100.0,100.0,100.0,0.0,100.0,100.0,100.0,0.0,0.0,100.0,100.0,100.0,100.0,43.75,100.0,100.0,100.0,100.0,low_traffic,6
0.0162294843882173,0.0239739741559545,2.29589706,5.692839622497559e-05,2.450666583333333,0.009892889943909,2.4565565533333333,0.1458435042114211,0.00976366281372,0.0377189775334283,0.0181127209769139,0.0876374027763636,0.0679196216510204,0.007620493568913,0.0538510515260638,0.024935233351227,0.126932074417109,0.1525615286833333,0.0763909739687096,3.0109674275,0.3787738192636363,0.3781818692727273,0.0646899938479999,4.053124985,0.01544439792475,0.2742634686,0.0185880481505376,0.2231782414293636,0.1791745315645454,3.379500044435715,0.26623821255,0.004447261491595,0.0241250498486206,0.0394123211817948,100.0,100.0,100.0,100.0,100.0,100.0,100.0,99.2,100.0,100.0,100.0,100.0,100.0,100.0,100.0,100.0,100.0,100.0,100.0,0.0,100.0,100.0,100.0,0.0,0.0,100.0,100.0,100.0,100.0,50.0,100.0,100.0,100.0,100.0,low_traffic,7
0.0170856235150934,0.0232208123141204,2.307886235,5.001425743103028e-05,4.0760000725,0.0103845310206799,2.6222802766666664,0.187528853796417,0.0083813003642268,0.0065000886737924,0.0186326631891505,0.125283431974,0.0648609375845,0.0056468559339275,0.0446086888640217,0.016283959928455,0.0126991627028085,0.1322909617629591,0.0640434646450999,3.0227338400000003,0.5204678861692308,0.6836923264307693,0.0552282696083695,4.55500006,0.01060581207,0.36420173638,0.0184595536167346,0.6579224703455556,0.2371571063599999,3.72479996167,0.28065400116,0.0028247319004554,0.0250635078937142,0.0398419973740816,100.0,100.0,100.0,100.0,50.0,100.0,66.66666666666666,100.0,100.0,100.0,100.0,100.0,100.0,100.0,100.0,100.0,100.0,100.0,100.0,0.0,100.0,100.0,100.0,0.0,0.0,100.0,100.0,100.0,100.0,40.0,100.0,100.0,100.0,100.0,low_traffic,13
0.0197669483961363,0.0235209500315268,2.0216492203428573,5.165934562683106e-05,2.1348572429142854,0.010970335737923,2.47075545,0.1179761954076109,0.0093259755288588,0.0068542981033785,0.0174174561183058,0.1192494800885714,0.0682107763083505,0.0065821104659416,0.3339090969340909,0.0165784045475741,0.0136909007995818,0.1473841986502062,0.3580306198397727,3.019731755,0.6989186657285714,1.1048666301866668,0.344443177475,4.259333328333333,0.012708425515,0.38138851045,0.0181756145027368,0.3454347554754081,0.2533876214371428,3.633090924545455,0.2601052124666667,0.0039093629359043,0.0231660121159459,0.0423120474153846,100.0,100.0,100.0,100.0,100.0,100.0,100.0,100.0,100.0,100.0,100.0,100.0,100.0,100.0,100.0,100.0,100.0,100.0,100.0,0.0,100.0,100.0,100.0,0.0,0.0,100.0,100.0,100.0,100.0,45.45454545454545,100.0,100.0,100.0,100.0,low_traffic,14
0.0158753384403571,0.022281474438029,0.2608616352,4.974007606506348e-05,3.61300015,0.0088672809763423,3.02534723,0.1855080355740266,0.0095017194741,0.0061160101313496,0.0174588198469587,0.1329714854438333,0.0686254910615151,0.006265659400781,0.0537525820881443,0.0219668493851709,0.0188577423458958,0.132001195963402,0.0780727224115463,3.009965295,0.5141838788499999,0.5103334188,0.0645773238629896,3.6252500375,0.013073682783,0.3806984424,0.0183905866919587,0.6460313657853272,0.2392332156283333,4.540000036666666,0.2805509567,0.005452003478296,0.0222849479057692,0.0384228229471111,100.0,100.0,100.0,100.0,0.0,100.0,0.0,99.59349593495936,100.0,100.0,100.0,100.0,100.0,100.0,100.0,100.0,100.0,100.0,100.0,0.0,100.0,100.0,100.0,0.0,0.0,100.0,100.0,100.0,100.0,0.0,100.0,100.0,100.0,100.0,low_traffic,15
0.0200766086536585,0.0226766700715126,2.3099726140000003,4.946589469909668e-05,3.988199944,0.0099204251911627,2.821459686666666,0.1361151769943183,0.0075349085909908,0.0070782350064987,0.0156045116320163,0.0858403352446153,0.0695049818094186,0.0063517585621111,0.0563626367857142,0.0216940983829673,0.0127671073955,0.163276830381413,0.0834194058798913,3.02129077,0.4263537951571429,0.4201428549142857,0.0681648228078022,4.128714317142857,0.01239109039,0.2909243787714285,0.0174488864060439,0.4307484955766336,0.2143429006414285,3.982750013333334,0.2576615412666667,0.0038538465686749,0.0247530376152941,0.0389196660731111,100.0,100.0,100.0,100.0,33.33333333333333,100.0,33.33333333333333,100.0,100.0,100.0,100.0,100.0,100.0,100.0,100.0,100.0,100.0,100.0,100.0,0.0,100.0,100.0,100.0,0.0,0.0,100.0,100.0,100.0,100.0,45.45454545454545,100.0,100.0,100.0,100.0,low_traffic,16
0.0201125971118316,0.7565873866493346,2.6287764300000003,4.944205284118652e-05,3.972000016,0.1897955256496385,2.891760488,0.4100901318679008,0.0075349085909908,0.2432593449525081,0.0156045116320163,0.0970912774275,0.0678619705786734,0.0056811234415877,0.075902913307767,0.2405407233827703,0.771544981150106,0.1282903623361,0.1074240924655339,3.0196491400000003,0.4083551167916666,0.4025833208916667,0.0866019470931068,4.593999975,0.01066148281,0.3024852474083333,0.018021421520097,0.2133374777232727,0.1986237167941666,3.380555492344444,0.2972740331833333,0.1374491643412883,0.0244541263551999,1.6684259332419995,100.0,100.0,100.0,100.0,20.0,100.0,20.0,100.0,100.0,100.0,100.0,100.0,100.0,100.0,100.0,100.0,100.0,100.0,100.0,0.0,100.0,100.0,100.0,0.0,0.0,100.0,100.0,100.0,100.0,33.33333333333333,100.0,100.0,100.0,100.0,low_traffic,21
0.0204021509264651,0.0241879100192149,2.3008404325,5.07652759552002e-05,4.65499997,0.0125841010651818,3.0131719866666664,0.1242216939578336,0.007027286289475,0.0069741986772782,0.0166506230789,0.1437946690144444,0.0702822085394845,0.0074171877603731,0.3448229132572917,0.0168217362369922,0.0131450712646,0.1134948172269148,0.3716173889333333,3.0119419675,1.28874935908,1.9357272900272728,0.3550729252875,3.63524997,0.0186289946166666,0.6552136990566667,0.0179769500405434,0.3522979491030188,0.4832999433811111,4.13349997561,0.3056442737,0.0033628613332484,0.0228070947819047,0.0442689046578048,100.0,100.0,100.0,100.0,0.0,100.0,0.0,99.58592132505176,100.0,100.0,100.0,100.0,100.0,100.0,100.0,100.0,100.0,100.0,100.0,0.0,80.0,81.81818181818181,100.0,0.0,0.0,100.0,100.0,100.0,100.0,20.0,100.0,100.0,100.0,100.0,low_traffic,22
0.0159947803019806,0.0226147338603328,2.30881571,5.0121545791625975e-05,3.026166674216667,0.0086220817736792,2.48954033,0.1658651541364345,0.0087311123342121,0.0064100493401223,0.0195405555463636,0.0745539069059166,0.0688582189862921,0.0066391331273023,0.5825730408269663,0.0159499970828324,0.0156359417066785,0.1299351225824719,0.611049402367816,3.01390943,0.4094585775625,0.4062500893625,0.5929775177213484,4.235166691666667,0.0119555791166666,0.2919804751375,0.0176284758554945,0.5618973833888888,0.2281934320375,3.3048333495833333,0.32825052735,0.0060756349553819,0.0245079012444117,0.0403975212160606,100.0,100.0,100.0,100.0,50.0,100.0,60.0,99.78165938864628,100.0,100.0,100.0,100.0,100.0,100.0,100.0,100.0,100.0,100.0,100.0,0.0,100.0,100.0,100.0,0.0,0.0,100.0,100.0,100.0,100.0,50.0,100.0,100.0,100.0,100.0,low_traffic,23
0.019100990465799,0.0225345155431487,2.33024144,4.959702491760254e-05,2.50099992,0.03454661369,2.51411652,0.1341115641680515,0.0126740651953529,0.0065937018035828,0.0170766325518235,0.0880368622763636,0.0681651199482352,0.0063529671089855,0.0508817241924731,0.0169570777936033,0.0133318181987777,0.1226290869984042,0.0767094894187755,3.013422145714286,0.3524111183636363,0.3470908944727273,0.0623191290601063,4.555499973333333,0.0125966866766666,0.2581429047672727,0.017227503556129,0.4151300904402727,0.1715918301939999,3.378272725263636,0.26953446861,0.0039224326599189,0.0230392470475757,0.0394264873144898,100.0,100.0,100.0,100.0,100.0,100.0,100.0,99.7983870967742,100.0,100.0,100.0,100.0,100.0,100.0,100.0,100.0,100.0,100.0,100.0,0.0,100.0,100.0,100.0,0.0,0.0,100.0,100.0,100.0,100.0,36.36363636363637,100.0,100.0,100.0,100.0,low_traffic,24
0.0159148468651764,0.713457211817088,2.326439773333333,5.03242015838623e-05,2.892714251828572,0.473378656736717,2.446157293333333,0.5423858769436231,0.0083775709160099,0.304020484447651,0.0187458508686621,0.09237611293,0.0692279626924175,0.0085103753672173,0.0547272821779797,0.2906884210493429,1.181196972586805,0.1510884056056122,0.0805119592147959,3.0175157333333336,0.4232649369090909,0.4139091101181817,0.0653939439677777,4.024333285555555,0.01467498143,0.3175931843490909,0.0184060081479787,0.2254674928317117,0.2078055143108333,3.189153885846154,0.2984857558833333,0.1646463168418697,0.0250994527944117,1.3779581332877142,100.0,100.0,100.0,100.0,100.0,100.0,100.0,100.0,100.0,100.0,100.0,100.0,100.0,100.0,100.0,100.0,100.0,100.0,100.0,0.0,100.0,100.0,100.0,0.0,0.0,100.0,100.0,100.0,100.0,52.94117647058823,100.0,100.0,100.0,100.0,low_traffic,25
0.0200516935667632,0.0234086968480019,2.26430535,5.226731300354004e-05,4.736333340000001,0.0159595783294343,3.01696324,0.1665784551122059,0.0075349085909908,0.0074655671791647,0.0156045116320163,0.1219160159283333,0.0703556080964893,0.0065048786297461,0.5851683186108911,0.0160778700511696,0.0123475765665714,0.1373321857353191,0.6111774320735295,3.0118031466666664,0.4496159950333333,0.4818334181666666,0.5957623820653465,3.61333338,0.0100032488496666,0.3588713009666666,0.0176173163455434,0.5710905754548649,0.23524653905,3.647235273805882,0.2946051359,0.0036364698400022,0.02556034234,0.0426687598160714,100.0,100.0,100.0,100.0,0.0,100.0,0.0,99.41291585127202,100.0,100.0,100.0,100.0,100.0,100.0,100.0,100.0,100.0,100.0,100.0,0.0,100.0,100.0,100.0,0.0,0.0,100.0,100.0,100.0,100.0,35.294117647058826,100.0,100.0,100.0,100.0,low_traffic,26
0.0175804717688923,0.0247901977670965,2.148121591666667,4.970431327819824e-05,3.3852500275,0.0103831858814761,2.480778568333333,0.1175711045271806,0.0088433689523888,0.0259739565844713,0.0181031598633376,0.0846096634765,0.0669958246050345,0.0073024321048028,0.0451224515156666,0.0187509248562461,0.0887995210244215,0.098011730477027,0.064573727487687,3.0137881383333336,0.4583593290631579,0.455499994245,0.0556258571317687,4.221999968571429,0.011751890182,0.2706213473905,0.0166103501531081,0.1750048420534969,0.1743025898625,3.1290554701833333,0.2791163026625,0.0038644097876175,0.0221471433251851,0.0390407144973437,100.0,100.0,100.0,100.0,100.0,100.0,100.0,99.5702005730659,100.0,100.0,100.0,100.0,100.0,100.0,100.0,100.0,100.0,100.0,100.0,0.0,100.0,100.0,100.0,0.0,0.0,100.0,100.0,100.0,100.0,60.0,100.0,100.0,100.0,100.0,high_traffic,1
0.0159771200051803,0.0258631315567098,1.98268568185,4.991292953491211e-05,3.1967499800625,0.0123756918396551,3.007791514,0.1304812756622749,0.0075349085909908,0.0332403757317703,0.0156045116320163,0.0871554783328571,0.0675862761584892,0.0065949473206218,0.0739784206204316,0.0207745746300327,0.0889357597686153,0.1035542027541379,0.1030009453307299,3.0114160125,0.4341460123285713,0.4336666897133333,0.0846762708110071,3.566500005,0.01390600204,0.331400140034,0.0188679695081021,0.1789494194967532,0.2560529548726666,3.867230759161538,0.285365402625,0.0055105989618087,0.0234090379713513,0.0415188862673846,100.0,100.0,100.0,100.0,28.57142857142857,100.0,0.0,99.8522895125554,100.0,100.0,100.0,100.0,100.0,100.0,100.0,100.0,100.0,100.0,100.0,0.0,100.0,100.0,100.0,0.0,0.0,100.0,100.0,100.0,100.0,15.384615384615389,100.0,100.0,100.0,100.0,high_traffic,4
0.017419888913367,0.0249234734284078,2.33597469,4.888176918029785e-05,4.905833306666667,0.0092936693296423,2.8717985075,0.1096152063554943,0.00883478402965,0.0195247067992954,0.0171799727324964,0.0897262294991666,0.067003114369343,0.0079118188855736,0.0470583891259124,0.0160273592175066,0.1013193482141311,0.110840033114539,0.063828330829416,3.0186394,0.3441670337833333,0.3415833313833333,0.0582262773487591,3.930000016,0.016888618465,0.2474446838118181,0.0175454268447445,0.185157934784423,0.1549540432695454,3.0923333541083338,0.289666891,0.00392530219738,0.0230815112491666,0.0366078936796825,100.0,100.0,100.0,100.0,16.66666666666667,100.0,25.0,99.4269340974212,100.0,100.0,100.0,100.0,100.0,100.0,100.0,100.0,100.0,100.0,100.0,0.0,100.0,100.0,100.0,0.0,0.0,100.0,100.0,100.0,100.0,50.0,100.0,100.0,100.0,100.0,high_traffic,6
0.016088179596574,0.0248557517362488,1.88169721982,5.04612922668457e-05,3.36939997376,0.0091469998038936,2.531008355,0.1420015668359449,0.0074645144586428,0.0415328246985824,0.0181223903341857,0.0831561271861538,0.0665850019351333,0.0078817004236238,0.0441560322439219,0.0171181760408195,0.0990640984550892,0.1002439260338356,0.0618975128365714,3.010051866,0.3807920217071429,0.3726428576285714,0.0545531840930496,4.454000023333333,0.011492490766,0.2788643666142857,0.0178385829882,0.1739935253235151,0.2125994136864285,3.0484615070000007,0.3164758682,0.0059945713377239,0.0225802452608695,0.0387471771182666,100.0,100.0,100.0,100.0,50.0,100.0,50.0,99.8502994011976,100.0,100.0,100.0,100.0,100.0,100.0,100.0,100.0,100.0,100.0,100.0,0.0,100.0,100.0,100.0,0.0,0.0,100.0,100.0,100.0,100.0,38.46153846153846,100.0,100.0,100.0,100.0,high_traffic,7
0.0166989967486754,0.0253229392861949,2.96193552,6.008744239807129e-05,3.638000005,0.0110129614662499,3.004626685,0.1248202409240665,0.0081331794313873,0.0059345119572838,0.0177322391274242,0.0667218039958823,0.0674550600814184,0.0065130320452344,0.3310784264248366,0.0170342029019697,0.0128366162873552,0.1330686687378523,0.3526593921104575,3.012865584,0.3239868387941176,0.3207058765882353,0.3419999903915032,3.5676000079999994,0.0113247632925,0.2275881205723529,0.0182922596584397,0.3448307257697023,0.1577261756088235,3.3017059311705887,0.3098740577,0.0049780837264658,0.0215796452951851,0.0397353211993333,100.0,100.0,100.0,100.0,0.0,100.0,0.0,99.70370370370372,100.0,100.0,100.0,100.0,100.0,100.0,100.0,100.0,100.0,100.0,100.0,0.0,100.0,100.0,100.0,0.0,0.0,100.0,100.0,100.0,100.0,47.05882352941177,100.0,100.0,100.0,100.0,high_traffic,13
0.0178725681339787,1.0284656289720873,2.2995672528571425,5.867481231689453e-05,3.560000034,0.9516513623657762,3.01138167,0.6285811978455045,0.011188082832897,0.4196795439560619,0.0206189531976973,0.0894976854175,0.0666533180515714,0.0074127506948969,0.0706953033682812,0.3947168453360696,0.6071629341819295,0.1155379712324218,0.0972915453342635,3.0118562100000004,0.464256048175,0.7709473305736841,0.0818515568830468,3.5639999885714286,0.019361853595,0.367572843975,0.0197967024973381,0.1987153049541258,0.2077113389525,3.515875009825,0.290236204825,0.2574815661919599,0.0229052413554545,2.0417625465904345,100.0,100.0,100.0,100.0,0.0,100.0,0.0,99.68051118210865,100.0,100.0,100.0,100.0,100.0,100.0,100.0,100.0,100.0,100.0,100.0,0.0,100.0,100.0,100.0,0.0,0.0,100.0,100.0,100.0,100.0,25.0,100.0,100.0,100.0,100.0,high_traffic,14
0.0191338158255033,0.023689001300796,2.30250517,4.887580871582031e-05,3.55349993,0.0087949975568032,3.00475692,0.1741711307185154,0.009100329640647,0.0059883242836225,0.0173915345581985,0.0999242417894117,0.066357067879375,0.0058567149958284,0.5767481356925926,0.0148477667558945,0.0140226311123333,0.0969069815183333,0.5994116369948149,3.012763461428571,0.4354426999411764,0.4322352826941176,0.5876518596696295,4.057399936,0.0117309888179999,0.33130610628,0.0172375922461702,0.5544075516076,0.1973822677447059,3.4698571427857146,0.2822585105428571,0.0034786216131625,0.0233893063272222,0.0365347862204166,100.0,100.0,100.0,100.0,0.0,100.0,0.0,99.6923076923077,100.0,100.0,100.0,100.0,100.0,100.0,100.0,100.0,100.0,100.0,100.0,0.0,100.0,100.0,100.0,0.0,0.0,100.0,100.0,100.0,100.0,42.85714285714285,100.0,100.0,100.0,100.0,high_traffic,15
0.0159850531269662,0.9024821500038096,2.3037428416666668,4.976391792297363e-05,2.8906250209,0.5691375057482052,2.4410033966666664,0.4822599351077712,0.0120162963854545,0.2892539265704288,0.0209396969142727,0.0919261628790909,0.0683128016231428,0.005655214785675,0.0745211268403521,0.2769753891780424,0.5703776453478262,0.0976074082355,0.1030823915064084,3.017875965,0.4838507821,0.4700000133812499,0.0855633775744366,4.156571374285714,0.014025688165,0.313574060325,0.0165392405808823,0.1809339264584076,0.234731137596875,3.028909114827273,0.30621841545,0.4199980039210869,0.0256134986832,1.383072457741778,100.0,100.0,100.0,100.0,100.0,100.0,100.0,99.70104633781764,100.0,100.0,100.0,100.0,100.0,100.0,100.0,100.0,100.0,100.0,100.0,0.0,100.0,100.0,100.0,0.0,0.0,100.0,100.0,100.0,100.0,45.45454545454545,100.0,100.0,100.0,100.0,high_traffic,16
0.0161234399068085,0.0262290972898819,2.0244461761285715,0.000136578083029,4.29833336,0.0097927252445454,3.006987472,0.1875261398604236,0.0094285442699428,0.006688368635618,0.0174662057464014,0.0760358742157142,0.0666529638334285,0.00892799734922,0.0472887368184507,0.0173960464276756,0.0166719555812272,0.0976987702302142,0.0681264366302142,3.011554577142857,0.3628493035928571,0.3575714144928572,0.0580281640335915,3.929999952727272,0.01311397552,0.2600922073071428,0.0178917209825352,0.6221612748575641,0.1780009609864286,3.3158636500909093,0.3564318418,0.0068330808106661,0.0245879411675,0.0380856409246341,100.0,100.0,100.0,100.0,0.0,100.0,0.0,100.0,100.0,100.0,100.0,100.0,100.0,100.0,100.0,100.0,100.0,100.0,100.0,0.0,100.0,100.0,100.0,0.0,0.0,100.0,100.0,100.0,100.0,31.818181818181813,100.0,100.0,100.0,100.0,high_traffic,21
0.0164979640608,0.0256705482757956,2.288547274,5.036592483520508e-05,2.409599968,0.0086280164248285,2.41488094,0.1196793879255761,0.00799033880095,0.005814418613304,0.0170238795452898,0.0801891719494117,0.0678401076045139,0.0068505733603921,0.3273356107082191,0.0158898889848661,0.0115336605456874,0.1011988884746527,0.348993791189041,3.0174493740000004,0.3615589508230769,0.3534615589538461,0.3379452081013698,4.54174999,0.0116837024653333,0.2579700579692308,0.01875467990125,0.3313147043786956,0.1861490285938461,3.0419999788538465,0.28357205384,0.0040879422956957,0.0229302815014285,0.0365960659079487,100.0,100.0,100.0,100.0,100.0,100.0,100.0,100.0,100.0,100.0,100.0,100.0,100.0,100.0,100.0,100.0,100.0,100.0,100.0,0.0,100.0,100.0,100.0,0.0,0.0,100.0,100.0,100.0,100.0,61.53846153846154,100.0,100.0,100.0,100.0,high_traffic,22
0.0177723290776114,0.0239597237470182,2.30424014,5.0061941146850585e-05,3.17319992932,0.0089149830168085,2.4063401166666667,0.1360874732626892,0.0089085674273333,0.0060162431225291,0.0179968198098133,0.1296200752129999,0.0681717859269444,0.0062348219609045,0.0538489132383453,0.0194491558096593,0.0119885748057272,0.0965895721277697,0.0816777661387769,3.014769256666667,0.38762073513,0.38430001731,0.0648273323828777,3.577499865,0.0141155123675,0.291238617848,0.0163222249080281,0.3923750499128758,0.167156839335,3.239111102077778,0.2620944181666667,0.0043191823077199,0.0232380827204166,0.0370213143917647,100.0,100.0,100.0,100.0,100.0,100.0,100.0,99.84825493171472,100.0,100.0,100.0,100.0,100.0,100.0,100.0,100.0,100.0,100.0,100.0,0.0,100.0,100.0,100.0,0.0,0.0,100.0,100.0,100.0,100.0,50.0,100.0,100.0,100.0,100.0,high_traffic,23
0.0159444171565016,0.0266400531429314,1.80417376495,4.981160163879395e-05,3.348444456755556,0.0137266053081111,2.540984217342857,0.1894311113793204,0.0078397181197114,0.0063241259136708,0.018516888352726,0.07966133951125,0.06754426279,0.0085075643055837,0.0479109597464383,0.0203341520445706,0.0139229601050909,0.0957515543605369,0.0723377571504081,3.015047306,0.482377901475,0.480187549625,0.0590616529826712,3.970818167272728,0.0104654431305,0.31737613628125,0.0185119161631543,0.6229961409191948,0.22250908607,3.405809512585714,0.2774018764,0.0034586574335133,0.0234638916072222,0.0396967567454687,100.0,100.0,100.0,100.0,44.44444444444444,100.0,42.85714285714285,99.5744680851064,100.0,100.0,100.0,100.0,100.0,100.0,100.0,100.0,100.0,100.0,100.0,0.0,100.0,100.0,100.0,0.0,0.0,100.0,100.0,100.0,100.0,38.095238095238095,100.0,100.0,100.0,100.0,high_traffic,24
0.0153942948184228,0.0274959206535849,1.803763923275,5.3894519805908206e-05,2.83679996635,0.0099432903353986,2.0752420377444443,0.1738810220222057,0.0075349085909908,0.0067140161428601,0.0156045116320163,0.0838787396657333,0.0672794365955395,0.0062430217997676,0.5717536220746376,0.0177639444238418,0.01244441508906,0.1197481068816666,0.5936409392482015,3.01895298875,0.350705550223077,0.3264999985125,0.5825507133507246,3.58062493375,0.01569485664,0.238817885475,0.0190381758305147,0.5536570930598694,0.170500442349375,2.732947344952632,0.2759912694714285,0.0040533889412825,0.0220258424142105,0.0436772062157692,100.0,100.0,100.0,100.0,70.0,100.0,77.77777777777777,100.0,100.0,100.0,100.0,100.0,100.0,100.0,100.0,100.0,100.0,100.0,100.0,0.0,100.0,100.0,100.0,0.0,0.0,100.0,100.0,100.0,100.0,57.89473684210526,100.0,100.0,100.0,100.0,high_traffic,25
0.0156345999624281,0.0271595775060336,1.802614507625,5.695223808288574e-05,3.527666643333333,0.0120933055854827,3.003411846666667,0.1386995282961158,0.0076482148284247,0.0065388890044626,0.0163985606806548,0.0977844541609091,0.0672181569513986,0.0083738588577669,0.0516666535076515,0.0221902097885309,0.0152354089489367,0.1101292616780141,0.0729049901320548,3.011103685,0.35804200168,0.3569091015999999,0.0620833255949242,3.9718571357142856,0.015359640118,0.250659227330909,0.01929410186993,0.4035804164805063,0.1802943388226666,3.139047607980952,0.31127154825,0.004218274895383,0.0221315479224,0.0425452253030434,100.0,100.0,100.0,100.0,0.0,100.0,0.0,99.70193740685544,100.0,100.0,100.0,100.0,100.0,100.0,100.0,100.0,100.0,100.0,100.0,0.0,100.0,100.0,100.0,0.0,0.0,100.0,100.0,100.0,100.0,40.0,100.0,100.0,100.0,100.0,high_traffic,26
0.0166608087542675,0.0214038470660206,1.682459705,4.5293569564819335e-05,5.79500005,0.0094177088576146,3.01777585,0.1666521258884289,0.0126411097374714,0.0513777535959368,0.0185589892483714,0.1728376547433333,0.0707940748635714,0.0079600932627959,0.0588939334315151,0.0171601330024637,0.1473703009644666,0.1221730395156579,0.0811198227178787,3.01551878,0.5822306473666666,0.5839999516333334,0.0689696868142424,4.767800088,0.018401503555,0.3951252300999999,0.0183040618858571,0.1990675351309638,0.2204764683666666,4.865000005783334,0.3568677902,0.0024059833358093,0.0241211141825,0.043623304362,100.0,100.0,100.0,100.0,0.0,100.0,0.0,99.47368421052632,100.0,100.0,100.0,100.0,100.0,100.0,100.0,100.0,100.0,100.0,100.0,0.0,100.0,100.0,100.0,0.0,0.0,100.0,100.0,100.0,100.0,16.66666666666667,100.0,100.0,100.0,100.0,temporal1,2
0.0167794574469576,0.0219033809775852,2.38046145,4.438161849975586e-05,2.6470000709,0.0094824766696949,2.49859094,0.2704332468071962,0.009205067028129,0.0071846130663893,0.0217590672585595,0.1284658114,0.0677266299645,0.0054041157410683,1.0832345616049384,0.0160107814268447,0.0202290408184177,0.0994336235980952,1.1074103813095235,3.0118212170000005,0.4505606491833333,0.44050002095,1.0931234519753088,3.7144285914285713,0.01673396428,0.3416088819,0.0182840213502439,1.0107816096912223,0.2262867092625,3.3574210426473683,0.5589728355,0.0042907899728949,0.0244677199216666,0.0458449787506666,100.0,100.0,100.0,100.0,33.33333333333333,100.0,33.33333333333333,99.76689976689975,100.0,100.0,100.0,100.0,100.0,100.0,100.0,100.0,100.0,100.0,100.0,0.0,100.0,100.0,100.0,0.0,0.0,100.0,100.0,100.0,100.0,47.36842105263158,100.0,100.0,100.0,100.0,temporal1,3
0.0166030881470833,2.0534500176100856,2.0889042716428574,4.857778549194336e-05,2.4992500516375,1.5865648472544471,2.1720362698,1.0177148314336026,0.008961360269723,0.782842110371642,0.0233094618243953,0.1973085231621428,0.0674500890365891,0.0059082257683515,0.0896744228404651,0.7352210326774509,1.4450128348217233,0.1105228671545736,0.11752949084375,3.0214250066666666,0.4660014079785714,0.461928588442857,0.0993023213783721,4.109428604285715,0.01704025268,0.3726673463085714,0.0169373789094193,0.2135472745741258,0.1777057817721428,3.5983571442071427,0.3071341514125,0.8694859449259605,0.026599002600909,2.862909083656316,100.0,100.0,100.0,100.0,100.0,100.0,100.0,99.68203497615262,100.0,100.0,100.0,100.0,100.0,100.0,100.0,100.0,97.87234042553192,100.0,100.0,0.0,100.0,100.0,100.0,0.0,0.0,100.0,100.0,100.0,100.0,52.38095238095238,100.0,100.0,100.0,98.24561403508773,temporal1,7
0.0168230501428988,0.0271385943596914,2.29229426,5.2809715270996094e-05,4.03160004,0.0090728832060532,3.024895785,0.3386041883091331,0.0104359106783417,0.0065461088589313,0.0190537010541359,0.0836540460504545,0.0660185741886432,0.005729770659462,0.0610299956687,0.0248337583598053,0.0165928006142236,0.1498307588098985,0.0895013677882499,3.0126183930000003,0.4840363856166667,0.7772608835913044,0.07074501036365,4.024333365555555,0.01691651344,0.30117174694,0.0189357720844102,1.0762662453778828,0.2098811322790909,3.547192275638461,0.2964928546833333,0.0062460130243726,0.0247613588903333,0.043884541672826,100.0,100.0,100.0,100.0,0.0,100.0,0.0,100.0,100.0,100.0,100.0,100.0,100.0,100.0,100.0,100.0,100.0,100.0,100.0,0.0,100.0,100.0,100.0,0.0,0.0,100.0,100.0,100.0,100.0,42.85714285714285,100.0,100.0,100.0,100.0,temporal1,8
0.0165515683003763,0.0215560847152865,2.97942566,4.458427429199219e-05,3.691999986666667,0.0086267209433852,3.021859995,0.194143636223519,0.0108568609482222,0.0720621039896987,0.0188413696485061,0.1163749217709999,0.0700334600395945,0.0067904760236037,0.0554266865956,0.0144642316079791,0.2448973717331549,0.0928482655981481,0.0779424357895945,3.020139371666667,0.4057098301454545,0.4393999575799999,0.0657733185952,4.126285751428571,0.02414989471,0.3348577022,0.0198335245389156,0.1746479417795122,0.2166662215519999,3.834090880090909,0.3011932373,0.0042025794576217,0.0245175702189285,0.0455501224,100.0,100.0,100.0,100.0,0.0,100.0,0.0,99.50738916256158,100.0,100.0,100.0,100.0,100.0,100.0,100.0,100.0,100.0,100.0,100.0,0.0,100.0,100.0,100.0,0.0,0.0,100.0,100.0,100.0,100.0,18.181818181818187,100.0,100.0,100.0,100.0,temporal2,2
0.0169002808691807,0.0225410443197236,2.30258822,3.934502601623535e-05,2.993857172028572,0.0094156231170142,2.4026494575,0.3128378245286517,0.0101433941643297,0.0072024211921234,0.0204324093447252,0.085359549519,0.0689198184696703,0.0056587350891641,0.0547582579061538,0.0275717456442109,0.0218906250366808,0.1296732425525274,0.0729028410264444,3.02681622,0.381771326,0.37850000853,0.0655934024503296,3.6479999375,0.0188053250275,0.291096925671,0.0179496871054444,1.0863279734700988,0.215975594466,3.14849996113,0.305075108925,0.0061343765248176,0.0240202971810204,0.0483096667653571,100.0,100.0,100.0,100.0,57.142857142857146,100.0,66.66666666666666,99.56803455723542,100.0,100.0,100.0,100.0,100.0,100.0,100.0,100.0,100.0,100.0,100.0,0.0,100.0,100.0,100.0,0.0,0.0,100.0,100.0,100.0,100.0,60.0,100.0,100.0,100.0,100.0,temporal2,3
0.0168024824951282,0.023800777985342,2.275923964,4.360675811767578e-05,2.577571492,0.0105860515053727,2.397560736,0.2917231126249814,0.0095467281997887,0.0066153715238638,0.0224809418771656,0.0854746368072222,0.0659555801118309,0.0062716336833179,1.0768911601360545,0.0183714562775298,0.0168931273817549,0.1516739087452482,1.0995960720134228,3.0165245740000004,0.3400046559999999,0.3399999803555555,1.0873265293877552,3.6356666673333335,0.0175204277,0.2438483938852941,0.0176987097767832,1.00471916135546,0.1552725539199999,3.279555567938889,0.2776642526285715,0.0042377667756017,0.0247973857345161,0.0410768040243103,100.0,100.0,100.0,100.0,100.0,100.0,100.0,99.85754985754986,100.0,100.0,100.0,100.0,100.0,100.0,100.0,100.0,100.0,100.0,100.0,0.0,100.0,100.0,100.0,0.0,0.0,100.0,100.0,100.0,100.0,50.0,100.0,100.0,100.0,100.0,temporal2,7
0.0190767441523474,0.6672538186439686,1.675746195,5.1635503768920896e-05,3.895999902,0.3483837337715729,3.016663116,0.6835148391386405,0.0445363913165176,0.3932074527332372,0.0207785453078571,0.1029044091587499,0.0681726251211904,0.0075572056139596,0.0616941171441176,0.3778783285827858,0.5180311394689506,0.12742630732,0.0857729967727058,3.007159601428571,0.4338446259125,0.4287500381,0.0719176348370588,4.516499867499999,0.02488279342,0.3278326689624999,0.0169639424805681,0.2030524471580851,0.21295225616875,3.7555384604461537,0.3056060472666667,0.2442275353440735,0.0246069815796774,0.668636586205641,100.0,100.0,100.0,100.0,0.0,100.0,0.0,99.77324263038548,100.0,100.0,100.0,100.0,100.0,100.0,100.0,100.0,100.0,100.0,100.0,0.0,100.0,100.0,100.0,0.0,0.0,100.0,100.0,100.0,100.0,20.0,100.0,100.0,100.0,100.0,temporal2,8
