latency#SimpleSystemsManagement_AWS::SimpleSystemsManagement,latency#petlistadoptions_AWS::ECS::Fargate,latency#lambda_step_priceLessThan55,latency#petlistadoptions_client,latency#lambda_step_priceLessThan55_AWS::Lambda,latency#Servi-searc.us-west-2.elb.amazonaws.com_remote,latency#lambda_step_priceLessThan55_AWS::Lambda::Function,latency#PetSite,latency#https://sqs.us-west-2.amazonaws.com/Services-sqspetadoption_AWS::SQS::Queue,latency#PetSearch_AWS::ECS::Fargate,latency#SimpleNotificationService_AWS::SimpleNotificationService,latency#DynamoDB_AWS::DynamoDB,latency#amazon.com_remote,latency#adoptions@services-database.us-west-2.rds.amazonaws.com_Database::SQL,latency#lambdastatusupdater_AWS::Lambda,latency#petInfo_AWS::DynamoDB::Table,latency#servi-searc.us-west-2.elb.amazonaws.com_remote,latency#www.amazon.com_remote,latency#lambdastatusupdater_AWS::Lambda::Function,latency#lambda_step_priceGreaterThan55_AWS::Lambda::Function,latency#lambda_step_readDDB_AWS::Lambda::Function,latency#lambda_step_readDDB_AWS::Lambda,latency#PetAdoptionStatusUpdater/prod_AWS::ApiGateway::Stage,latency#lambda_step_priceGreaterThan55_AWS::Lambda,latency#servi-petsi.us-west-2.elb.amazonaws.com_remote,latency#lambda_step_readDDB,latency#PGSQL Query_remote,latency#payforadoption_AWS::ECS::Container,latency#SSM_AWS::SSM,latency#AWS::StepFunctions::StateMachine,latency#Evidently_AWS::Evidently,latency#PetSearch_client,latency#AWSSimpleSystemsManagement_AWS::AWSSimpleSystemsManagement,latency#servi-lista.us-west-2.elb.amazonaws.com_remote,availability#SimpleSystemsManagement_AWS::SimpleSystemsManagement,availability#petlistadoptions_AWS::ECS::Fargate,availability#lambda_step_priceLessThan55,availability#petlistadoptions_client,availability#lambda_step_priceLessThan55_AWS::Lambda,availability#Servi-searc.us-west-2.elb.amazonaws.com_remote,availability#lambda_step_priceLessThan55_AWS::Lambda::Function,availability#PetSite,availability#https://sqs.us-west-2.amazonaws.com/Services-sqspetadoption_AWS::SQS::Queue,availability#PetSearch_AWS::ECS::Fargate,availability#SimpleNotificationService_AWS::SimpleNotificationService,availability#DynamoDB_AWS::DynamoDB,availability#amazon.com_remote,availability#adoptions@services-database.us-west-2.rds.amazonaws.com_Database::SQL,availability#lambdastatusupdater_AWS::Lambda,availability#petInfo_AWS::DynamoDB::Table,availability#servi-searc.us-west-2.elb.amazonaws.com_remote,availability#www.amazon.com_remote,availability#lambdastatusupdater_AWS::Lambda::Function,availability#lambda_step_priceGreaterThan55_AWS::Lambda::Function,availability#lambda_step_readDDB_AWS::Lambda::Function,availability#lambda_step_readDDB_AWS::Lambda,availability#PetAdoptionStatusUpdater/prod_AWS::ApiGateway::Stage,availability#lambda_step_priceGreaterThan55_AWS::Lambda,availability#servi-petsi.us-west-2.elb.amazonaws.com_remote,availability#lambda_step_readDDB,availability#PGSQL Query_remote,availability#payforadoption_AWS::ECS::Container,availability#SSM_AWS::SSM,availability#AWS::StepFunctions::StateMachine,availability#Evidently_AWS::Evidently,availability#PetSearch_client,availability#AWSSimpleSystemsManagement_AWS::AWSSimpleSystemsManagement,availability#servi-lista.us-west-2.elb.amazonaws.com_remote,traffic,issue
0.0163279782705504,0.0251392126052254,2.3327431633333333,4.453659057617188e-05,2.44666679,0.009132112775,2.448979533333333,0.0936207616201111,0.0090917298117127,0.0075268159435681,0.0215880033762765,0.1360331943785714,0.0672541374746808,0.0037420116248208,0.0500638256599999,0.0129168612968991,0.0122865890598965,0.1236849312796808,0.0763439751552127,3.01456014,0.4526579379714285,0.4488571711285714,0.0603616947730851,3.60399993,0.01213312149,0.3397691249285714,0.0186924071975531,0.19682545154,0.2011439459399999,3.4322857144142853,0.2408410707666666,0.002804698943038,0.0247946891152173,0.0424001923266666,100.0,100.0,100.0,100.0,100.0,100.0,100.0,100.0,100.0,100.0,100.0,100.0,100.0,100.0,100.0,100.0,100.0,100.0,100.0,0.0,100.0,100.0,100.0,0.0,0.0,100.0,100.0,100.0,100.0,57.142857142857146,100.0,100.0,100.0,100.0,low_traffic,0
0.0169745786396982,0.0242649984662574,1.3850580021666667,4.4864416122436526e-05,2.169250008225,0.005974292754,2.037210161325,0.0903627086993654,0.0110103021727722,0.0066317937516106,0.0199581018714851,0.064793695098,0.0621612449566336,0.0036685060941631,0.0486732733029703,0.0155293259534028,0.0112184683456,0.1113412450688118,0.0724440966375247,3.0088664633333333,0.3862945166090909,0.3790000784909091,0.0588811789315841,3.56566675,0.01164197921,0.2857581051454546,0.0177734818748514,0.1799082970463964,0.211017847020909,2.494454511154545,0.3550580342333334,0.0027609777439721,0.0229258493066666,0.0386100133216666,100.0,100.0,100.0,100.0,75.0,100.0,75.0,99.80276134122288,100.0,100.0,100.0,100.0,100.0,100.0,100.0,100.0,100.0,100.0,100.0,0.0,100.0,100.0,100.0,0.0,0.0,100.0,100.0,100.0,100.0,63.63636363636363,100.0,100.0,100.0,100.0,low_traffic,0
0.0161671005680094,0.0221767727977068,1.0463558820333334,4.876852035522461e-05,1.1956666304,0.0097363928081304,1.201801932566667,0.0870362716668768,0.0075349085909908,0.0059417500718875,0.0156045116320163,0.1078100999,0.0660101682495744,0.0037733387584552,0.0607766039715957,0.0136467700104294,0.0150388191452586,0.1114563510539361,0.0897694445515957,3.01265239,0.451740543,0.447666645,0.0711914833421276,3.56399989,0.0204406579299999,0.3332592248333333,0.0173680021360638,0.1860551306393269,0.2209708690066667,2.013833399616667,0.2801084518,0.0031272361147055,0.0227423429453333,0.0411660250452941,100.0,100.0,100.0,100.0,100.0,100.0,100.0,100.0,100.0,100.0,100.0,100.0,100.0,100.0,100.0,100.0,100.0,100.0,100.0,0.0,100.0,100.0,100.0,0.0,0.0,100.0,100.0,100.0,100.0,83.33333333333333,100.0,100.0,100.0,100.0,low_traffic,0
0.0156044440353846,0.0223182331399653,1.90251398,4.469476095060023e-05,3.92474999625,0.0153418214642631,2.827194718571429,0.0909451449070313,0.0095046805382941,0.005722580905471,0.0180300824738235,0.0964854756858333,0.0644554039887254,0.0040254710418239,0.0526666664508823,0.0150189841309336,0.012425382083851,0.1242379090013725,0.0766077438836274,3.01363261,0.3602845469583333,0.3519999582999999,0.0631764823211764,3.5816667,0.013244032855,0.2499498327074999,0.0171409845306862,0.1942267907121428,0.1454669832883333,3.731250003275,0.3104091881999999,0.0032612155457679,0.0215627605227272,0.0399234890883333,100.0,100.0,100.0,100.0,25.0,100.0,28.57142857142857,100.0,100.0,100.0,100.0,100.0,100.0,100.0,100.0,100.0,100.0,100.0,100.0,0.0,100.0,100.0,100.0,0.0,0.0,100.0,100.0,100.0,100.0,33.33333333333333,100.0,100.0,100.0,100.0,low_traffic,0
0.0159671650238288,0.0244900426410295,0.2608616352,4.6759843826293945e-05,3.603666693333333,0.0108429017576065,3.021519256666666,0.0975561567725544,0.007412753998125,0.0062931066168902,0.0195477058444791,0.0732682347183333,0.0648418068789583,0.0043773651116714,0.0462708522814583,0.0111377790480915,0.0129596974134464,0.1558659324661458,0.0629323596677083,3.0161972,0.37803626055,0.3795833388416667,0.0571041653472916,3.5694999625,0.0126119454633333,0.2852117021416666,0.0183912565267708,0.2226821633640566,0.2084776162724999,2.81924996535,0.06625008583,0.0025239753713619,0.0264646530065714,0.04511164796,100.0,100.0,100.0,100.0,0.0,100.0,0.0,100.0,100.0,100.0,100.0,100.0,100.0,98.57142857142856,100.0,100.0,100.0,100.0,100.0,0.0,100.0,100.0,100.0,0.0,0.0,100.0,100.0,100.0,100.0,41.66666666666666,100.0,100.0,100.0,100.0,low_traffic,0
0.0168759660251363,0.0224548367859578,2.36770296,5.109906196594238e-05,4.220333253333333,0.0129916416936842,2.8381480300000006,0.0946093291567846,0.0079454773340631,0.0061142429471462,0.0195055961557894,0.0928623676228571,0.063083513150421,0.0045600202340074,0.0449894829730526,0.0139332676367808,0.0167345437702916,0.137650477220421,0.0592904910370833,3.0207155925,0.3431194424,0.4405715124571428,0.0559157722797894,3.5587499675000003,0.01592087745,0.2835406575428571,0.0175351301783333,0.2050547667500952,0.1865784781014285,4.0746250108375,0.264059782,0.0048310804356829,0.022440767285,0.0403631704785185,100.0,100.0,100.0,100.0,33.33333333333333,100.0,33.33333333333333,99.58592132505176,100.0,100.0,100.0,100.0,100.0,100.0,100.0,100.0,100.0,100.0,100.0,0.0,100.0,100.0,100.0,0.0,0.0,100.0,100.0,100.0,100.0,25.0,100.0,100.0,100.0,100.0,low_traffic,0
0.0166666418060902,0.0268265096539748,0.2608616352,5.2416324615478514e-05,4.344714284285714,0.0094814896525833,3.0045682533333333,0.1002202551481557,0.0178782501423218,0.0093357300736585,0.0190278990473563,0.066992902752,0.0631823887278125,0.0036481759122205,0.0531770810383333,0.0142048990952915,0.0260856789542253,0.1387820318049999,0.0783699099421649,3.01513367625,0.3443374156466666,0.3434666792,0.0636145820107291,3.5872499600000003,0.0170972347175,0.2508921304866666,0.0178950230239583,0.2063422967389622,0.1821532884953333,4.240933350853334,0.06625008583,0.0093554685675368,0.0204794504187755,0.0436847540988888,100.0,100.0,100.0,100.0,0.0,100.0,0.0,97.3360655737705,100.0,97.125,100.0,100.0,100.0,100.0,100.0,100.0,94.3661971830986,100.0,100.0,0.0,100.0,100.0,100.0,0.0,0.0,100.0,100.0,100.0,100.0,6.666666666666671,100.0,94.33962264150944,100.0,100.0,low_traffic,0
0.0155997231909302,0.0219459180445973,1.7602148975400005,4.329681396484375e-05,3.681777818011112,0.0101638436307142,2.47799008505,0.0945512815684185,0.0075349085909908,0.0064708635879394,0.0156045116320163,0.0783140999878571,0.0687178931264893,0.003917859560791,0.0424467933874468,0.0135690993183218,0.0167981807967692,0.1514432582028723,0.0614674116645744,3.004222768,0.7010864858000001,0.71220000484,0.0530425563718085,4.784285665714286,0.01600694656,0.33668782015,0.0166869389338947,0.2230876477411538,0.2395005730692857,4.636214268571429,0.2654883861,0.0036842203130473,0.0247916459985,0.0388797857771794,100.0,100.0,100.0,100.0,44.44444444444444,100.0,50.0,100.0,100.0,100.0,100.0,100.0,100.0,100.0,100.0,100.0,100.0,100.0,100.0,0.0,92.85714285714286,93.33333333333331,100.0,0.0,0.0,100.0,100.0,100.0,100.0,28.57142857142857,100.0,100.0,100.0,100.0,low_traffic,0
0.0198187574635265,0.0212255599773308,1.7383914960428573,4.492998123168945e-05,1.841428582585714,0.0080309356947142,1.8538008371714283,0.101454253910334,0.0075349085909908,0.0063678577471854,0.0156045116320163,0.0939290722108333,0.0640201850487096,0.0041032769619323,0.0468817192952688,0.0124712046126785,0.0176812701726222,0.163928301057957,0.0635367234436559,3.00435733,0.592798133175,0.8306667206,0.0579247346392473,3.5150001,0.02330303192,0.420784830725,0.0168749978425806,0.2298946796569902,0.3126245137325,2.558000004883334,0.2403026648428571,0.004017515181703,0.0223289728121428,0.0410400503494736,100.0,100.0,100.0,100.0,100.0,100.0,100.0,100.0,100.0,100.0,100.0,100.0,100.0,100.0,100.0,100.0,100.0,100.0,100.0,0.0,91.66666666666669,91.66666666666669,100.0,0.0,0.0,100.0,100.0,100.0,100.0,83.33333333333333,100.0,100.0,100.0,100.0,low_traffic,0
0.0164256746087272,0.0216415087346042,1.3175362313,4.5698881149292e-05,1.955749985125,0.0085819256605128,1.8255196174,0.0905276401046584,0.0105378552470631,0.0062796344575496,0.0196817272545263,0.0635004895021428,0.0678474225386315,0.0039612964342444,0.0566105265236842,0.0162423836293265,0.0122522115678928,0.1063305528326315,0.0808987441682105,3.022733366666667,0.3253227642071429,0.3184999908142857,0.0670631383468421,3.5820000133333334,0.0124090512533333,0.2266488585657143,0.0172148528806315,0.182818539899238,0.1584895338071428,2.584071375828572,0.2478260198833333,0.0026167126792157,0.02169249653375,0.0361109452320512,100.0,100.0,100.0,100.0,75.0,100.0,75.0,100.0,100.0,100.0,100.0,100.0,100.0,100.0,100.0,100.0,100.0,100.0,100.0,0.0,100.0,100.0,100.0,0.0,0.0,100.0,100.0,100.0,100.0,64.28571428571428,100.0,100.0,100.0,100.0,low_traffic,0
0.0156861218501913,0.0209207872816102,1.04017877235,4.785656929016113e-05,2.3926666551,0.0069331169112999,2.223209059733333,0.093069014790744,0.05164945125,0.0058293218885295,0.031036019325,0.095345735545,0.0647546804391304,0.0038391207197878,0.0400108643154347,0.0103284578820474,0.0129616345645,0.1586431705032608,0.0584682684598901,3.005744213333333,0.3700274626,0.361000001375,0.0505978283620652,3.564666743333333,0.0156610012,0.2595458328125,0.0173297410277659,0.223460141312549,0.155174404345,2.721999985766667,0.3888995647,0.0052103853213137,0.0223318229987878,0.0371230939975,100.0,100.0,100.0,100.0,66.66666666666666,100.0,66.66666666666666,98.32985386221294,100.0,100.0,100.0,100.0,100.0,100.0,100.0,100.0,100.0,100.0,100.0,0.0,100.0,100.0,100.0,0.0,0.0,100.0,100.0,100.0,100.0,55.55555555555556,100.0,100.0,100.0,100.0,low_traffic,0
0.0181810613955555,0.0223938110140424,2.418748516,4.6879053115844727e-05,3.133833323333333,0.0109608241476285,2.60964707,0.094986677649852,0.0075349085909908,0.0060998669735899,0.0156045116320163,0.0749430235629411,0.0614500481508602,0.0041383746863909,0.0437526933546236,0.0116088416694582,0.0146384884887708,0.1331839996988172,0.0644527609539784,3.0127104285714283,0.3160688315705882,0.3122941044823529,0.0546021461407526,4.11337496375,0.01230311393,0.2223213560052941,0.0188140894732258,0.2006217784913592,0.1437153395188235,3.401647073270588,0.28017559046,0.0061140012733219,0.0242523193339999,0.0419291451869767,100.0,100.0,100.0,100.0,83.33333333333333,100.0,83.33333333333333,100.0,100.0,100.0,100.0,100.0,100.0,100.0,100.0,100.0,100.0,100.0,100.0,0.0,100.0,100.0,100.0,0.0,0.0,100.0,100.0,100.0,100.0,52.94117647058823,100.0,100.0,100.0,100.0,low_traffic,0
0.017340600219417,0.0221478351618482,1.3342205262000002,4.565119743347168e-05,1.45750009955,0.0087685077717021,1.47094988325,0.0928410641719775,0.0088425154476145,0.0058096667556416,0.0204291517491666,0.1310988266983333,0.0643022159635416,0.00401960900275,0.0488541622882291,0.0135734870534212,0.0150296437087368,0.1365050797373958,0.0767524068420833,3.0087861166666663,0.4543215830666667,0.4478332996,0.059281244863125,3.55899995,0.01246452331,0.3479699293333333,0.0180598716306122,0.206754298391619,0.2122226952966666,3.10266669205,0.2821502685,0.0046580663083091,0.0231448888755,0.0422427861543478,100.0,100.0,100.0,100.0,100.0,100.0,100.0,100.0,100.0,100.0,100.0,100.0,100.0,100.0,100.0,100.0,100.0,100.0,100.0,0.0,100.0,100.0,100.0,0.0,0.0,100.0,100.0,100.0,100.0,50.0,100.0,100.0,100.0,100.0,low_traffic,0
0.0159759885699074,0.0235419327110091,1.99456685,4.578828811645508e-05,4.379199985,0.0100939598945,2.8345592875,0.0960323214256612,0.0095461953056344,0.0065643709047662,0.0208932071562365,0.0696068320905714,0.0666279228686021,0.0038590951066766,0.0457311830145161,0.0130370896422315,0.0301032700867833,0.1358504935925806,0.0617789452949462,3.02031898,0.3452983242571429,0.3397142886642857,0.0564300988216129,3.553999895,0.01350212097,0.2476611307357143,0.0174092708058064,0.2066331025082524,0.1730840887028571,3.4377142670357146,0.30244290825,0.0026271159819658,0.0214726470723809,0.0461557019799999,100.0,100.0,100.0,100.0,30.0,100.0,37.5,99.36974789915966,100.0,100.0,100.0,100.0,100.0,100.0,100.0,100.0,100.0,100.0,100.0,0.0,100.0,100.0,100.0,0.0,0.0,100.0,100.0,100.0,100.0,50.0,100.0,100.0,100.0,100.0,low_traffic,0
0.0171932124601435,0.0210240374878556,0.2608616352,4.70280647277832e-05,3.563999883333333,0.0095461628630545,3.00767421,0.0851739995401954,0.0136276375146363,0.0058955144364526,0.0182709260381818,0.0861686547446666,0.0640540926236956,0.0037749662537651,0.0422499957234782,0.0145082426231506,0.0147426036649615,0.1052549403379347,0.06213573009,3.005273695,0.5197366394999999,0.5154666737266667,0.0534239074332608,3.54016665,0.0157127380325,0.3352455774066667,0.0168923009948913,0.1766456832661764,0.2402578192746666,2.983933380886667,0.06625008583,0.0023482967817964,0.02439870684875,0.0395894759359459,100.0,100.0,100.0,100.0,0.0,100.0,0.0,99.36974789915966,100.0,100.0,100.0,100.0,100.0,100.0,100.0,100.0,100.0,100.0,100.0,0.0,100.0,100.0,100.0,0.0,0.0,100.0,100.0,100.0,100.0,40.0,100.0,100.0,100.0,100.0,low_traffic,0
0.017414096356028,0.021551596487665,1.2981271721,4.870891571044922e-05,1.453249929275,0.0092908577478181,1.462645708025,0.0951087143316581,0.0087130173382173,0.0061034214693621,0.020045140510326,0.0963101982962499,0.0627196793885869,0.0037347854984545,0.0409347933193478,0.0127736310572434,0.013198985425377,0.1485078593602173,0.0582500151901086,3.0065209825,0.3992526795666666,0.3878749906375,0.0512826313079347,3.55520005,0.013362741468,0.28209185595,0.0179566414086021,0.2121786229342157,0.1817123293612499,3.025777785488889,0.2322428225999999,0.0054216384879581,0.0226440620356,0.0395082064989285,100.0,100.0,100.0,100.0,100.0,100.0,100.0,99.57894736842104,100.0,100.0,100.0,100.0,100.0,100.0,100.0,100.0,100.0,100.0,100.0,0.0,100.0,100.0,100.0,0.0,0.0,100.0,100.0,100.0,100.0,55.55555555555556,100.0,100.0,100.0,100.0,low_traffic,0
0.015693661108125,0.023529469963651,0.2608616352,4.616761818910256e-05,3.5837500650000003,0.0092537999085833,3.00861078,0.0919301786234092,0.0075349085909908,0.0076801313189698,0.0156045116320163,0.094926977151,0.0628943135549462,0.0035344873149398,0.0447096798946236,0.0156741452662972,0.0122063606945625,0.1358083421845161,0.0648513147796774,3.010989376,0.39967005249,0.39930005069,0.0563655848064516,3.559799952,0.01398694515,0.28578715319,0.0174891871746236,0.2022603552693204,0.185246491399,4.010500045350001,0.06625008583,0.0030916357028469,0.0234059582261971,0.0455790007511111,100.0,100.0,100.0,100.0,0.0,100.0,0.0,100.0,100.0,100.0,100.0,100.0,100.0,100.0,100.0,100.0,100.0,100.0,100.0,0.0,100.0,100.0,100.0,0.0,0.0,100.0,100.0,100.0,100.0,10.0,100.0,100.0,100.0,100.0,low_traffic,0
0.0158349877066513,0.0224819867012177,2.32402467,4.649162292480469e-05,2.39199995,0.0086209774009142,2.40426731,0.099237933748679,0.0079348061935744,0.0061268217303755,0.022364963870851,0.0608918666792727,0.0647133005334042,0.0040209631414104,0.0692553214711702,0.0137439522010697,0.0139525003803661,0.1548118667094681,0.0944388514168421,3.0061238785714286,0.3379922905999999,0.3314545804272727,0.080127655123617,3.5604285814285714,0.01196789741,0.2406711577818181,0.0171923587678125,0.2308521154925961,0.1752455450927272,2.9871666995750004,0.2977070808,0.0043162250509314,0.0244911093426315,0.0415512537274358,100.0,100.0,100.0,100.0,100.0,100.0,100.0,99.58246346555325,100.0,100.0,100.0,100.0,100.0,100.0,100.0,100.0,100.0,100.0,100.0,0.0,100.0,100.0,100.0,0.0,0.0,100.0,100.0,100.0,100.0,41.66666666666666,100.0,100.0,100.0,100.0,low_traffic,0
0.0172268704094907,0.0237556643308438,2.41394486,4.563927650451661e-05,2.5175999579999995,0.0096324752298235,2.526709458,0.0970412849251229,0.0075349085909908,0.0064238827565567,0.0156045116320163,0.0603156770940714,0.0684781049584375,0.0047226670901617,0.0544791718220833,0.0160897978548583,0.0127131587137704,0.1500238179797917,0.0730664580914583,3.0043405825,0.31344330305,0.3104285512142857,0.0648854225784375,4.345000025999999,0.0189606348633333,0.2193444796485714,0.0174252813018749,0.2226996421427358,0.142332587895,2.712499990814286,0.22788376804,0.0026269753765706,0.021374994512,0.0445042269505714,100.0,100.0,100.0,100.0,100.0,100.0,100.0,100.0,100.0,100.0,100.0,100.0,100.0,100.0,100.0,100.0,100.0,100.0,100.0,0.0,100.0,100.0,100.0,0.0,0.0,100.0,100.0,100.0,100.0,71.42857142857143,100.0,100.0,100.0,100.0,low_traffic,0
0.0168882597541363,0.0225254765226491,0.2608616352,5.362033843994141e-05,3.57200002,0.0140644224031263,3.00642824,0.0960765197721541,0.0087629167644947,0.0066039650629835,0.0199344936126315,0.1234587828033333,0.0639664925935789,0.0039546030534222,0.0518420922052631,0.0161360045039342,0.018166881796675,0.155373179238421,0.0732630026868421,3.0020442,0.426054875,0.4320000012333334,0.062157891916,5.87099981,0.01276397705,0.3134602704999999,0.0181310779128421,0.2217655022586667,0.18829568225,3.9300000651,0.06625008583,0.0028231239307813,0.0245028483194736,0.0379332680402631,100.0,100.0,100.0,100.0,0.0,100.0,0.0,100.0,100.0,100.0,100.0,100.0,100.0,100.0,100.0,100.0,100.0,100.0,100.0,0.0,100.0,100.0,100.0,0.0,0.0,100.0,100.0,100.0,100.0,33.33333333333333,100.0,100.0,100.0,100.0,low_traffic,0
0.0167391453281651,0.0240448215064592,1.21720175418,5.505681037902832e-05,3.22409996529,0.0107784849205454,2.346526804488889,0.0961219114515786,0.0079571211580531,0.0070452228054273,0.0199346567674468,0.0758080959266666,0.064477195122234,0.004211557444485,0.0695531824710638,0.0190310570325917,0.0164257200714999,0.132677669190851,0.0929391409320212,3.018158785,0.34715873394,0.3421333630333333,0.0796808536909574,3.582500095,0.01723289489,0.2578374226466666,0.0179195378646808,0.2087929683979807,0.1763380050273333,2.92846666776,0.28411326404,0.0026821279514109,0.0241312980615254,0.050974466174074,100.0,100.0,100.0,100.0,40.0,100.0,44.44444444444444,100.0,100.0,100.0,100.0,100.0,100.0,100.0,100.0,100.0,100.0,100.0,100.0,0.0,100.0,100.0,100.0,0.0,0.0,100.0,100.0,100.0,100.0,53.333333333333336,100.0,100.0,100.0,100.0,low_traffic,0
0.0165922719704205,0.0214755209977269,2.88886284,4.685521125793457e-05,3.55200004,0.01670687198,3.00184178,0.0950875895748042,0.008005632005163,0.0060496695338381,0.0200484472724999,0.0952669381933333,0.0665894979905434,0.0036069172794621,0.0464891350711956,0.0122902985649013,0.0205408583596373,0.1363426135608695,0.0643604553184782,3.00807386,0.4515411455833333,0.4461666742666667,0.0567934642581521,3.562250075,0.01315391063,0.3296842177166667,0.0173018471009782,0.204622471969902,0.2235402265933333,3.797666703,0.544798851,0.0028296709052453,0.022436416147,0.0413574536593333,100.0,100.0,100.0,100.0,0.0,100.0,0.0,100.0,100.0,100.0,100.0,100.0,100.0,100.0,100.0,100.0,100.0,100.0,100.0,0.0,100.0,100.0,100.0,0.0,0.0,100.0,100.0,100.0,100.0,16.66666666666667,100.0,100.0,100.0,100.0,low_traffic,0
0.0164394591500892,0.0229359108131148,1.5146703686333334,4.5180320739746094e-05,2.572499988116667,0.01869451999575,2.3214634863,0.1092185890563967,0.0091469681123711,0.0060464654218257,0.0188549253088659,0.1067245517357142,0.0650375675772165,0.0038257376115839,0.0689484728873195,0.0156273121615381,0.0145389719978026,0.2026899720802061,0.0963778937829896,3.018946563333333,0.8852957549466667,0.9633333041666668,0.0796185399957732,3.560857121428571,0.01113080978,0.4645304502428571,0.0173401070583505,0.2786388861739252,0.3387043129692857,3.58312500548125,0.3567533492666667,0.0050358538520315,0.0234609246229166,0.0425457220748717,100.0,100.0,100.0,100.0,66.66666666666666,100.0,60.0,100.0,100.0,100.0,100.0,100.0,100.0,100.0,100.0,100.0,100.0,100.0,100.0,0.0,86.66666666666667,86.66666666666667,100.0,0.0,0.0,100.0,100.0,100.0,100.0,37.5,100.0,100.0,100.0,100.0,low_traffic,0
0.0150350388451415,0.0223972993075172,1.9595130051,4.993677139282226e-05,2.0637500246,0.0082858999558645,2.077549276525,0.0952844293141742,0.0075349085909908,0.0060468507653185,0.0156045116320163,0.078375577915,0.064144182194,0.0038479981593851,0.0455368468555789,0.012036881849172,0.0124520357081739,0.1593228364856841,0.0674553627535106,3.004602348333333,0.3860925435583333,0.3921666740833333,0.0569157801072631,3.570666745,0.01851201057,0.29250768815,0.0178107987017021,0.2253699234151429,0.2060082753141666,3.470545416481818,0.2493807673249999,0.0060969380760786,0.0251595865568181,0.0436821712336111,100.0,100.0,100.0,100.0,100.0,100.0,100.0,100.0,100.0,100.0,100.0,100.0,100.0,100.0,100.0,100.0,100.0,100.0,100.0,0.0,100.0,100.0,100.0,0.0,0.0,100.0,100.0,100.0,100.0,45.45454545454545,100.0,100.0,100.0,100.0,low_traffic,0
0.0194794777238288,0.0225938418303411,1.9590024322,5.139708518981933e-05,2.208250040725,0.0089650574827058,2.072905060875,0.0969683602760824,0.0095942243920833,0.0058413026914317,0.0196013574757291,0.092948389043,0.066209785630625,0.004117080393375,0.0388958404393749,0.011435000900322,0.0169196162391971,0.1315055240891666,0.0545797968829166,3.00282394,0.38329026694,0.3775000094799999,0.0498541618330208,3.5775001,0.01270508766,0.28203363414,0.0190519392441666,0.2033970625475471,0.184306693048,2.32839998913,0.2357593178499999,0.0044088935841873,0.0221959627553846,0.0423025503329268,100.0,100.0,100.0,100.0,75.0,100.0,75.0,100.0,100.0,100.0,100.0,100.0,100.0,100.0,100.0,100.0,100.0,100.0,100.0,0.0,100.0,100.0,100.0,0.0,0.0,100.0,100.0,100.0,100.0,70.0,100.0,100.0,100.0,100.0,low_traffic,0
0.0193195642386511,0.0229739520830421,2.32674479,4.598571033012576e-05,2.44099998,0.008573400973275,2.43380951,0.0949385725575693,0.0075349085909908,0.0067782216588309,0.0156045116320163,0.08969858287125,0.0681948809164948,0.003700077098051,0.0435979439971134,0.0118762302930543,0.0107498808574878,0.1351580177038144,0.0595518706910309,3.005101676666667,0.430829912375,0.424999982075,0.0541958784223711,3.5946665566666667,0.01508593559,0.321101158825,0.018590993483402,0.2050753575209346,0.2275186180774999,2.4140000306125,0.2236733436,0.0027168347276512,0.0245322402569387,0.0409661601529411,100.0,100.0,100.0,100.0,100.0,100.0,100.0,100.0,100.0,100.0,100.0,100.0,100.0,100.0,100.0,100.0,100.0,100.0,100.0,0.0,100.0,100.0,100.0,0.0,0.0,100.0,100.0,100.0,100.0,62.5,100.0,100.0,100.0,100.0,low_traffic,0
0.0162943958595939,0.0192525705919194,1.1631167324333334,4.503130912780762e-05,1.6884285691714287,0.00619425376125,1.618956665242857,0.096512104992621,0.0075349085909908,0.0058414625525302,0.0156045116320163,0.07064630984465,0.0667418172908046,0.0036835388867716,0.0470000108005747,0.0124644599934972,0.0168575412663194,0.1615548626106896,0.0696321492811494,3.0105716877777784,0.316351044125,0.311949956365,0.0573678071382758,3.801555602222222,0.0136389732299999,0.22155324215,0.0173947728867816,0.2285575841402061,0.1453196167695,2.9627000055500003,0.2533393303,0.0083161687837276,0.022862184045,0.0367590699828571,100.0,100.0,100.0,100.0,85.71428571428571,100.0,85.71428571428571,99.77924944812362,100.0,100.0,100.0,100.0,100.0,100.0,100.0,100.0,100.0,100.0,100.0,0.0,100.0,100.0,100.0,0.0,0.0,100.0,100.0,100.0,100.0,50.0,100.0,100.0,100.0,100.0,low_traffic,0
0.0192219626629411,0.0238150968286201,1.33489871015,4.587173461914063e-05,2.503249940625,0.01014945029988,2.229908226425,0.1067983166024444,0.0082327332976091,0.00709469778515,0.021466655287931,0.070710515971,0.0668674501797701,0.0041773300465118,0.0437471071803448,0.0123689832230869,0.0122077270401836,0.1707316348906896,0.062590393513908,3.012617345,0.35025231835,0.34739997382,0.0542183908806896,3.55299997,0.016549468035,0.2469420194099999,0.0189060945575862,0.2363090907738144,0.164746522865,2.44300005207,0.24760818475,0.0027224016180406,0.0418772147180769,0.04291048645325,100.0,100.0,100.0,100.0,50.0,100.0,50.0,100.0,100.0,100.0,100.0,100.0,100.0,100.0,100.0,100.0,100.0,100.0,100.0,0.0,100.0,100.0,100.0,0.0,0.0,100.0,100.0,100.0,100.0,60.0,100.0,100.0,100.0,100.0,low_traffic,0
0.0165684200431904,0.021410876050841,2.06630444,4.594326019287109e-05,2.9863332833333334,0.0086416105420416,2.812269366666667,0.0944378629824608,0.0083517445443444,0.006444386714859,0.0201520522396666,0.0869982609276923,0.0645306852017777,0.0039573559386769,0.0511444356617777,0.0120010840135082,0.0118238449065333,0.1431982569943333,0.0743251501730769,3.013500304,0.3385133559307692,0.3330000179923076,0.061622222254,3.564666623333333,0.011257052415,0.2369675819076923,0.0176833099742222,0.2120550440495,0.1463423141792307,3.0313076944538464,0.34906792635,0.004686612348795,0.0234617690177083,0.0362839763175675,100.0,100.0,100.0,100.0,66.66666666666666,100.0,66.66666666666666,100.0,100.0,100.0,100.0,100.0,100.0,100.0,100.0,100.0,100.0,100.0,100.0,0.0,100.0,100.0,100.0,0.0,0.0,100.0,100.0,100.0,100.0,46.15384615384615,100.0,100.0,100.0,100.0,low_traffic,0
0.0155181029417488,0.0241487826571954,2.31246757,5.682706832885742e-05,4.18783334,0.0085621873505277,2.9037644800000004,0.0878239390714457,0.0075349085909908,0.0063635967968085,0.0156045116320163,0.0697572231219166,0.0676043343461,0.0038764170232357,0.0417500138213,0.0125199845445105,0.010577205685629,0.1155697726972,0.0590145921618,3.004053968,0.347968061725,0.3433333634916666,0.051699986451,4.97049991,0.0150999228133333,0.2369539141166666,0.0178307199438,0.1899605728932727,0.15698144829,3.8439166308416666,0.2289535999,0.0025777640154864,0.0229700855513043,0.0439930061454166,100.0,100.0,100.0,100.0,16.66666666666667,100.0,20.0,99.6039603960396,100.0,100.0,100.0,100.0,100.0,100.0,100.0,100.0,100.0,100.0,100.0,0.0,100.0,100.0,100.0,0.0,0.0,100.0,100.0,100.0,100.0,33.33333333333333,100.0,100.0,100.0,100.0,low_traffic,0
0.015432944743408,0.022950219766059,0.2608616352,4.32729721069336e-05,4.665600008,0.0076442346324024,3.0047625,0.0964222330324094,0.0075349085909908,0.0066657624390796,0.0156045116320163,0.0905035336699999,0.0647328796819802,0.0043155504449148,0.0575940538054455,0.0159983583316742,0.0173921836012736,0.1560606720062376,0.0861189483233465,3.005642051666667,0.33824432686,0.3357333182733333,0.0679505036434653,3.9758332516666655,0.011257052415,0.2475660800533333,0.0164838144049504,0.2256424061441441,0.1550131002793333,3.8442666647,0.06625008583,0.0027726173389116,0.0219767188988,0.0434490281135135,100.0,100.0,100.0,100.0,0.0,100.0,0.0,99.60552268244577,100.0,100.0,100.0,100.0,100.0,100.0,100.0,100.0,100.0,100.0,100.0,0.0,100.0,100.0,100.0,0.0,0.0,100.0,100.0,100.0,100.0,26.66666666666667,100.0,100.0,100.0,100.0,low_traffic,0
0.0209795648164574,0.0229098621500534,1.6251172203666666,4.4065713882446286e-05,1.921250041175,0.0082252621645104,1.7735725212333335,0.1017128226445729,0.0095023810846979,0.0059541600250453,0.0213158925329166,0.0856418609555555,0.0655384932836458,0.0037656777038676,0.065833347528125,0.0139372875793017,0.011228507876,0.1286038259455208,0.0925121679744791,3.0040797366666663,0.3780801825444444,0.3749999999555555,0.076291653005625,4.25533334,0.011564970015,0.2628950807333333,0.0180295631242708,0.2064058600364151,0.17149639125,2.705999935781818,0.2217635313,0.0024795922355739,0.0260840433566666,0.0433417072922222,100.0,100.0,100.0,100.0,100.0,100.0,100.0,100.0,100.0,100.0,100.0,100.0,100.0,100.0,100.0,100.0,100.0,100.0,100.0,0.0,100.0,100.0,100.0,0.0,0.0,100.0,100.0,100.0,100.0,72.72727272727272,100.0,100.0,100.0,100.0,low_traffic,0
0.0206367294494063,0.0212141571154713,0.2608616352,4.447698593139649e-05,2.44099998,0.0088877636793103,0.4397904872,0.0984465494472666,0.0083687531309052,0.0064594317456887,0.0210046040330526,0.0921550393037499,0.0647317233732631,0.0040149529767851,0.041389467836421,0.0133533976380168,0.015280988477365,0.1454760224754736,0.0635083581869072,3.0093142325,0.4792455831833333,0.3886250555,0.0522736724978947,3.559599968,0.011377652484,0.278620332425,0.016796950366344,0.2126390524913333,0.18138119574,3.181333338916667,0.06625008583,0.0037846614909532,0.021595184995625,0.0406329735415217,100.0,100.0,100.0,100.0,100.0,100.0,100.0,100.0,100.0,100.0,100.0,100.0,100.0,100.0,100.0,100.0,100.0,100.0,100.0,0.0,100.0,100.0,100.0,0.0,0.0,100.0,100.0,100.0,100.0,33.33333333333333,100.0,100.0,100.0,100.0,low_traffic,0
0.0168798471717543,0.0233739966078416,1.61309671,4.448294639587402e-05,4.876250022500001,0.0101950224457578,3.006285263333333,0.0989962300279557,0.0092781360687979,0.0067580395167303,0.019557890260202,0.0841179529773333,0.0662821109719191,0.0041585054321726,0.0495757502633333,0.0141731834927519,0.0153893985208552,0.1558920445721212,0.0676381397134,3.011744295,0.3171981016266667,0.31193334256,0.0599899075137373,4.167749905,0.01127505302,0.2217043717326666,0.0170795050497979,0.2253658398433027,0.129457298888,3.206437509775,0.3190815448,0.0027555640854714,0.0216078978962962,0.0410365073526087,100.0,100.0,100.0,100.0,0.0,100.0,0.0,100.0,100.0,100.0,100.0,100.0,100.0,100.0,100.0,100.0,100.0,100.0,100.0,0.0,100.0,100.0,100.0,0.0,0.0,100.0,100.0,100.0,100.0,37.5,100.0,100.0,100.0,100.0,low_traffic,0
0.0147519530438738,0.0246281764052994,2.84639573,4.492402076721192e-05,2.98699998,0.0098363819837763,2.99866557,0.0961870167878809,0.0091307957956354,0.0068897753940393,0.021476569270625,0.0704985141709999,0.06619179992875,0.00403287305475,0.0473958427640625,0.0149430618647628,0.0137034298508831,0.1522856552997916,0.0623827228858333,3.0037247266666665,0.40052981372,0.39140000338,0.0585520788944791,3.540000036666666,0.0150415897299999,0.2873722076,0.0181970844619791,0.2230597734069811,0.209384226749,2.07729997448,0.2415738105,0.0028297662725476,0.02349037356875,0.0393596367902564,100.0,100.0,100.0,100.0,100.0,100.0,100.0,100.0,100.0,100.0,100.0,100.0,100.0,100.0,100.0,100.0,100.0,100.0,100.0,0.0,100.0,100.0,100.0,0.0,0.0,100.0,100.0,100.0,100.0,70.0,100.0,100.0,100.0,100.0,low_traffic,0
0.0166850436782272,0.0217888072659756,1.2951453905,4.510879516601562e-05,1.478000162,0.00982527549325,1.48600029915,0.0922474008395654,0.0081884208462526,0.0060059540724488,0.0181089376111578,0.16242477295625,0.0664565989749473,0.0043744740655629,0.0498210555538947,0.015432226470135,0.012681699566129,0.1314922707946315,0.0774174213278947,3.00636982,1.3453222493625,2.8736000286500003,0.0607894947545263,3.57599997,0.01187682151,0.8748553384125,0.016310034296421,0.2017011005765714,0.6813725223175,3.23774999035,0.2431465387,0.0027587001133385,0.022943542551923,0.0365892395775757,100.0,100.0,100.0,100.0,100.0,100.0,100.0,100.0,100.0,100.0,100.0,100.0,100.0,100.0,100.0,100.0,100.0,100.0,100.0,0.0,62.5,50.0,100.0,0.0,0.0,100.0,100.0,100.0,100.0,50.0,100.0,100.0,100.0,100.0,low_traffic,0
0.0167700422184482,0.0229518754105607,1.87071930815,4.431528922839042e-05,1.997999903375,0.0081114857246296,2.002183849375,0.0974562327855976,0.008233854084693,0.0058366380075125,0.0177075437938613,0.1015395201053846,0.0661127732415841,0.004079133905617,0.0426138556756732,0.012119197066226,0.0146854983400694,0.1489512235452475,0.0583308946866336,3.006146185,0.3523551500307693,0.3569230849461539,0.0530593985311881,3.56349992,0.01347231864,0.2423704586846154,0.0191833784041584,0.2199515071663063,0.1348230655123077,1.8524614835153843,0.2805570363499999,0.0040667607222559,0.0221211476727272,0.0408303877838235,100.0,100.0,100.0,100.0,100.0,100.0,100.0,100.0,100.0,100.0,100.0,100.0,100.0,100.0,100.0,100.0,100.0,100.0,100.0,0.0,100.0,100.0,100.0,0.0,0.0,100.0,100.0,100.0,100.0,84.61538461538461,100.0,100.0,100.0,100.0,low_traffic,0
0.0169642450516071,0.0234232523114912,0.2608616352,4.439949989318848e-05,6.12999987,0.0097395851162602,3.00269031,0.0980691816955869,0.0094065690761237,0.0067229303260744,0.0196189265847422,0.1049244801083333,0.0662639902927835,0.0036837741400291,0.0532061906083505,0.0127533087111418,0.0144644997312,0.1400381854856701,0.0756203592928571,3.011305565,0.4203661282333333,0.4180000225166667,0.0647010409850515,3.57899987,0.01090407371,0.2967825332666666,0.0182560350435051,0.2089446860673831,0.1901024977049999,2.9990000301166666,0.06625008583,0.0055158505063117,0.0253293141640625,0.039380036289375,100.0,100.0,100.0,100.0,0.0,100.0,0.0,100.0,100.0,100.0,100.0,100.0,100.0,100.0,100.0,100.0,100.0,100.0,100.0,0.0,100.0,100.0,100.0,0.0,0.0,100.0,100.0,100.0,100.0,50.0,100.0,100.0,100.0,100.0,low_traffic,0
0.0164670488075217,0.0230175273725969,1.6764283129333333,4.631280899047852e-05,1.8056666820666667,0.0122444982844074,1.8163785894,0.0925904181137658,0.00871402501965,0.0059071938658176,0.0194481062844999,0.108273220047,0.0641344690209,0.0040822625153571,0.0465999889299,0.0130648467904767,0.0155810810763488,0.129696772064,0.0662299227601,3.0050906475,0.4056316136699999,0.4073000430499999,0.0571800088791,3.5602500375,0.010566532609,0.283197903598,0.0190427041009,0.199078811261,0.171146583518,2.74149996928,0.2582726478,0.0032656239521424,0.0223682689624,0.0416473265548387,100.0,100.0,100.0,100.0,100.0,100.0,100.0,100.0,100.0,100.0,100.0,100.0,100.0,100.0,100.0,100.0,100.0,100.0,100.0,0.0,100.0,100.0,100.0,0.0,0.0,100.0,100.0,100.0,100.0,60.0,100.0,100.0,100.0,100.0,low_traffic,0
0.0168400840287272,0.0245292958553008,2.0743252402,4.6586990356445314e-05,2.172499971083333,0.0104844716111224,2.1795462328666666,0.0948913202552891,0.0075349085909908,0.0065891191621499,0.0156045116320163,0.0809976418753333,0.0642542549990909,0.0037815536520503,0.0505454467936363,0.0147379303382695,0.0131489175993846,0.1496139535577777,0.072009760909899,3.015179388,0.3333684126066666,0.32513337132,0.0611717171036363,3.574999948,0.01422297954,0.2435357888066666,0.0185503550212121,0.2177946260894495,0.1517312685386666,2.7416666320466665,0.24114819365,0.0029570150364689,0.024877066193913,0.0484786454288235,100.0,100.0,100.0,100.0,100.0,100.0,100.0,100.0,100.0,100.0,100.0,100.0,100.0,100.0,100.0,100.0,100.0,100.0,100.0,0.0,100.0,100.0,100.0,0.0,0.0,100.0,100.0,100.0,100.0,66.66666666666666,100.0,100.0,100.0,100.0,low_traffic,0
0.0161480553619266,0.0230460113520187,0.2608616352,4.4804811477661136e-05,2.44099998,0.008613516885427,0.4397904872,0.0942093389221785,0.008705626141468,0.0071173962044279,0.0209181815967765,0.0964455306475,0.0641432315635106,0.0038032086921492,0.0563191428976595,0.0161067386254332,0.0106995794480666,0.1417858169076595,0.0756602236410638,3.006668403333333,0.3741602599,0.3686249553625,0.0670851215257446,4.330714251428572,0.01306200027,0.255935937125,0.0164962296741489,0.2081446349207692,0.1531431972737499,3.862000014399999,0.06625008583,0.0035729169834708,0.0243092621437096,0.0390489164102631,100.0,100.0,100.0,100.0,100.0,100.0,100.0,100.0,100.0,100.0,100.0,100.0,100.0,100.0,100.0,100.0,100.0,100.0,100.0,0.0,100.0,100.0,100.0,0.0,0.0,100.0,100.0,100.0,100.0,25.0,100.0,100.0,100.0,100.0,low_traffic,0
0.0164696345361137,0.0229816631007004,1.82282209015,4.475116729736328e-05,1.9699999683,0.0083698492768461,1.9828936429,0.0917211341909334,0.0075349085909908,0.0064780587113215,0.0156045116320163,0.087932631368125,0.0671015011516842,0.0039259098189703,0.0514842208982105,0.0156375555702676,0.0145068528484339,0.1299440885594736,0.071774854146,3.007678026666667,0.3180128037375,0.31412497156875,0.0617052680446315,3.5681666466666666,0.01335597038,0.2273223846625,0.0172659472374736,0.2027023201507619,0.135422989701875,2.50112500410625,0.2382077574249999,0.0030349779119038,0.020571168262,0.0392449283552,100.0,100.0,100.0,100.0,100.0,100.0,100.0,100.0,100.0,100.0,100.0,100.0,100.0,100.0,100.0,100.0,100.0,100.0,100.0,0.0,100.0,100.0,100.0,0.0,0.0,100.0,100.0,100.0,100.0,62.5,100.0,100.0,100.0,100.0,low_traffic,0
0.0162019454479914,0.024388887508484,0.2608616352,4.456043243408203e-05,3.5523333466666664,0.0095320264074226,3.0082031033333334,0.0939456193961448,0.0077600525863529,0.0067108206352298,0.0196813976023529,0.09878418444,0.0659627493577451,0.0038526007819436,0.0503333316046078,0.0132175471586072,0.0143749044622105,0.1333399800389215,0.0734913091941176,3.0154430825,0.39191384311,0.38780000205,0.0607843071692156,3.569,0.0118840535433333,0.27490665908,0.0178715504812745,0.2052983491833928,0.169229268988,3.25980002549,0.06625008583,0.0035409069052048,0.0230091023902127,0.0395577698896875,100.0,100.0,100.0,100.0,0.0,100.0,0.0,100.0,100.0,100.0,100.0,100.0,100.0,100.0,100.0,100.0,100.0,100.0,100.0,0.0,100.0,100.0,100.0,0.0,0.0,100.0,100.0,100.0,100.0,30.0,100.0,100.0,100.0,100.0,low_traffic,0
0.0155263095344976,0.020126322901926,1.61098313,4.696846008300781e-05,4.67099997875,0.0068754196162,3.003081622857142,0.0880609224671197,0.0075349085909908,0.0060446883101462,0.0156045116320163,0.1039094924673,0.0640380103438297,0.0042876663484925,0.0509893615080851,0.0121500503637612,0.0188952267851445,0.1199450010704255,0.0850978205138709,3.0085229225,0.5909523526,1.3001818172272726,0.0614361661431914,4.0962500525,0.01438784599,0.42387931259,0.016418793922826,0.1901549146365385,0.307116174641,5.48130004,0.3289573192,0.0048434591284233,0.02330687551,0.0396683130882142,100.0,100.0,100.0,100.0,0.0,100.0,0.0,100.0,100.0,100.0,100.0,100.0,100.0,100.0,100.0,100.0,100.0,100.0,100.0,0.0,100.0,100.0,100.0,0.0,0.0,100.0,100.0,100.0,100.0,0.0,100.0,100.0,100.0,100.0,low_traffic,0
0.0172194409552336,0.0228281936751022,1.34844601005,4.5921744369879005e-05,2.519000049425,0.0106786803175789,2.2388235294,0.0955144407064093,0.0075349085909908,0.00631262224085,0.0156045116320163,0.0816099210072727,0.0665907736788659,0.0036759463533211,0.0508969075823711,0.0118871193859815,0.0103975436699672,0.1432027496939175,0.0709163306804123,3.07174491,0.3150470039545454,0.3091818202272727,0.0618556676370103,3.66199994,0.011257052415,0.2220213629518181,0.0174573647561855,0.2148679995786916,0.1350246776036363,1.8927272434090907,0.26049113265,0.0026674413670242,0.0232472910555882,0.0404068190431034,100.0,100.0,100.0,100.0,50.0,100.0,50.0,99.59266802443992,100.0,100.0,100.0,100.0,100.0,100.0,100.0,100.0,100.0,100.0,100.0,0.0,100.0,100.0,100.0,0.0,0.0,100.0,100.0,100.0,100.0,72.72727272727272,100.0,100.0,100.0,100.0,low_traffic,0
0.0158423954753181,0.0228655479540009,1.8127716042,4.454851150512695e-05,2.5167499149125003,0.0094067517729574,2.371856040057143,0.0979056962822144,0.0092923824591666,0.0065715944679142,0.0215515692985897,0.081769600499375,0.0646504678101052,0.0041831811259925,0.0533789408741052,0.0143866201219083,0.0116668198535675,0.1519766882528421,0.0833151014095789,3.0098065075,0.3389377295375,0.33812499041875,0.0640842111366315,4.423399966,0.01200795173,0.244520708873125,0.0176236127506315,0.2203836394693333,0.156226724359375,2.8548750106812504,0.3048323154,0.0030434846867467,0.0241792656064285,0.0433719158113953,100.0,100.0,100.0,100.0,75.0,100.0,71.42857142857143,99.58762886597938,100.0,100.0,100.0,100.0,100.0,100.0,100.0,100.0,100.0,100.0,100.0,0.0,100.0,100.0,100.0,0.0,0.0,100.0,100.0,100.0,100.0,62.5,100.0,100.0,100.0,100.0,low_traffic,0
0.0173558769368518,0.0237221287566732,2.30086183,4.482865333557129e-05,2.472999925,0.0088309560498214,2.47652983,0.0923814008782996,0.009191249005215,0.0068666809632544,0.0201073102997849,0.16285538671375,0.0623330608396774,0.003773970711,0.0554515853898924,0.013077625837633,0.0173971475022835,0.1248802036027957,0.0748159428725531,3.0423950333333334,1.2890088273444449,1.7221111445111112,0.0656559082639784,4.273666616666667,0.01580095291,0.7449910031375,0.0173858211846236,0.19537759749233,0.5416535421875001,3.67979998328,0.25512611865,0.0028616142260885,0.0234562961367346,0.0412038316270833,100.0,100.0,100.0,100.0,100.0,100.0,100.0,100.0,100.0,100.0,100.0,100.0,100.0,100.0,100.0,100.0,100.0,100.0,100.0,0.0,77.77777777777777,77.77777777777777,100.0,0.0,0.0,100.0,100.0,100.0,100.0,50.0,100.0,100.0,100.0,100.0,low_traffic,0
0.0163612840256872,0.0221744526645597,0.2608616352,4.6265125274658206e-05,4.9345000325,0.006919533013,3.007850163333333,0.0920316152482901,0.0075349085909908,0.0058006976058294,0.0156045116320163,0.1022441386883333,0.0643286958560638,0.0039786580776791,0.0434893623246808,0.0105678882562584,0.0120337665920579,0.1406848379582978,0.0633169108161702,2.861806836470588,0.4132655063833333,0.4145000377833333,0.0536595658997872,3.5610001,0.0170643329566666,0.2987453937,0.0176757193584042,0.2071354022034615,0.1948054631233333,2.9768333012166663,0.06625008583,0.0026449056762739,0.022213163827619,0.0428653955411764,100.0,100.0,100.0,100.0,0.0,100.0,0.0,100.0,100.0,100.0,100.0,100.0,100.0,100.0,100.0,100.0,100.0,100.0,100.0,0.0,100.0,100.0,100.0,0.0,0.0,100.0,100.0,100.0,100.0,50.0,100.0,100.0,100.0,100.0,low_traffic,0
0.0154931611443981,0.0224193754778696,0.2608616352,4.948639288181212e-05,3.563666656666667,0.0091463724744102,3.0097930366666668,0.0891594558444817,0.0094261223604318,0.0068189812486805,0.018113483078409,0.09442198275375,0.0672589589045918,0.0035306578090724,0.0453163142044897,0.0141216479551515,0.014830658830625,0.1195435839893877,0.0628796840107142,3.012581583333333,0.4015314237999999,0.435124993275,0.0563979489379591,3.571333323333333,0.01200294494,0.3283132016,0.0175667514563265,0.1918983790218518,0.2263271808199999,3.8372856497,0.06625008583,0.003552188872411,0.02428945047,0.0366804236906521,100.0,100.0,100.0,100.0,0.0,100.0,0.0,99.59514170040484,100.0,100.0,100.0,100.0,100.0,100.0,100.0,100.0,100.0,100.0,100.0,0.0,100.0,100.0,100.0,0.0,0.0,100.0,100.0,100.0,100.0,14.285714285714292,100.0,100.0,100.0,100.0,low_traffic,0
0.0161688438884322,0.0241010622514126,0.2608616352,4.460811614990234e-05,3.56000006,0.0102237523584745,3.0047934,0.0951449539270656,0.0114658488765348,0.0061402050841421,0.0226783974186046,0.0859746932888888,0.0650242995180582,0.0043840591715734,0.0470194098928155,0.0131098916599439,0.0153298480134714,0.1328820140313592,0.063606433488932,3.01114749,0.3907987541111111,0.3911111619333333,0.0579708779815533,3.56700015,0.0150886376666666,0.2938424480888889,0.0181175111518446,0.2041964635243363,0.2018050352144444,1.9256666485111111,0.06625008583,0.0027276086797023,0.0220242208872222,0.0381580557091428,100.0,100.0,100.0,100.0,0.0,100.0,0.0,99.61389961389962,100.0,100.0,100.0,100.0,100.0,100.0,100.0,100.0,100.0,100.0,100.0,0.0,100.0,100.0,100.0,0.0,0.0,100.0,100.0,100.0,100.0,66.66666666666666,100.0,100.0,100.0,100.0,low_traffic,0
0.0179512970847887,0.0220586249665184,0.9505295744,4.7761201858520505e-05,1.45200002145,0.0120251178727272,1.4529237704,0.0908759215647863,0.007803110971413,0.0068079493389938,0.0222143841773913,0.1330578326933333,0.0724698227261956,0.004255558504659,0.0528043689846739,0.0122585910100548,0.014163992618909,0.1071177331943478,0.0753014639677894,3.013120765,1.770616593845454,1.851083355741667,0.0641412916270652,3.57350003,0.01248407363,0.6763442613222223,0.0168798328682795,0.1864236031802941,0.5243589866688888,2.9943333220166664,0.3411105870499999,0.0025584268559041,0.02355196219875,0.0356082454754838,100.0,100.0,100.0,100.0,100.0,100.0,100.0,100.0,100.0,100.0,100.0,100.0,100.0,100.0,100.0,100.0,100.0,100.0,100.0,0.0,63.63636363636363,66.66666666666666,100.0,0.0,0.0,100.0,100.0,100.0,100.0,50.0,100.0,100.0,100.0,100.0,low_traffic,0
0.0172412084463478,0.0247274347671845,2.356792565,4.488825798034668e-05,3.64320001,0.0145271446340108,2.795196814,0.0981832568736946,0.009730222224,0.0060771352265109,0.0203702664334999,0.0757272243457142,0.0658764886753,0.0042473299155357,0.0532100057494999,0.0166862563468476,0.0138034756079594,0.1452924585046,0.0733842611158999,3.0156292883333333,0.3417840855,0.33414283815,0.0639600014567,4.215000007142857,0.01289093494,0.2384112051,0.0179912710150999,0.2179248180865454,0.1566572529664285,3.7221428621071433,0.24274420735,0.0026199634248014,0.0295728224255555,0.0376209214637209,100.0,100.0,100.0,100.0,40.0,100.0,40.0,100.0,100.0,100.0,100.0,100.0,100.0,100.0,100.0,100.0,100.0,100.0,100.0,0.0,100.0,100.0,100.0,0.0,0.0,100.0,100.0,100.0,100.0,35.71428571428571,100.0,100.0,100.0,100.0,low_traffic,0
0.0171273688972522,0.0222926928684224,1.83418116262,4.807710647583008e-05,2.0849999397600003,0.0075791875516666,2.0989294006000003,0.0976967365928418,0.0077751129852187,0.0063885384783741,0.0217191601739583,0.0801195038544444,0.0612438966728125,0.0041643468766102,0.05001042533875,0.0134822396483812,0.0145862197841466,0.1601338063308333,0.0728157783430208,3.00676107,0.4174100292555556,0.4158888657444444,0.0610624998696874,3.56999993,0.01284138361,0.3075789345444444,0.0172536273751041,0.2230215949374527,0.2168785995466667,2.364999978688889,0.30435452456,0.0026390272017068,0.0241516859025641,0.0380996552863414,100.0,100.0,100.0,100.0,100.0,100.0,100.0,100.0,100.0,100.0,100.0,100.0,100.0,100.0,100.0,100.0,100.0,100.0,100.0,0.0,100.0,100.0,100.0,0.0,0.0,100.0,100.0,100.0,100.0,88.88888888888889,100.0,100.0,100.0,100.0,low_traffic,0
0.0147758886693534,0.0220656699293729,2.31206941,4.45246696472168e-05,3.4007499175,0.0069542725871111,2.610533115,0.092853605143297,0.0081184712955346,0.0058937328689827,0.0205042173327722,0.072544738641875,0.0665080736065346,0.003890773082695,0.0477920711539604,0.0135229062392233,0.0154753117923918,0.1324015253473267,0.0653668205223762,3.00598001,0.30964733655625,0.30762496586875,0.0582574287161386,3.555399986,0.011257052415,0.2144489138768749,0.0175812574852475,0.2041382488502703,0.137957692115625,2.6018124790062496,0.2310959497666666,0.0043603277195731,0.0224231366132258,0.0358701626423333,100.0,100.0,100.0,100.0,75.0,100.0,75.0,99.8019801980198,100.0,100.0,100.0,100.0,100.0,100.0,100.0,100.0,100.0,100.0,100.0,0.0,100.0,100.0,100.0,0.0,0.0,100.0,100.0,100.0,100.0,62.5,100.0,100.0,100.0,100.0,low_traffic,0
0.0169140487065765,0.021647520941133,1.312989231,4.561543464660644e-05,1.4320000398,0.0073422817950952,1.444929118,0.0919389658076912,0.0075349085909908,0.0058406821308968,0.0156045116320163,0.075068449968,0.0654658722743999,0.0035305329725499,0.0443299746441,0.0126683868108978,0.0126892195788444,0.1281278347676,0.0660337103361386,3.008739752,0.3229831695049999,0.315699982595,0.0547299981024,4.139,0.014035463325,0.220819389775,0.0173151587450495,0.1989782202947273,0.140669286225,2.6705714603809523,0.2246750592499999,0.0043142571728441,0.0221813158513636,0.0420228290476,100.0,100.0,100.0,100.0,100.0,100.0,100.0,100.0,100.0,100.0,100.0,100.0,100.0,100.0,100.0,100.0,100.0,100.0,100.0,0.0,100.0,100.0,100.0,0.0,0.0,100.0,100.0,100.0,100.0,52.38095238095238,100.0,100.0,100.0,100.0,low_traffic,0
0.0173448462536607,0.0220310131097173,1.6547903193666669,4.637241363525391e-05,1.7633333172333332,0.0083532144139682,1.761915280733333,0.0954929161882448,0.0087631731906597,0.006385979392862,0.021067938848969,0.0772999525028571,0.0625412267408247,0.0039858661422116,0.0504742356818556,0.0136412395869861,0.0126321315731052,0.1429767042961855,0.0709478437177319,3.0073914475,0.3322577987,0.3236428839142857,0.061391756693402,3.5842500275,0.017577409735,0.2345019578428571,0.0174366395453608,0.2107459339771028,0.155328290775,2.0654285437499995,0.2669713496999999,0.0049044771003104,0.0250171621597222,0.0427623499477272,100.0,100.0,100.0,100.0,100.0,100.0,100.0,100.0,100.0,100.0,100.0,100.0,100.0,100.0,100.0,100.0,100.0,100.0,100.0,0.0,100.0,100.0,100.0,0.0,0.0,100.0,100.0,100.0,100.0,71.42857142857143,100.0,100.0,100.0,100.0,low_traffic,0
0.0189738945176995,0.0269663656521046,0.36063385,4.461407661437988e-05,0.5709998607,0.0124630232642361,0.5831348896,0.1097772613001234,0.00912275314208,0.0085533021457138,0.0225234937621999,0.0884418010619999,0.0670325961051613,0.0037898963549022,0.059817216636129,0.0174697821587855,0.0117506659917307,0.1707620466505376,0.0793721085155914,3.009749358,0.3883511586363636,0.34319994445,0.0707956949698924,3.9368,0.009849071502,0.23676025861,0.01684054764,0.2486305537315533,0.1404657125209999,2.402916646475,0.2483336925,0.0027710771552071,0.0242666889074074,0.0456042723151515,100.0,100.0,100.0,100.0,100.0,100.0,100.0,100.0,100.0,100.0,100.0,100.0,100.0,100.0,100.0,100.0,100.0,100.0,100.0,0.0,100.0,100.0,100.0,0.0,0.0,100.0,100.0,100.0,100.0,58.333333333333336,100.0,100.0,100.0,100.0,low_traffic,0
0.0166465948538693,0.022245206227802,2.42755675,4.547834396362305e-05,2.53900003,0.0061391101140588,2.55270266,0.0914141137825986,0.0120097673838846,0.0066615704687244,0.0198206993207692,0.10376989839625,0.0649428422310344,0.0039581295067952,0.0436781631057471,0.0121185721246752,0.0131579807793376,0.1304813171028735,0.0604644917821839,3.004402633333333,0.43469238275,0.4306249618,0.053804589405977,3.55500006,0.012902140615,0.334989488075,0.0179828419040229,0.1989022480675257,0.2294763326125,2.42137497355,0.2239925861,0.002880387305224,0.0221522938052272,0.0375567873270833,100.0,100.0,100.0,100.0,100.0,100.0,100.0,100.0,100.0,100.0,100.0,100.0,100.0,100.0,100.0,100.0,100.0,100.0,100.0,0.0,100.0,100.0,100.0,0.0,0.0,100.0,100.0,100.0,100.0,62.5,100.0,100.0,100.0,100.0,low_traffic,0
0.0164932179524154,0.0233218634001827,2.4850912,4.4357776641845706e-05,3.3629999725,0.0082893825701904,2.946485335,0.0923404037999682,0.0075349085909908,0.0068242772033733,0.0156045116320163,0.091447750715,0.0636275173424731,0.0040413831403233,0.0551505421697849,0.0140433768362727,0.0118348396399661,0.1271704627297849,0.076905814447957,3.0076267650000004,0.3909059762416666,0.3895833094416667,0.0654946295980645,3.58999991,0.01306891441,0.2745555837333333,0.0173550498060215,0.2038799349408737,0.1813073753908333,2.452250000891667,0.2794132232,0.0039823335750473,0.0226052919993333,0.0411870199041176,100.0,100.0,100.0,100.0,25.0,100.0,25.0,100.0,100.0,100.0,100.0,100.0,100.0,100.0,100.0,100.0,100.0,100.0,100.0,0.0,100.0,100.0,100.0,0.0,0.0,100.0,100.0,100.0,100.0,58.333333333333336,100.0,100.0,100.0,100.0,low_traffic,0
0.0172116345986071,0.0217824694868438,0.39642853732,4.8720836639404296e-05,0.45120000832,0.00861872434435,0.47236323354,0.0954883432036243,0.0131645002551258,0.0053041346146642,0.0186196707301398,0.1134232452785714,0.0681155544790909,0.0051602859206896,0.0492377564528671,0.0116485471576849,0.0170768120676823,0.1246949392234265,0.0759409012726712,0.49113255735,0.9857571790714283,1.390555539838889,0.0594335619278321,0.46519999502,0.0228964169773333,0.5451035147357143,0.017198880509375,0.1983576137396202,0.4197728454392856,1.94518188575,0.26855552192,0.0042558908448406,0.022437894341,0.042029500003421,100.0,100.0,0.0,100.0,0.0,100.0,0.0,99.42279942279944,100.0,100.0,100.0,100.0,100.0,100.0,100.0,100.0,100.0,100.0,100.0,0.0,85.71428571428571,83.33333333333333,100.0,0.0,100.0,100.0,100.0,100.0,100.0,13.63636363636364,0.0,100.0,100.0,100.0,high_traffic,0
0.0177460178468095,0.0227743506398574,0.2608616352,4.832744598388672e-05,2.14160003486,0.0086140290209574,1.15185665745,0.1005422914462941,0.0080849817808571,0.0057860032922602,0.0198725598156428,0.1056208610425,0.0649895531679999,0.00532116770628,0.0561999865857857,0.014694621146995,0.01703924992175,0.1442023379135714,0.0828838501505714,0.5044032732333333,0.41865376625,0.4113333423416667,0.0664928555362142,0.4973332881333333,0.0200889746306666,0.2979723810583333,0.0176751204857857,0.2121789316594193,0.1819875637433333,1.6799999942944446,0.3002303441,0.0068214589885677,0.0215181946715,0.0382659784134146,100.0,100.0,100.0,100.0,0.0,100.0,0.0,100.0,100.0,100.0,100.0,100.0,100.0,100.0,100.0,100.0,100.0,100.0,100.0,0.0,100.0,100.0,100.0,0.0,100.0,100.0,100.0,100.0,100.0,27.77777777777777,0.0,100.0,100.0,100.0,high_traffic,0
0.0186450332817062,0.0236966297853643,0.658542928725,4.98652458190918e-05,1.242500064925,0.0086867642456034,0.731181680625,0.0990226357406256,0.0080982422970993,0.0056346538652118,0.0203611250703311,0.0750793615895238,0.0660175219182781,0.0049965460707535,0.051635764283245,0.0159272053119594,0.0143869707826455,0.1243127670962913,0.0740028170678571,0.7628951668249999,0.3330697104571429,0.3261904375428572,0.0616887484050331,1.3825999960800002,0.021027040476,0.2361270018523809,0.0171312922629801,0.1969309341101807,0.1555921576990476,1.445272716812121,0.4146004564352941,0.0043175307177122,0.0221394658059999,0.0344072258611111,100.0,100.0,0.0,100.0,0.0,100.0,0.0,100.0,100.0,100.0,100.0,100.0,100.0,100.0,100.0,100.0,100.0,100.0,100.0,0.0,100.0,100.0,100.0,0.0,100.0,100.0,100.0,100.0,100.0,30.303030303030297,0.0,100.0,100.0,100.0,high_traffic,0
0.016496805480287,0.0237499030049063,0.3604716062166667,5.294680595397949e-05,0.5036666790333333,0.0086492809209547,0.5255220730666667,0.103057109760031,0.0079729179672014,0.0057696275256747,0.0203696823761151,0.07059983014575,0.0643969199540287,0.0053158788814472,0.0614316514464748,0.0140909167452123,0.01643816629764,0.1416152312192086,0.0859746357497163,0.4342960118666666,0.34446254964,0.337999999465,0.0729136758123741,0.4175000190416667,0.021253331496,0.2430549501749999,0.0183389321133098,0.2189909280811039,0.1687076091485,1.1997241202758622,0.2589594257666666,0.0075593124722321,0.0225271802157894,0.0378365864304166,100.0,100.0,0.0,100.0,0.0,100.0,0.0,100.0,100.0,100.0,100.0,100.0,100.0,100.0,100.0,100.0,100.0,100.0,100.0,0.0,100.0,100.0,100.0,0.0,100.0,100.0,100.0,100.0,100.0,6.896551724137936,0.0,100.0,100.0,100.0,high_traffic,0
0.016348081882411,0.022639949651227,0.36406908031,5.302062401404748e-05,0.43600001329,0.0098203659048,0.44655237193,0.0951161552050149,0.0067572071594598,0.0060152547274967,0.0192941105234306,0.0712596286372727,0.0676583686768613,0.0048774281119492,0.0463649721818978,0.0135136996857508,0.0107562375596976,0.1206315868632846,0.0648915318375362,0.9107731731285716,0.3308908180318182,0.3255909138863636,0.0570802845129927,1.583874969125,0.0229607899946666,0.22922594975,0.0170803249287969,0.1940635034511842,0.1546681685636363,1.4120571781971427,0.35440969462,0.0066046974861591,0.0233361834533333,0.0431674669135416,100.0,100.0,0.0,100.0,0.0,100.0,0.0,100.0,100.0,100.0,100.0,100.0,100.0,100.0,100.0,100.0,100.0,100.0,100.0,0.0,100.0,100.0,100.0,0.0,100.0,100.0,100.0,100.0,100.0,17.14285714285714,0.0,100.0,100.0,100.0,high_traffic,0
0.0163224159696507,0.0228004349570678,0.9292983046,4.913210868835449e-05,1.6054545502000002,0.0081428239435329,1.0719704318222223,0.0997673584988735,0.0088941574084142,0.0054356280803334,0.0203813586871428,0.0691911923210526,0.0626570752583571,0.0052275800694349,0.0546571578194285,0.0155042903290298,0.0145061047420131,0.1493801525316428,0.0767840087732624,0.9453393048714284,0.3152341842105263,0.3112105193421052,0.0650928497227142,1.2401428551142857,0.0240856329566666,0.2216185142694736,0.0171300547417857,0.2157859894149677,0.147175575528421,1.8175000286718752,0.468789284,0.0052251729085249,0.0227431569738095,0.0453885767133333,100.0,100.0,0.0,100.0,0.0,100.0,0.0,100.0,100.0,100.0,100.0,100.0,100.0,100.0,100.0,100.0,100.0,100.0,100.0,0.0,100.0,100.0,100.0,0.0,100.0,100.0,100.0,100.0,100.0,12.5,0.0,100.0,100.0,100.0,high_traffic,0
0.0164358725212691,0.0246703355507396,0.3468484083333333,5.233883857727051e-05,1.010999996016667,0.0091126615343409,0.6456911553,0.102864526490529,0.0078968234242602,0.0057170510282831,0.0220608058002739,0.0858422120272222,0.067333252449863,0.0052121958675533,0.0456438407408904,0.0131146338623258,0.0129692455102222,0.1385110436688356,0.0665049765068493,0.7849329310500001,0.3250938716368421,0.3273333443166666,0.0558150712652739,1.86587494525,0.0221293290413333,0.2298267417055556,0.0180122542013698,0.2107990691037888,0.13818751438,1.5424347521913049,0.29199156756,0.003738893160742,0.022317203605,0.03769069909575,100.0,100.0,0.0,100.0,0.0,100.0,0.0,99.8581560283688,100.0,100.0,100.0,100.0,100.0,100.0,100.0,100.0,100.0,100.0,100.0,0.0,100.0,100.0,100.0,0.0,100.0,100.0,100.0,100.0,100.0,26.086956521739125,0.0,100.0,100.0,100.0,high_traffic,0
0.0161705048710176,0.0233455337549783,0.3632524013142856,4.838705062866211e-05,0.8668889189777776,0.0087013402320038,0.6363703667,0.0933179250986242,0.0077859869115592,0.0056869182593942,0.0188339007484868,0.0765899782513043,0.0668329345445394,0.0052093706030943,0.0530526371292302,0.015117582124831,0.0145670764383493,0.1171465813726973,0.0777563290016882,0.55373465985,0.3323322793173913,0.3280869566521739,0.0630394753544736,0.5308749966374999,0.022702805196,0.2373826710565217,0.0173588787213815,0.1919058796511976,0.1564120520365217,1.214119975184,0.2523629881545454,0.0060185085628734,0.021722793575,0.0401209669670967,100.0,100.0,0.0,100.0,0.0,100.0,0.0,99.72602739726028,100.0,100.0,100.0,100.0,100.0,100.0,100.0,100.0,100.0,100.0,100.0,0.0,100.0,100.0,100.0,0.0,100.0,100.0,100.0,100.0,100.0,24.0,0.0,100.0,100.0,100.0,high_traffic,0
0.0158735386602351,0.0221083845376027,0.3862368265333333,5.3381919860839845e-05,0.492999951,0.0081806091652404,0.5054516791666667,0.0912705975071947,0.008279105305845,0.0052064517512824,0.0193457401928873,0.0709347508136363,0.064686033075845,0.0051071513986683,0.0468662053700704,0.0105560464364425,0.0112670038029565,0.1145855792444366,0.0668319379672535,1.05022597124,0.4109368107,0.4108181649363636,0.0575633787671126,1.84950005785,0.0185081640826666,0.2996348250545454,0.0173893209867605,0.1869988471471974,0.2246118891890909,1.7326875287937498,0.2917250791666666,0.0054903115533171,0.022125065323,0.0326713395363855,100.0,100.0,0.0,100.0,0.0,100.0,0.0,100.0,100.0,100.0,100.0,100.0,100.0,100.0,100.0,100.0,100.0,100.0,100.0,0.0,100.0,100.0,100.0,0.0,100.0,100.0,100.0,100.0,100.0,18.75,0.0,100.0,100.0,100.0,high_traffic,0
0.0161282056597368,0.0227377453538288,0.3750250339000001,5.55872917175293e-05,0.4453999996,0.0085022119680403,0.47552638048,0.0976722442407212,0.0075407690457083,0.0057426575748778,0.0194526960410416,0.0714954137738888,0.0644610143254861,0.0051742932363676,0.0501736137503472,0.0117708505032884,0.0133069784993552,0.1224537855727083,0.0723239330271232,0.8155844598333334,0.3307720422333333,0.3277222314944444,0.0601944410033333,1.6050000174714287,0.0250137805886666,0.2282943327844444,0.0172709193450694,0.1929572138016981,0.15299228824,1.3472173709869566,0.28867077823,0.0066287977641836,0.0221839709677272,0.0404326518328787,100.0,100.0,0.0,100.0,0.0,100.0,0.0,100.0,100.0,100.0,100.0,100.0,100.0,100.0,100.0,100.0,100.0,100.0,100.0,0.0,100.0,100.0,100.0,0.0,100.0,100.0,100.0,100.0,100.0,30.434782608695656,0.0,100.0,100.0,100.0,high_traffic,0
0.0158792646205162,0.0239867294791978,0.7572400899714287,4.774928092956543e-05,1.1608571632857143,0.0093331410304615,0.7776275456,0.0941058236560865,0.0082722510148421,0.0058076501835557,0.0192389488182236,0.0749041371822222,0.0668442327625,0.0051122453966509,0.0515921147156578,0.0184738580014776,0.0174185354465063,0.1189685651719736,0.0768243538735065,0.4878933429333333,0.3598493337111111,0.3548888894777778,0.0616710483913815,0.4753332932333333,0.0216865221613333,0.2599454985366666,0.0174035288746052,0.1924421186806587,0.1793275541388889,1.2366086680391304,0.3263857364166667,0.0061669690253644,0.0209270954085,0.0390517894973077,100.0,100.0,0.0,100.0,0.0,100.0,0.0,100.0,100.0,100.0,100.0,100.0,100.0,100.0,100.0,100.0,100.0,100.0,100.0,0.0,100.0,100.0,100.0,0.0,100.0,100.0,100.0,100.0,100.0,39.130434782608695,0.0,100.0,100.0,100.0,high_traffic,0
0.015971150640438,0.0241176827031924,0.4964216152333334,4.888192201272035e-05,0.5229999337428571,0.0089645704640764,0.5771208763000001,0.0999243433382808,0.0081452614539054,0.0057019299024164,0.0200942271422972,0.1220830976697499,0.066680803482027,0.0049195622012403,0.0454459496380405,0.0133978262296323,0.0142480203052714,0.1399785682597297,0.0663905061417931,0.4470369020666667,1.2035916630222223,1.7058947178421051,0.0555337876801351,0.4283333619,0.0193204720773333,0.61889198286875,0.016819778322027,0.2112115921042331,0.476602702399375,1.962159963432,0.2555570601999999,0.0039597310500897,0.02126356959,0.0418929700451851,100.0,100.0,0.0,100.0,0.0,100.0,0.0,100.0,100.0,100.0,100.0,100.0,100.0,100.0,100.0,100.0,100.0,100.0,100.0,0.0,77.77777777777777,73.6842105263158,100.0,0.0,100.0,100.0,100.0,100.0,100.0,16.0,0.0,100.0,100.0,100.0,high_traffic,0
0.0159138721328213,0.0258792519517747,0.3693609833374999,4.942417144775391e-05,0.4517500101875,0.0154956976559285,0.4640085696625,0.0950961130162224,0.0080959343560422,0.0057639956356372,0.0213086554661971,0.0694381475394999,0.0642636963923943,0.0049346897851683,0.0475070409302112,0.0138115628964592,0.0126141309711041,0.1238375079104929,0.0667928498844755,0.4834728836624999,0.318573534445,0.314950025035,0.0585070327879577,0.4747500121249999,0.020692857102,0.220138943141,0.0171985200429999,0.1956141662817834,0.143852102721,1.1455714413285716,0.26820214086875,0.0037360451422679,0.023202487397619,0.0372732253239682,100.0,100.0,0.0,100.0,0.0,100.0,0.0,100.0,100.0,100.0,100.0,100.0,100.0,100.0,100.0,100.0,100.0,100.0,100.0,0.0,100.0,100.0,100.0,0.0,100.0,100.0,100.0,100.0,100.0,14.285714285714292,0.0,100.0,100.0,100.0,high_traffic,0
0.0165057401521182,0.0233483889972775,0.3655262333571428,4.86135482788086e-05,0.43599990005,0.0089351435011004,0.4463589488874999,0.103084423991756,0.009706256993,0.0058440516238994,0.0216824367822388,0.0768651858560869,0.0637352341922388,0.0049874954605618,0.0477910415380597,0.0162565279961892,0.0174752589162258,0.1510194610394776,0.062270023193037,0.4964689526857143,0.3264744903217391,0.3252608464565217,0.0585895456382089,0.4575714723714285,0.0188662846833333,0.2321450295173913,0.0176454906992537,0.216929395677651,0.1508376079747826,1.0624193657322585,0.2757445914,0.0061603155988517,0.0226087028304545,0.0373300115225,100.0,100.0,0.0,100.0,0.0,100.0,0.0,100.0,100.0,100.0,100.0,100.0,100.0,100.0,100.0,100.0,100.0,100.0,100.0,0.0,100.0,100.0,100.0,0.0,100.0,100.0,100.0,100.0,100.0,25.80645161290323,0.0,100.0,100.0,100.0,high_traffic,0
0.0161135595287101,0.0243288627617441,0.3397363424,4.8547983169555664e-05,0.429749965625,0.0101906266662068,0.44687414165,0.1009442436843348,0.0082967590074604,0.0059685394158611,0.0194592492994964,0.0741182674018181,0.0651930561951079,0.0050510748828256,0.0448561263535971,0.0116523457338614,0.015109899637075,0.151352323174964,0.0649535911352857,0.9594666145,0.3869007933727272,0.3840000195545455,0.0554100712369784,0.9596667279000002,0.0180675472492857,0.2924350824636363,0.0176053791143262,0.2206229835842484,0.2099131670545454,1.1914166375833333,0.25337111945,0.0060535257500721,0.0216931819885,0.0370080641278571,100.0,100.0,0.0,100.0,0.0,100.0,0.0,100.0,100.0,100.0,100.0,100.0,100.0,100.0,100.0,100.0,100.0,100.0,100.0,0.0,100.0,100.0,100.0,0.0,100.0,100.0,100.0,100.0,100.0,33.33333333333333,0.0,100.0,100.0,100.0,high_traffic,0
0.0158536902070716,0.0221879648869606,0.3744747638333333,4.8828125e-05,0.4223333728888889,0.0081887579788771,0.4454412989555555,0.0988320308379595,0.0070900768031458,0.0053156557720977,0.0202133307809722,0.0764651012376,0.0662834147513194,0.0052779543388,0.0433888865748611,0.0147608330972359,0.0135869142133783,0.14064536157125,0.0626036892096575,0.8932490348333335,0.3418630085846154,0.331400012916,0.0531388786010416,1.2456667016,0.0214505876764285,0.2344509982588,0.0167952726926027,0.2131330362950632,0.15206770894,1.1903030202696971,0.3286484309142857,0.0066526605358582,0.0228515995827777,0.0363708951201515,100.0,100.0,0.0,100.0,0.0,100.0,0.0,100.0,100.0,100.0,100.0,100.0,100.0,100.0,100.0,100.0,100.0,100.0,100.0,0.0,100.0,100.0,100.0,0.0,100.0,100.0,100.0,100.0,100.0,33.33333333333333,0.0,100.0,100.0,100.0,high_traffic,0
0.0166017777826604,0.025199030778163,0.3521663775230769,5.245804786682129e-05,0.4239167371916667,0.0119073304227636,0.4433175324833333,0.1000312675040593,0.0086935137345492,0.0061071120861312,0.0182533667080563,0.0815670603709523,0.0649458304144366,0.0047498705353712,0.049697170787676,0.0130691234839327,0.014551955458575,0.1409453371576056,0.0742400420910416,0.96125697924,0.3719170887809524,0.3668095270285714,0.0598661916247183,1.37499999858,0.0266445477753333,0.2665059679619047,0.0178066895003521,0.2105164025747133,0.1725345338785714,1.3483124800656252,0.33039373107,0.0046646677203892,0.025114525445,0.0435676664618867,100.0,100.0,0.0,100.0,0.0,100.0,0.0,99.71056439942112,100.0,100.0,100.0,100.0,100.0,100.0,100.0,100.0,100.0,100.0,100.0,0.0,100.0,100.0,100.0,0.0,100.0,100.0,100.0,100.0,100.0,15.625,0.0,100.0,100.0,100.0,high_traffic,0
0.0153408360834444,0.02330559058935,0.3797161181333333,5.183219909667969e-05,0.469399929,0.0090248136217574,0.48830285068,0.1025844271114464,0.0068999954621428,0.0054741808952271,0.0204273649582857,0.0771959744915384,0.0659134353817857,0.00529916405567,0.0496714285357142,0.0129609590927527,0.0114166770152112,0.1724037050799285,0.0702208382618571,0.52211558815,0.3741886798615385,0.3691538846846153,0.0598214421842142,0.48350006335,0.0237142085973333,0.2621414294230769,0.017454757961223,0.2384925995650322,0.1805712809646153,1.1859047374809524,0.29708607193,0.0036979931493391,0.0218379259075,0.041712942403582,100.0,100.0,0.0,100.0,0.0,100.0,0.0,99.8531571218796,100.0,100.0,100.0,100.0,100.0,100.0,100.0,100.0,100.0,100.0,100.0,0.0,100.0,100.0,100.0,0.0,100.0,100.0,100.0,100.0,100.0,19.04761904761905,0.0,100.0,100.0,100.0,high_traffic,0
0.0158513429978678,0.0245073883124404,0.756678519525,5.016326904296875e-05,0.7789999611999999,0.0092855635883825,0.7882550543333333,0.0999168906345153,0.0080413738871799,0.0057233959524408,0.020562020933,0.149822334425,0.0660563961544,0.0048362039374809,0.0556733115397333,0.0154869402875469,0.0129716484602098,0.1519238455677333,0.0815671904710666,0.5217778682333334,1.0623358755692307,1.1520000225153846,0.0665999984616666,0.4923333326666666,0.0245533148386666,0.5953964185916667,0.0168797747247333,0.2209661338384242,0.4362426987833334,1.9051904743666663,0.3792428288428571,0.0037156657152962,0.0216740012135,0.039367220614,100.0,100.0,0.0,100.0,0.0,100.0,0.0,100.0,100.0,100.0,100.0,100.0,100.0,100.0,100.0,100.0,100.0,100.0,100.0,0.0,84.61538461538461,84.61538461538461,100.0,0.0,100.0,100.0,100.0,100.0,100.0,23.80952380952381,0.0,100.0,100.0,100.0,high_traffic,0
0.0155556488153191,0.0217716081860036,0.3543356258999999,5.083680152893066e-05,0.4556666214666666,0.0082215126163139,0.4687507151999999,0.0974202659494312,0.0075222910656666,0.0053401563382686,0.0184952093583673,0.0701514940938461,0.0655983224102721,0.0051830724807246,0.0461904775449659,0.0129647464160662,0.0138846088830235,0.1476734008557823,0.063797417130136,0.4480942249,0.4209057734,0.4146153743,0.0561496432848299,0.4276000976199999,0.0226075649213333,0.3078708648184615,0.0170020765140816,0.2175455269606172,0.2330823677753846,1.0772941505705884,0.2673224508125,0.00757862004256,0.0217805266345,0.0384237650854838,100.0,100.0,0.0,100.0,0.0,100.0,0.0,99.71830985915491,100.0,100.0,100.0,100.0,100.0,100.0,100.0,100.0,100.0,100.0,100.0,0.0,100.0,100.0,100.0,0.0,100.0,100.0,100.0,100.0,100.0,29.411764705882348,0.0,100.0,100.0,100.0,high_traffic,0
0.0162077916921009,0.0229177771281655,0.4111814101,5.729993184407552e-05,0.4753333727166666,0.00846236199,0.4936962127166666,0.0937144505197353,0.0073022024463138,0.005527887548025,0.0203141539585401,0.0732414563446666,0.0648490094689051,0.0053027305495685,0.0464744602613138,0.0137242530373259,0.0110129882102564,0.1223892016624817,0.0647262998886428,0.6574620405166667,0.3702012538466667,0.3631332555933333,0.0569926961420437,1.111428599957143,0.024711942668,0.2634442010999999,0.0176007609389855,0.192779704100921,0.1848860104613333,1.4498076947846157,0.349674522825,0.0055629946955858,0.0208516836135,0.0437527561142,100.0,100.0,0.0,100.0,0.0,100.0,0.0,99.84962406015038,100.0,100.0,100.0,100.0,100.0,100.0,100.0,100.0,100.0,100.0,100.0,0.0,100.0,100.0,100.0,0.0,100.0,100.0,100.0,100.0,100.0,11.538461538461531,0.0,100.0,100.0,100.0,high_traffic,0
0.0161408095962578,0.023015280451665,0.3815327644,4.94837760925293e-05,1.360625027725,0.0084854033539515,0.7659595678999999,0.0967313783405726,0.0083192612250921,0.0056595327157556,0.0184025967330496,0.0776250481555,0.0662447814290071,0.0048817829104825,0.0539078120359574,0.0147244718449796,0.0126067553768548,0.1250881505816312,0.0725955829525874,0.52429647442,0.348037993865,0.342049968185,0.0642695223293617,0.5131999969,0.023530292506,0.240085816341,0.0168645432609929,0.2020818452747436,0.1558473586635,1.2973333368958333,0.2607205347181818,0.0036050579748123,0.0209095478034782,0.0409714903097142,100.0,100.0,0.0,100.0,0.0,100.0,0.0,99.42028985507248,100.0,100.0,100.0,100.0,100.0,100.0,100.0,100.0,100.0,100.0,100.0,0.0,100.0,100.0,100.0,0.0,100.0,100.0,100.0,100.0,100.0,33.33333333333333,0.0,100.0,100.0,100.0,high_traffic,0
0.0161654699384603,0.0224064147241414,0.3684329191333333,4.81489228039253e-05,0.5019999344666667,0.0088796528360548,0.5288043021666667,0.0957278363642529,0.0073489870333857,0.0054991780573904,0.0171942659742142,0.1201415359687499,0.0648167099181428,0.00491572499175,0.0427857194562142,0.0147667045699643,0.0138103919340714,0.1392069219515714,0.0620185375117142,0.48588995135,0.8251940631764707,1.34327778495,0.0530428562773571,0.4784999688166667,0.026488876338,0.41966786909375,0.0174630692986428,0.207489233541871,0.286650388945,1.5780000158416667,0.2771547369888889,0.0070143457031919,0.0221167921984999,0.0390103232643661,100.0,100.0,0.0,100.0,0.0,100.0,0.0,100.0,100.0,100.0,100.0,100.0,100.0,100.0,100.0,100.0,100.0,100.0,100.0,0.0,82.35294117647058,77.77777777777777,100.0,0.0,100.0,100.0,100.0,100.0,100.0,20.83333333333333,0.0,100.0,100.0,100.0,high_traffic,0
0.0161522181009951,0.0241838534636051,0.3609937599285714,4.889369010925293e-05,0.4219999710166667,0.008378181701282,0.4632650102428571,0.0971747595852451,0.0066298436415652,0.0055768351740544,0.0169012822923478,0.0745800825207692,0.0676003469830434,0.0051163471840515,0.0418840404815942,0.0134106335826669,0.009631023954673,0.142298739853913,0.0575964176302158,0.5600817203,0.3511496952,0.3456153868999999,0.0519782598373913,0.5500001907,0.0258160318607142,0.2492877152538461,0.0180047818550714,0.2143322229003289,0.1663033044815384,1.0428420834052632,0.273716330475,0.003893440418576,0.022385966774,0.0482741196907692,100.0,100.0,0.0,100.0,0.0,100.0,0.0,100.0,100.0,100.0,100.0,100.0,100.0,100.0,100.0,100.0,100.0,100.0,100.0,0.0,100.0,100.0,100.0,0.0,100.0,100.0,100.0,100.0,100.0,31.57894736842105,0.0,100.0,100.0,100.0,high_traffic,0
0.016154515551365,0.0244155685072169,0.7296371721444443,4.865527153015136e-05,1.0653750290125,0.0088334692832777,0.6711801108428571,0.09906950100475,0.0078095589353928,0.00599092137419,0.0185370615507142,0.0956856727366666,0.0658754689248571,0.0051810204973699,0.0654285703267142,0.0146339297960355,0.0115219354604833,0.1396848201399285,0.0926162407264788,0.516812860925,0.5402853964133333,0.53573330234,0.0763571381434285,0.4937499761,0.025241883592,0.3567953898466666,0.0180130175138571,0.214241149310258,0.254338947656,1.5352692088923077,0.3583409984416667,0.0036275872464105,0.0226225495305,0.039469812732459,100.0,100.0,0.0,100.0,0.0,100.0,0.0,100.0,100.0,100.0,100.0,100.0,100.0,100.0,100.0,100.0,100.0,100.0,100.0,0.0,100.0,100.0,100.0,0.0,100.0,100.0,100.0,100.0,100.0,15.384615384615389,0.0,100.0,100.0,100.0,high_traffic,0
0.0159870639298759,0.0235160679886437,0.4333512782666666,5.06281852722168e-05,0.4523999213799999,0.0079505102969387,0.46482424732,0.0981779878268321,0.0085422181408819,0.005555207959448,0.0201212598178472,0.0786411591885714,0.0659864395770833,0.0049246140546323,0.0470555358391666,0.0144425237602922,0.0129976234710952,0.1415261394032639,0.0673504105823448,0.49367761605,0.3453948156785714,0.3411428587357143,0.0575069652552777,0.50400006765,0.0226684252366666,0.2557317188357143,0.0166619585575,0.2108501337909434,0.1726828983399999,1.0013529118941178,0.32999510762,0.0034316171668973,0.02318432114,0.0417058409663414,100.0,100.0,0.0,100.0,0.0,100.0,0.0,99.71305595408896,100.0,100.0,100.0,100.0,100.0,100.0,100.0,100.0,100.0,100.0,100.0,0.0,100.0,100.0,100.0,0.0,100.0,100.0,100.0,100.0,100.0,41.1764705882353,0.0,100.0,100.0,100.0,high_traffic,0
0.0159736221799065,0.0230417994167142,0.3710225649571428,5.187392234802246e-05,0.4427142483428571,0.0083064583107547,0.4629998206714285,0.0924181077935902,0.0069239923158181,0.0055712123095865,0.0184239974345244,0.0703170732963636,0.0622669750063636,0.0051228953102807,0.044314689562937,0.0129065769382321,0.0137799961428732,0.1135783095141258,0.0631549672835416,0.5013160704999999,0.3006725419090909,0.2930000044636363,0.0548391575490209,0.46850001805,0.024477958674,0.2090146324318182,0.0164172699355244,0.1839078392792405,0.13186410338,0.8938148351999999,0.2563058799555555,0.0037255677298916,0.0212534155082142,0.0438135419517142,100.0,100.0,0.0,100.0,0.0,100.0,0.0,99.85569985569984,100.0,100.0,100.0,100.0,100.0,100.0,100.0,100.0,100.0,100.0,100.0,0.0,100.0,100.0,100.0,0.0,100.0,100.0,100.0,100.0,100.0,48.14814814814815,0.0,100.0,100.0,100.0,high_traffic,0
0.0162410707067325,0.0235156209675823,0.38432340618,4.80353832244873e-05,0.43220000262,0.0094501543567752,0.45230092998,0.0954465657070254,0.0066017682849115,0.005550572335231,0.0200398779191156,0.0717502762234705,0.0665020018119727,0.0050811767568743,0.0506122452793197,0.0153682607561206,0.0132486820189199,0.1282889550627211,0.0712106483787248,0.4495297908199999,0.3627130564058823,0.3548823243941176,0.0607619009761904,0.42339997286,0.0290579954733333,0.2396618477882353,0.0170772789244217,0.2004611447592593,0.1636007392747059,0.989947390868421,0.26622154708,0.0055528337290291,0.0219718813866666,0.038760448751228,100.0,100.0,0.0,100.0,0.0,100.0,0.0,100.0,100.0,100.0,100.0,100.0,100.0,100.0,100.0,100.0,100.0,100.0,100.0,0.0,100.0,100.0,100.0,0.0,100.0,100.0,100.0,100.0,100.0,36.8421052631579,0.0,100.0,100.0,100.0,high_traffic,0
0.0163468700494912,0.0230705484960669,0.3569842337799999,4.8267841339111325e-05,0.4245999812600001,0.0086746473887422,0.4313384532400001,0.0963820329493151,0.0070512517737266,0.0054717249957549,0.0202682858706474,0.1232791542733333,0.0652350778944604,0.0047281423395125,0.0506402965817266,0.0162961032719983,0.013219472130409,0.132612283248633,0.071224576180922,0.4964733917999999,0.9960320910923076,1.48526669974,0.0608129501210071,0.4706667263666667,0.02305429776,0.5313514264666667,0.0166476973482733,0.201730478859026,0.3940445376066666,1.966368408668421,0.2516545354625,0.0036131824751773,0.0237532854045833,0.0385364897408642,100.0,100.0,0.0,100.0,0.0,100.0,0.0,100.0,100.0,100.0,100.0,100.0,100.0,100.0,100.0,100.0,100.0,100.0,100.0,0.0,84.61538461538461,86.66666666666667,100.0,0.0,100.0,100.0,100.0,100.0,100.0,15.78947368421052,0.0,100.0,100.0,100.0,high_traffic,0
0.0165043996278178,0.0244282367400463,0.35475006098,4.948973655700683e-05,0.43319997782,0.0075346001784403,0.45206871028,0.104229697628195,0.0075325159947112,0.0059730686910078,0.0188715155651408,0.0709204456972727,0.0683515911261267,0.0052429024527821,0.0463662113860563,0.0139460370378964,0.0166800464519278,0.1506136184683802,0.0643638996745578,0.58669774501,0.3160366182086956,0.3087727156181818,0.0565422538223943,0.8349999577222224,0.0202151457413333,0.2031981836272727,0.0178762823295833,0.2242826746402547,0.1280865343768182,1.1610937237968748,0.3021602209411765,0.0074504997035974,0.021504986283,0.0417229731830555,100.0,100.0,0.0,100.0,0.0,100.0,0.0,100.0,100.0,100.0,100.0,100.0,100.0,100.0,100.0,100.0,100.0,100.0,100.0,0.0,100.0,100.0,100.0,0.0,100.0,100.0,100.0,100.0,100.0,28.125,0.0,100.0,100.0,100.0,high_traffic,0
0.0156660702528725,0.0233448900983068,0.3425750996666666,4.980564117431641e-05,0.4281250535999999,0.0092557565801218,0.43362660403,0.0959203297426794,0.0072541187874863,0.0056170878069345,0.0175744066458904,0.0705983513226315,0.067210342774726,0.0049792632305339,0.0434178195528767,0.0150523614407862,0.0122757793995324,0.1304159784659589,0.0603475211329452,0.4559421141333333,0.3255850360047619,0.3297894878894737,0.0534999876735616,0.4438332318666666,0.0254572232526666,0.2377892920315789,0.0170115299585211,0.203047965586708,0.1633361012968421,1.095538475330769,0.2487236022533333,0.0039505660520876,0.02140846252,0.0392548864483636,100.0,100.0,0.0,100.0,0.0,100.0,0.0,99.85754985754986,100.0,100.0,100.0,100.0,100.0,100.0,100.0,100.0,100.0,100.0,100.0,0.0,100.0,100.0,100.0,0.0,100.0,100.0,100.0,100.0,100.0,19.230769230769223,0.0,100.0,100.0,100.0,high_traffic,0
0.0159564313964165,0.0233921281794322,0.4066403706333333,4.993677139282226e-05,0.5136667091999999,0.0087578266594958,0.5182004769333334,0.0942981436302816,0.0072976391317823,0.0055113424646173,0.0189846891889115,0.0759128542457647,0.0653469854372789,0.0049114630408405,0.0399727853729455,0.0120262966168732,0.012854889255,0.1190353704655782,0.0560693518232,0.4346769252999999,0.3551047408823529,0.3527059133823529,0.0500680264912244,0.43140001292,0.0244370778353333,0.2593563584352941,0.0171284143945945,0.1912194622505555,0.1749830806617647,0.9559999616904762,0.277257949075,0.0042495683375536,0.0216286750038095,0.0458734773404761,100.0,100.0,0.0,100.0,0.0,100.0,0.0,100.0,100.0,100.0,100.0,100.0,100.0,100.0,100.0,100.0,100.0,100.0,100.0,0.0,100.0,100.0,100.0,0.0,100.0,100.0,100.0,100.0,100.0,42.85714285714285,0.0,100.0,100.0,100.0,high_traffic,0
0.0158539815834548,0.0232300453688258,0.3542757828666667,5.098581314086914e-05,1.5194285933714284,0.0089887788270995,0.8563441421499999,0.0925742607817566,0.0090334057794428,0.0055896941020927,0.0191650254345,0.0916310611447368,0.0661829658802142,0.005031957624965,0.0455714413033571,0.01576779335887,0.0130306865457321,0.1091458337356428,0.0625174214541843,0.4538879791499999,0.3664322807142857,0.3425789380789473,0.0555642689892857,0.4206666548666666,0.0236143747926666,0.24231372378,0.0167502284007857,0.1824634997701935,0.14664193201,1.3386153689000002,0.2467451095333333,0.003724902866888,0.0219758011014285,0.039130515060862,100.0,100.0,0.0,100.0,0.0,100.0,0.0,99.8533724340176,100.0,100.0,100.0,100.0,100.0,100.0,100.0,100.0,100.0,100.0,100.0,0.0,100.0,100.0,100.0,0.0,100.0,100.0,100.0,100.0,100.0,26.92307692307692,0.0,100.0,100.0,100.0,high_traffic,0
0.0158881477957717,0.0225809723955822,0.33621209855,5.1473959898337336e-05,1.3356000406300002,0.0084451150113957,0.8242583513888889,0.0985088908780059,0.0074199386252028,0.0057942922663744,0.0171504107035217,0.0764042190830434,0.0630135968011594,0.0048755624066666,0.0715072517378261,0.0136009917732879,0.0128834981151846,0.1352388737472463,0.0842512448423188,0.4303803443363636,0.3131500015652174,0.3083043719913043,0.0818260873076086,0.416090900190909,0.0230785369813333,0.2194475816217391,0.0170681932349264,0.2170668083705882,0.1384422260434782,1.4029310618344828,0.2620606868874999,0.0054140654459203,0.0214797417266666,0.0406689056408695,100.0,100.0,0.0,100.0,0.0,100.0,0.0,100.0,100.0,100.0,100.0,100.0,100.0,100.0,100.0,100.0,100.0,100.0,100.0,0.0,100.0,100.0,100.0,0.0,100.0,100.0,100.0,100.0,100.0,10.34482758620689,0.0,100.0,100.0,100.0,high_traffic,0
0.0156221991650163,0.0239782455953141,0.36515140528,4.987120628356934e-05,0.4805000424,0.0094191554703014,0.49281984565,0.0987107659688106,0.0084511686242222,0.0058597102535953,0.0202862262678518,0.0734043771509091,0.065579055848074,0.0049445763604102,0.0446074203143703,0.0129233258244323,0.0173027735454307,0.1503705306828888,0.0629022569493233,0.8631147146,0.37282223697,0.3469090678090909,0.0553407262798518,0.7820000648000001,0.0201696395826666,0.25235186918,0.0171949174627407,0.2176039774806666,0.1757955550918181,1.10637497620625,0.26005797382,0.0056556888974915,0.022512984273,0.0349191394066666,100.0,100.0,0.0,100.0,0.0,100.0,0.0,100.0,100.0,100.0,100.0,100.0,100.0,100.0,100.0,100.0,100.0,100.0,100.0,0.0,100.0,100.0,100.0,0.0,100.0,100.0,100.0,100.0,100.0,31.25,0.0,100.0,100.0,100.0,high_traffic,0
0.0160892504829233,0.0242355042956547,0.4485078917111111,5.324482917785644e-05,0.4562499820625,0.0091341601466666,0.468656063025,0.0939841072791035,0.0077617237023237,0.0059070102044388,0.0198205374941726,0.0726236979106666,0.065629816728705,0.0048612122549095,0.0493597023698561,0.0154888190962217,0.0119594671764102,0.1208315238322302,0.0755243661467626,0.527355968875,0.3760750611066666,0.3730666636933333,0.0599568353156834,0.51349997515,0.0239549636799999,0.2842886765266667,0.0172312122416546,0.1914878912996753,0.2064533868966667,1.1939166555291667,0.2933322701714286,0.0037241068740497,0.0233241915675,0.045154003865238,100.0,100.0,0.0,100.0,0.0,100.0,0.0,100.0,100.0,100.0,100.0,100.0,100.0,100.0,100.0,100.0,100.0,100.0,100.0,0.0,100.0,100.0,100.0,0.0,100.0,100.0,100.0,100.0,100.0,12.5,0.0,100.0,100.0,100.0,high_traffic,0
0.0165982747313586,0.0252391414294845,0.481244564,4.900097846984864e-05,0.7843333879666666,0.005984663963,0.8026401201333333,0.097515221375416,0.0071725997507092,0.0061027676937391,0.0200725531697872,0.1009357486335714,0.0654527210919858,0.0051475491004974,0.054999999084539,0.0137637590411956,0.0118406042436562,0.1270382488518439,0.0715798306875352,0.5166983604000001,0.73669923116,0.8216667010333333,0.0656028453129787,0.488250136325,0.0229279143414285,0.3893108024071429,0.0177940734632394,0.205000163562,0.28422592295,1.44679997735,0.31953091616,0.0036416436934596,0.0221189657816666,0.0442567253058,100.0,100.0,0.0,100.0,0.0,100.0,0.0,99.7080291970803,100.0,100.0,100.0,100.0,100.0,100.0,100.0,100.0,100.0,100.0,100.0,0.0,86.66666666666667,86.66666666666667,100.0,0.0,100.0,100.0,100.0,100.0,100.0,30.0,0.0,100.0,100.0,100.0,high_traffic,0
0.0160754460801351,0.0235828148654911,0.3523372278777777,5.196928977966309e-05,0.4253333144111111,0.0086383239384752,0.4569942685888889,0.1023128055737122,0.0088790026853783,0.0056951315098554,0.0211097324170945,0.07803875207375,0.0661017846296621,0.0051558040643461,0.0406959395094324,0.0114538700653013,0.0159710148941111,0.1500003224751351,0.0619938103263333,0.468990743125,0.3601050674375,0.3557499944625,0.0507837823856081,0.4465000032749999,0.0219858328453333,0.25333668286875,0.0165145873983333,0.2191521901643559,0.172370314565,1.185359999096,0.2746878586846154,0.0036818897502586,0.0243003070324999,0.0338720273236231,100.0,100.0,0.0,100.0,0.0,100.0,0.0,100.0,100.0,100.0,100.0,100.0,100.0,100.0,100.0,100.0,100.0,100.0,100.0,0.0,100.0,100.0,100.0,0.0,100.0,100.0,100.0,100.0,100.0,12.0,0.0,100.0,100.0,100.0,high_traffic,0
0.0159247601183582,0.0235280563921048,0.33704084155,5.0568580627441405e-05,0.460500061475,0.0088899445590185,0.47683078045,0.0980148285389445,0.0091667334225333,0.00575538802783,0.0209170516290666,0.0837782691405882,0.0653383318486,0.0050287212635095,0.0498999977028666,0.0151356385692373,0.0129517775287538,0.1350997797304,0.0695620498813245,0.6902190843833332,0.3464979002882353,0.3454117494058823,0.0608133284140666,0.6558334032166667,0.0229838848066666,0.2527870570411764,0.0176264683367333,0.2059939137921212,0.1633125893864705,1.219708291075,0.3622420072,0.0052696011267254,0.02149969339,0.038249054257258,100.0,100.0,0.0,100.0,0.0,100.0,0.0,99.86130374479887,100.0,100.0,100.0,100.0,100.0,100.0,100.0,100.0,100.0,100.0,100.0,0.0,100.0,100.0,100.0,0.0,100.0,100.0,100.0,100.0,100.0,29.16666666666667,0.0,100.0,100.0,100.0,high_traffic,0
0.015867098133364,0.0245400025256706,0.3760397698666666,5.707144737243652e-05,0.4490000406444444,0.0087706780414,0.4660275246777778,0.1006287521477332,0.0068669352029241,0.0059524641855603,0.0180123444213103,0.09184673853,0.0669261406116551,0.004984606765239,0.0457034423369655,0.012560380880788,0.0132535391045465,0.1536244474247586,0.0605671079099315,0.45578031534,0.3845438275571428,0.3764286040619047,0.0562689715323448,0.4313999652199999,0.0269493102986666,0.2536803086095238,0.0176656968119014,0.2235718369075625,0.1564047109204762,1.131870950767742,0.2652815304769231,0.003695087772134,0.0222716416571428,0.0467719424810909,100.0,100.0,0.0,100.0,0.0,100.0,0.0,100.0,100.0,100.0,100.0,100.0,100.0,100.0,100.0,100.0,100.0,100.0,100.0,0.0,100.0,100.0,100.0,0.0,100.0,100.0,100.0,100.0,100.0,22.58064516129032,0.0,100.0,100.0,100.0,high_traffic,0
0.0159872843727488,0.022452747425277,0.8839288928000001,4.850029945373536e-05,1.1938571570142855,0.0081589259995212,0.6937932014,0.0958601716039443,0.0080153371236478,0.0053363644567037,0.0191695068882394,0.0694386080600526,0.0660438520694366,0.005278344200599,0.0467887310833521,0.0173630303858746,0.0130358537011733,0.1270847689604929,0.0708121600080821,0.6125559203,0.324004107,0.3287894474368421,0.0569436734738732,0.5802500225999999,0.0182844002993333,0.2313036918105263,0.0179267366119014,0.1999487830948407,0.1474857706431579,1.290639970348,0.4416335423222222,0.0069205583020339,0.022670769688,0.0338296741196875,100.0,100.0,0.0,100.0,0.0,100.0,0.0,100.0,100.0,100.0,100.0,100.0,100.0,100.0,100.0,100.0,100.0,100.0,100.0,0.0,100.0,100.0,100.0,0.0,100.0,100.0,100.0,100.0,100.0,36.0,0.0,100.0,100.0,100.0,high_traffic,0
0.0161859507822535,0.0235809899910376,0.3752125330857143,5.035996437072754e-05,0.4557142938571429,0.0085184004615668,0.4588184015571429,0.097443466767058,0.0083991020481197,0.0058268675665681,0.0204487283425352,0.0742102596405555,0.0654572668092957,0.0051343252150742,0.0479859130405633,0.0145484244129681,0.0138247433796029,0.1323096667866197,0.0671501584131506,0.4980719684999999,0.37296121645,0.3681111198111111,0.0581690156866197,0.479999899825,0.0220195929166666,0.2812683316833333,0.0169810392441549,0.2027531687273248,0.2024643420833333,1.0398636265772725,0.2492446031818182,0.0037943229329213,0.0222514976127272,0.03603052714,100.0,100.0,0.0,100.0,0.0,100.0,0.0,100.0,100.0,100.0,100.0,100.0,100.0,100.0,100.0,100.0,100.0,100.0,100.0,0.0,100.0,100.0,100.0,0.0,100.0,100.0,100.0,100.0,100.0,31.818181818181813,0.0,100.0,100.0,100.0,high_traffic,0
0.0154086956814037,0.0227271056405754,0.3376873969599999,5.132555961608887e-05,0.4205555120666666,0.0087823978961139,0.4309672779222222,0.0983544741242412,0.007772946187468,0.0055086604471793,0.0208497757561702,0.0807667705688889,0.0642378127224822,0.0048739981287412,0.0542553130541134,0.0130859231781632,0.0149962419164936,0.1387327596320567,0.0767832943960563,0.47968071695,0.3274992968833333,0.3237777815444445,0.0653120625839007,0.462000012375,0.0207349141386666,0.2359592384277777,0.0175297075548591,0.2089104896475641,0.1521443790494444,1.056190465204762,0.2523806278,0.0037325035429181,0.0213995547480952,0.0373204998301449,100.0,100.0,0.0,100.0,0.0,100.0,0.0,100.0,100.0,100.0,100.0,100.0,100.0,100.0,100.0,100.0,100.0,100.0,100.0,0.0,100.0,100.0,100.0,0.0,100.0,100.0,100.0,100.0,100.0,23.80952380952381,0.0,100.0,100.0,100.0,high_traffic,0
0.0162917585692553,0.0245375059470449,0.3448603947333333,5.5390596389770505e-05,0.4413332938666667,0.0089529636816527,0.4581844011333333,0.0966434458336455,0.0066987949150612,0.005936524646687,0.0177863438880272,0.0771235552654545,0.0649520653341496,0.0049228875524251,0.0546122327049659,0.0158307813140708,0.0135979523500135,0.1382043296423129,0.0744734712421621,0.4713982172857142,0.3809433633090908,0.3756363608181818,0.0654761953310884,0.4495714391142857,0.0251552581746666,0.2832559671818181,0.0171733972933333,0.2077811691093826,0.204344901130909,1.253833343627778,0.2571558735090909,0.0041518514794295,0.0228908252688,0.0471759637131372,100.0,100.0,0.0,100.0,0.0,100.0,0.0,100.0,100.0,100.0,100.0,100.0,100.0,100.0,100.0,100.0,100.0,100.0,100.0,0.0,100.0,100.0,100.0,0.0,100.0,100.0,100.0,100.0,100.0,5.555555555555557,0.0,100.0,100.0,100.0,high_traffic,0
0.0156887627044756,0.0232325106670847,0.52448744768,5.3387880325317386e-05,0.5712500214,0.0086724612533091,0.57411708828,0.1005446546389064,0.0082304288207218,0.005477772671059,0.0187923071353642,0.0939104027155555,0.0657191529066887,0.0049744228222415,0.0476953935857615,0.0140222225169403,0.0112878686900337,0.1533615051956953,0.0714892109365563,0.4966356754,0.41626482005,0.4168888462444444,0.0578609160142384,0.50099992745,0.0246328285714285,0.3198271856888889,0.0167400135671895,0.2234502618579394,0.2219061056211111,1.2605333302333332,0.3439840929428571,0.0037653836324236,0.0218995050913636,0.038192561264125,100.0,100.0,0.0,100.0,0.0,100.0,0.0,100.0,100.0,100.0,100.0,100.0,100.0,100.0,100.0,100.0,100.0,100.0,100.0,0.0,100.0,100.0,100.0,0.0,100.0,100.0,100.0,100.0,100.0,20.0,0.0,100.0,100.0,100.0,high_traffic,0
0.0161259255338025,0.0237625466865162,0.4813434395857143,5.3095817565917966e-05,0.5856666947999999,0.0089329195503125,0.6145517819333334,0.0956539707823592,0.0085329504767956,0.0057273410543263,0.0194116160774452,0.0743915012864285,0.0656495859924087,0.0049813761921421,0.0469562032718248,0.0129440101320102,0.0155934439733333,0.1187768626017518,0.0669916591653623,0.5324985980333333,0.3754671811428571,0.3702142919285714,0.0573211829930657,0.5016667047666666,0.019644689554,0.2683967351357142,0.0176124398681751,0.1897764629034868,0.187824623895,1.160526310526316,0.33575808998,0.0038208441288998,0.0217928886391304,0.038952488642807,100.0,100.0,0.0,100.0,0.0,100.0,0.0,100.0,100.0,100.0,100.0,100.0,100.0,100.0,100.0,100.0,100.0,100.0,100.0,0.0,100.0,100.0,100.0,0.0,100.0,100.0,100.0,100.0,100.0,26.315789473684205,0.0,100.0,100.0,100.0,high_traffic,0
0.0166748392667731,0.0231443407810872,0.4790541529125,4.993081092834473e-05,0.5291250049625,0.0084404193825,0.5558715159375,0.09794682721371,0.0064188902314532,0.005550157765002,0.0191122113328776,0.0726069776589473,0.064865077989928,0.00536279822,0.0471582635609352,0.0117715737803548,0.0124633896995283,0.1317513897759712,0.0718686321360145,0.45231246944,0.3573664363526316,0.3570000246473684,0.0572949604920143,0.4386000155799999,0.0263132572133333,0.2620765158578947,0.0175980982078102,0.2019780657103896,0.1843669037726315,1.0957727520636364,0.2795757329846154,0.0071588776315217,0.0223290378372727,0.0481213744753061,100.0,100.0,0.0,100.0,0.0,100.0,0.0,100.0,100.0,100.0,100.0,100.0,100.0,100.0,100.0,100.0,100.0,100.0,100.0,0.0,100.0,100.0,100.0,0.0,100.0,100.0,100.0,100.0,100.0,27.272727272727263,0.0,100.0,100.0,100.0,high_traffic,0
0.0156912996736604,0.0242929640979855,0.3698796430833333,4.752278327941894e-05,0.4436666965,0.0119767333502424,0.4502683480166666,0.0929628648359826,0.0075062488332027,0.0058378036550264,0.0174614082633776,0.0983465512466666,0.0677229674453146,0.0052233329536206,0.0431468670123776,0.0114455929703951,0.0153393710330441,0.1135427668075524,0.0609250249449655,0.4612029393,0.3793530463666667,0.3726665973,0.0533146891478321,0.4493332703666666,0.0242484410553333,0.2696764468583333,0.0167226057745454,0.1876598852662025,0.1659283041608333,1.1593683978210527,0.2558155059333333,0.0035121653747507,0.0230812159418181,0.0406834804048076,100.0,100.0,0.0,100.0,0.0,100.0,0.0,100.0,100.0,100.0,100.0,100.0,100.0,100.0,100.0,100.0,100.0,100.0,100.0,0.0,100.0,100.0,100.0,0.0,100.0,100.0,100.0,100.0,100.0,15.78947368421052,0.0,100.0,100.0,100.0,high_traffic,0
0.0160861195735684,0.0221088803182884,0.40178036686,5.028843879699707e-05,0.4474999506666666,0.0081885006176282,0.4757000604833333,0.0913771772749373,0.0087799784051666,0.0056188325280674,0.0190971225888405,0.0741260647733333,0.0654197119185507,0.0051997406303181,0.0470579707025362,0.0110199714316844,0.0125480044246935,0.1055840633631159,0.0675754547012318,0.4923285642666666,0.3555470704416666,0.3492499986833333,0.0574202934821014,0.4676667054,0.0213973522126666,0.250104407425,0.0175449381663043,0.1792255133207843,0.1724987029766666,1.0932857115714285,0.2578192551444445,0.0065265556537428,0.0223014593085,0.0375605445110526,100.0,100.0,0.0,100.0,0.0,100.0,0.0,100.0,100.0,100.0,100.0,100.0,100.0,100.0,100.0,100.0,100.0,100.0,100.0,0.0,100.0,100.0,100.0,0.0,100.0,100.0,100.0,100.0,100.0,21.42857142857143,0.0,100.0,100.0,100.0,high_traffic,0
0.0171985070137699,0.0244858382786785,0.4179293155,4.857182502746582e-05,0.48659996982,0.009216705169995,0.507771909175,0.0990173618809866,0.0134286033915072,0.0058093701080821,0.0203127152636231,0.0760750997580952,0.0641493227062318,0.0051108117044242,0.0415144882255072,0.0151553437338868,0.0165254079343076,0.1313960776492029,0.0575538712941134,0.4476493199,0.33534382577,0.3336666765142858,0.0521956682139855,0.4288571221142857,0.0183604876153333,0.2407409235952381,0.0171512600359859,0.2005168191357516,0.1613478092628571,0.9994999690038462,0.2704215049333333,0.0035788289126235,0.0221616268125,0.0384981632183333,100.0,100.0,0.0,100.0,0.0,100.0,0.0,100.0,100.0,100.0,100.0,100.0,100.0,100.0,100.0,100.0,100.0,100.0,100.0,0.0,100.0,100.0,100.0,0.0,100.0,100.0,100.0,100.0,100.0,34.61538461538461,0.0,100.0,100.0,100.0,high_traffic,0
0.0165944546891384,0.024484856060639,0.3697361945714285,5.021095275878906e-05,0.43249992525,0.0084450928873524,0.4528605142666667,0.0983226820121342,0.0068540836189931,0.0058686808570214,0.0201383541330344,0.0970340750304545,0.0650124138684827,0.0050204579414487,0.0523310250153793,0.0145456719788014,0.0123571350739324,0.1377468766282759,0.0772243901321232,0.5033076762800001,0.3624947178863636,0.3595908988227272,0.0626689647675862,0.48039994234,0.026683998104,0.2577449949818181,0.0173748624693103,0.2077455043315625,0.1535195437095455,1.006346168196154,0.2760081092083333,0.0037942220412639,0.0224282564922222,0.040554144160909,100.0,100.0,0.0,100.0,0.0,100.0,0.0,100.0,100.0,100.0,100.0,100.0,100.0,100.0,100.0,100.0,100.0,100.0,100.0,0.0,100.0,100.0,100.0,0.0,100.0,100.0,100.0,100.0,100.0,42.30769230769231,0.0,100.0,100.0,100.0,high_traffic,0
0.0159678071804258,0.0240671450227206,0.2608616352,4.873871803283692e-05,0.68299996845,0.0084091435761363,0.7029213905,0.0967446854779225,0.008426713604007,0.0055650277678842,0.019662501959929,0.0783690105736363,0.0670220040162411,0.0051577387746069,0.0453262312121276,0.0127834435348975,0.013856129565459,0.1298970770013475,0.0640403134371428,0.47209811206,0.3790965730181818,0.3780908584,0.055333330267234,0.44860005374,0.0200861930806666,0.2648768641181818,0.0176020716901418,0.2014465499753205,0.1847257396936363,1.1248000271666667,0.27448725694,0.0036989980263462,0.022783756253913,0.0378894130341666,100.0,100.0,100.0,100.0,0.0,100.0,0.0,100.0,100.0,100.0,100.0,100.0,100.0,100.0,100.0,100.0,100.0,100.0,100.0,0.0,100.0,100.0,100.0,0.0,100.0,100.0,100.0,100.0,100.0,26.66666666666667,0.0,100.0,100.0,100.0,high_traffic,0
0.0161235392723696,0.0239559818060731,0.3715561116857143,4.8607587814331055e-05,0.5549999641428571,0.0085188999762437,0.5765977922428572,0.1002721242549665,0.008149292450695,0.0056287075247644,0.0196467561882978,0.0819489772427692,0.0647701929558865,0.0054118717976142,0.0420993016900709,0.0120389398204617,0.0155208520554375,0.146118436260922,0.0667979734050354,0.6856776078000001,0.3749586435076922,0.3760769366769231,0.0528085197895035,0.6666665871333333,0.0191834483778571,0.263655607476923,0.0179350342507746,0.2157661406271613,0.1717688119953846,1.2516111100055556,0.3050497258857143,0.0034358794217148,0.0213187005759259,0.0347377364869491,100.0,100.0,0.0,100.0,0.0,100.0,0.0,99.85380116959064,100.0,100.0,100.0,100.0,100.0,100.0,100.0,100.0,100.0,100.0,100.0,0.0,100.0,100.0,100.0,0.0,100.0,100.0,100.0,100.0,100.0,16.66666666666667,0.0,100.0,100.0,100.0,high_traffic,0
0.0158148903686448,0.0226941714378695,0.2608616352,5.571246147155762e-05,4.148999925,0.008968651722446,1.70739388,0.0985731378983973,0.0078943892778251,0.0054979307674705,0.0179384938448951,0.0808532919135714,0.065805571882937,0.0053956250240886,0.0446293687423776,0.0133728239693036,0.0136983864210454,0.1521714800345454,0.0652511119718881,0.45538350935,0.38325807248,0.3757856913285714,0.0544965033693706,0.4365713595571429,0.026036167138,0.2792753661928571,0.0172210808411034,0.221383648543038,0.1928234610899999,1.2435882209235292,0.2623926911428572,0.0061184623010261,0.021417188641,0.04477990434,100.0,100.0,100.0,100.0,0.0,100.0,0.0,100.0,100.0,100.0,100.0,100.0,100.0,100.0,100.0,100.0,100.0,100.0,100.0,0.0,100.0,100.0,100.0,0.0,100.0,100.0,100.0,100.0,100.0,35.294117647058826,0.0,100.0,100.0,100.0,high_traffic,0
0.0161529396806925,0.0222745773367566,0.3641606568833333,4.895925521850586e-05,0.4598000526,0.0089667032877417,0.47118153566,0.0979327505380903,0.0079453677829242,0.0055044639770102,0.0200642762716666,0.0766012949005882,0.0655766291950757,0.0052046614377708,0.0459545381061363,0.012156203534592,0.0163649284445454,0.1316441351318182,0.0644920415622058,0.45978397125,0.3543641248866667,0.3435293926529412,0.0561818119164393,0.45499992368,0.020612414674,0.2527456283117647,0.0171060399530303,0.201291087495034,0.1722881513147058,0.998800048745,0.2650193517272727,0.0056815884313623,0.0208380103075,0.0336475191648484,100.0,100.0,0.0,100.0,0.0,100.0,0.0,100.0,100.0,100.0,100.0,100.0,100.0,100.0,100.0,100.0,100.0,100.0,100.0,0.0,100.0,100.0,100.0,0.0,100.0,100.0,100.0,100.0,100.0,35.0,0.0,100.0,100.0,100.0,high_traffic,0
0.015485124744924,0.0243799176412285,0.36045961374,4.832744598388672e-05,0.4576000213,0.0119797976091304,0.48930516238,0.0922607297793206,0.0076511863125714,0.0058107854920598,0.0183763925678911,0.07607496868,0.0664345488148979,0.0050692915329033,0.0441836661974149,0.0144287665726564,0.0107483650929285,0.1188803935188435,0.0604332637021621,0.52425527568,0.4045673716818182,0.3950000242454545,0.0543741401273469,0.49999995228,0.0232433001153333,0.306454289990909,0.0178134116954421,0.1915050406153703,0.2260268600990908,1.2851111308444445,0.30557088846,0.003855780550139,0.0230117695642857,0.0450145006116666,100.0,100.0,0.0,100.0,0.0,100.0,0.0,100.0,100.0,100.0,100.0,100.0,100.0,100.0,100.0,100.0,100.0,100.0,100.0,0.0,100.0,100.0,100.0,0.0,100.0,100.0,100.0,100.0,100.0,5.555555555555557,0.0,100.0,100.0,100.0,high_traffic,0
0.0160484225204207,0.0234249473257398,0.38761067385,5.030632019042969e-05,0.46074998375,0.0083123385901666,0.4815639256999999,0.0942968790213023,0.0080844155180583,0.0056459478913373,0.0211599725839416,0.0733588486868749,0.0658922125703649,0.0049738666118071,0.0436788336118978,0.0114784193916527,0.0147072763111818,0.1226029413105839,0.0590858561555,0.4604227542599999,0.3641111999312499,0.35862502450625,0.0536934198156204,0.4411999702,0.018517208094,0.267852500025,0.0175228292880291,0.1936689520774342,0.190298199624375,1.1937143191666666,0.2531799352538461,0.0050951654248365,0.0232617139765,0.0438507503886666,100.0,100.0,0.0,100.0,0.0,100.0,0.0,100.0,100.0,100.0,100.0,100.0,100.0,100.0,100.0,100.0,100.0,100.0,100.0,0.0,100.0,100.0,100.0,0.0,100.0,100.0,100.0,100.0,100.0,14.285714285714292,0.0,100.0,100.0,100.0,high_traffic,0
0.0160940747522186,0.0231057378642235,0.4059292475,5.67317008972168e-05,0.5086666742666667,0.0077966648137032,0.5216514269,0.0976213060506503,0.0085692388411739,0.0055002521754747,0.0198932143176811,0.0671257177933333,0.0672019961847101,0.0047880567676717,0.0516086989475362,0.0172389844691881,0.0157397433860447,0.1351331437507971,0.0746457386574637,0.6060633058,0.3924522598,0.390999992625,0.0616232035733333,0.587999998025,0.020808712636,0.2837050358,0.0175217666447826,0.2057659391855555,0.2093851367258333,1.21293753253125,0.3443829331714285,0.0054801346950221,0.022429251667,0.0409911027704878,100.0,100.0,0.0,100.0,0.0,100.0,0.0,100.0,100.0,100.0,100.0,100.0,100.0,100.0,100.0,100.0,100.0,100.0,100.0,0.0,100.0,100.0,100.0,0.0,100.0,100.0,100.0,100.0,100.0,31.25,0.0,100.0,100.0,100.0,high_traffic,0
0.0160015275895531,0.0241661264014689,0.422817707,4.97281551361084e-05,0.5069999694,0.0088740595559335,0.5366561412,0.1006697591561631,0.0073512126645517,0.0058027071268442,0.0202598999246896,0.1154330287471428,0.0635929896788276,0.0051751695017853,0.0521517260236551,0.0165156572321552,0.0150153574156184,0.1462993999626896,0.0792565281208108,0.3991122245444444,1.1990041315333333,2.039000058755556,0.0620965480702069,0.3841429096857143,0.0187156836146666,0.6295244506057144,0.0177759193352739,0.216289277336625,0.489939466885,2.195588250129412,0.2308657433666666,0.0035321447569205,0.02122849225625,0.0378789696156896,100.0,100.0,0.0,100.0,0.0,100.0,0.0,100.0,100.0,100.0,100.0,100.0,100.0,100.0,100.0,100.0,100.0,100.0,100.0,0.0,66.66666666666666,61.11111111111112,100.0,0.0,100.0,100.0,100.0,100.0,100.0,11.764705882352942,0.0,100.0,100.0,100.0,high_traffic,0
0.0160842862019956,0.0227416491638214,1.51849174174,4.317164421081543e-05,1.7618333463166669,0.0076531569154285,1.6444868048,0.0996055480361854,0.0090883911234554,0.0068788348441073,0.0188542498171188,0.0854944160914285,0.065990922460792,0.004342589817234,0.0829207944093069,0.0164427474683989,0.01549539714725,0.1048816336095049,0.1085100716535643,3.03849911,0.3523774827714285,0.3482858112285714,0.0935346607261386,3.62800002,0.01655483245,0.2414784431157143,0.0168395018769306,0.1974060470054054,0.14956913673,2.401555508777778,0.28931369776,0.0062824075028968,0.0228433299911111,0.0476225904451351,100.0,100.0,100.0,100.0,100.0,100.0,100.0,99.80276134122288,100.0,100.0,100.0,100.0,100.0,100.0,100.0,100.0,100.0,100.0,100.0,0.0,100.0,100.0,100.0,0.0,0.0,100.0,100.0,100.0,100.0,88.88888888888889,100.0,100.0,100.0,100.0,temporal1,0
0.0166200866343795,0.0204675839457191,0.3078720568999999,4.465579986572266e-05,0.4610000848,0.0081153805560074,0.4709706306,0.0959371191099891,0.0086096551671333,0.0061736978320533,0.0177372561519111,0.1224753856483333,0.0670788288008889,0.0046688098167,0.0496555434234777,0.014041192461717,0.0185005792968172,0.115722833718,0.0667402479287777,3.0118694233333336,0.4076263109333333,0.40616667265,0.0595888773494444,3.554666593333333,0.02667689323,0.295720418255,0.0167964617368888,0.1899524259201,0.1713726917433333,2.728333352383333,0.23621416085,0.0033189876396815,0.0212987831633333,0.0418525609054545,100.0,100.0,100.0,100.0,100.0,100.0,100.0,100.0,100.0,100.0,100.0,100.0,100.0,100.0,100.0,100.0,100.0,100.0,100.0,0.0,100.0,100.0,100.0,0.0,0.0,100.0,100.0,100.0,100.0,50.0,100.0,100.0,100.0,100.0,temporal1,0
0.0162094450242732,0.0202337607967721,2.3083828859999995,4.361271858215332e-05,2.8832857214285714,0.0086367265737045,2.5262910466666666,0.0964099219933858,0.0085733033504594,0.0062976549327147,0.0182605208533378,0.0803835590566666,0.0687864986514864,0.0054988533837352,0.0406351282717567,0.0141014834480214,0.0121747285866153,0.1010395191645946,0.0565760651039189,3.002107216666667,0.3117146094083333,0.3081666627916666,0.050675685331081,3.537333326666667,0.01303982734,0.2122235496375,0.0173139153254054,0.1845618412434568,0.1298524339683333,3.050538444461538,0.2558788299,0.0034501552572689,0.0222551368495238,0.04108376800625,100.0,100.0,100.0,100.0,85.71428571428571,100.0,83.33333333333333,99.74683544303798,100.0,100.0,100.0,100.0,100.0,100.0,100.0,100.0,100.0,100.0,100.0,0.0,100.0,100.0,100.0,0.0,0.0,100.0,100.0,100.0,100.0,69.23076923076923,100.0,100.0,100.0,100.0,temporal1,0
0.0157895551860336,0.0234531671408172,2.0496536435625,5.102753639221192e-05,2.133999970125,0.0091393354540966,2.145152891725,0.1048463245195931,0.0086176298745608,0.0061668814142899,0.0184654980049189,0.0666649076633333,0.0669241531349324,0.0042895539744481,0.0478445855259459,0.0165172223475617,0.0123835430318494,0.1444651983585135,0.0683064380630872,3.007097476,0.3292478719833334,0.3236111534444444,0.0584999854417567,3.82450004,0.0178181648239999,0.2308301660377777,0.0172542655749324,0.2133603328235975,0.16129344036,2.7023889049833336,0.2547783851111111,0.005186911138543,0.022654928264375,0.0413570290461904,100.0,100.0,100.0,100.0,100.0,100.0,100.0,100.0,100.0,100.0,100.0,100.0,100.0,100.0,100.0,100.0,100.0,100.0,100.0,0.0,100.0,100.0,100.0,0.0,0.0,100.0,100.0,100.0,100.0,72.22222222222223,100.0,100.0,100.0,100.0,temporal1,0
0.0163665183150649,0.0199092461782835,1.6636016323,4.347562789916992e-05,1.781999982833333,0.0082828806540201,1.7832140872666666,0.1018686436893356,0.0087971572403373,0.0061574769954831,0.0201085992567349,0.064872004759909,0.066587726746506,0.0061493921668151,0.0428072372043373,0.0155705468387089,0.0139238366028749,0.118988335822771,0.0603555455173494,3.00773914,0.3392235365181819,0.3351817780818182,0.0526867573428915,3.5773332866666663,0.016746461385,0.2360015565363636,0.0170947471255421,0.1933060158443478,0.1693928024690909,2.173454586227273,0.2656756241333333,0.0045488476744555,0.0231554616563636,0.043223559851875,100.0,100.0,100.0,100.0,100.0,100.0,100.0,100.0,100.0,100.0,100.0,100.0,100.0,100.0,100.0,100.0,100.0,100.0,100.0,0.0,100.0,100.0,100.0,0.0,0.0,100.0,100.0,100.0,100.0,72.72727272727272,100.0,100.0,100.0,100.0,temporal1,0
0.0153938676947971,0.0206023174149112,2.52585673,4.410743713378906e-05,3.927400008,0.0080389221106435,2.1473120409,0.0978608349842857,0.0096089001526703,0.0061266088919441,0.0170878394580989,0.0709988203872727,0.0649921658181318,0.0066557876928091,0.0540549545401098,0.0166495759665733,0.0144110955268125,0.1199713119862637,0.0770807595849999,3.009925,0.3060495486076923,0.2991817213818182,0.0647802143195604,3.559999815,0.01563096046,0.2160713455545455,0.0166516800679166,0.1959454469992079,0.1433744647118181,2.395416694933333,0.21484506125,0.0042220190447534,0.0225348014042307,0.0393157946386842,100.0,100.0,100.0,100.0,60.0,100.0,75.0,100.0,100.0,100.0,100.0,100.0,100.0,100.0,100.0,100.0,100.0,100.0,100.0,0.0,100.0,100.0,100.0,0.0,0.0,100.0,100.0,100.0,100.0,75.0,100.0,100.0,100.0,100.0,temporal1,0
0.0163740300197463,0.0225066349392759,0.811925350875,4.338622093200684e-05,0.901249943125,0.009019361064104,0.9103291014,0.099171886452912,0.0106422923844857,0.0063120983747651,0.0164616584737523,0.080536699282,0.0685652551074285,0.0047900228685838,0.0539238225747619,0.013734139580244,0.0119855251041153,0.1097797870390476,0.0761860506743809,3.013330373333333,0.5487260093699999,0.5489000557899999,0.065390468768,3.564666663333333,0.01738595962,0.313599300027,0.0182825928598095,0.1853433066018965,0.221511888453,2.36509999869,0.2628536224,0.0028226562561984,0.0226908683746666,0.04332305788425,100.0,100.0,100.0,100.0,100.0,100.0,100.0,100.0,100.0,100.0,100.0,100.0,100.0,100.0,100.0,100.0,100.0,100.0,100.0,0.0,100.0,100.0,100.0,0.0,0.0,100.0,100.0,100.0,100.0,70.0,100.0,100.0,100.0,100.0,temporal1,0
0.0171448802020047,0.0201812848083168,1.7841047000999997,4.723668098449707e-05,2.0278333385,0.0082750428790151,2.0405743883833334,0.1027135245251603,0.0091930845717419,0.005805519656812,0.018587294441258,0.1057515740207499,0.0649119474452688,0.0042171514116917,0.0465806479047311,0.011738719680107,0.0156112663297936,0.1275795556956989,0.0636361516827204,3.002529855,0.588816106025,1.0767692228,0.0562043266812903,3.537500015,0.01637804508,0.3218847115283333,0.0168227816104301,0.1963837076942718,0.210947970515,2.7627499867916665,0.3097178140833333,0.0041767195153025,0.023845899102,0.0388194199203448,100.0,100.0,100.0,100.0,100.0,100.0,100.0,100.0,100.0,100.0,100.0,100.0,100.0,100.0,100.0,100.0,100.0,100.0,100.0,0.0,100.0,100.0,100.0,0.0,0.0,100.0,100.0,100.0,100.0,83.33333333333333,100.0,100.0,100.0,100.0,temporal1,0
0.0191693765982388,0.0241050162178788,1.7238561382285715,4.425644874572754e-05,1.824428554328572,0.0109640210850937,1.8314851670571424,0.1043100211021649,0.008537671049,0.0060298459173749,0.0188650972086554,0.085456028569375,0.0643678532941891,0.0066089989993396,0.0514324371762162,0.0143314497039238,0.01368753671343,0.1127562957581081,0.0697570247007382,3.00367804,0.37498578424375,0.37081249053125,0.0617297307728378,3.954666728333333,0.0161131858759999,0.2679560929,0.0178595926268243,0.1881672303505487,0.17998823519625,3.0616250156437497,0.2421079362714286,0.0051260693306652,0.0235711336080555,0.0383727412909615,100.0,100.0,100.0,100.0,100.0,100.0,100.0,100.0,100.0,100.0,100.0,100.0,100.0,100.0,100.0,100.0,100.0,100.0,100.0,0.0,100.0,100.0,100.0,0.0,0.0,100.0,100.0,100.0,100.0,62.5,100.0,100.0,100.0,100.0,temporal1,0
0.015831073122326,0.0224170011942619,1.6270088324000005,4.385709762573242e-05,1.7616665330999997,0.0092644217102565,1.7705811613666664,0.0979366965151591,0.0082501667287235,0.006179597897985,0.0175241590472357,0.0950380238418182,0.0637928121355284,0.0048753253191637,0.0418861726369512,0.0130733303848021,0.0203309155432222,0.1226429783971544,0.060304157124878,3.011311165,0.4114191098181818,0.4078181656454545,0.0515121928961788,3.590499995,0.013403058045,0.3026776096545455,0.0169011073341463,0.1929848529229629,0.2055369290181818,1.8938181597,0.2201262314666666,0.0040922210756974,0.0234798959292857,0.0401467134504166,100.0,100.0,100.0,100.0,100.0,100.0,100.0,99.83249581239532,100.0,100.0,100.0,100.0,100.0,100.0,100.0,100.0,100.0,100.0,100.0,0.0,100.0,100.0,100.0,0.0,0.0,100.0,100.0,100.0,100.0,81.81818181818181,100.0,100.0,100.0,100.0,temporal1,0
0.015576916884578,0.0193021659822181,2.277733083333333,4.385709762573242e-05,2.4130000233333333,0.0105478366199166,2.419373586666667,0.0939464574337823,0.007952639634847,0.0061073023709788,0.0184585795638941,0.0952945152858333,0.0656608749742352,0.005021611520471,0.0546117782491764,0.0164594612253559,0.0212793399853229,0.1086446172877647,0.0777925379029411,3.0029612125,0.3561315337333333,0.3536666631333333,0.0645058940307058,3.54900002,0.01550340652,0.2511135339333333,0.0163260684248235,0.1834048362060638,0.1507137417483333,2.4790000302333337,0.2373313108333333,0.0044260073671626,0.0239895880191666,0.0373516662656756,100.0,100.0,100.0,100.0,100.0,100.0,100.0,100.0,100.0,100.0,100.0,100.0,100.0,100.0,100.0,100.0,100.0,100.0,100.0,0.0,100.0,100.0,100.0,0.0,0.0,100.0,100.0,100.0,100.0,66.66666666666666,100.0,100.0,100.0,100.0,temporal1,0
0.0166722123735529,0.0198193205895484,1.9670273805000005,4.366636276245117e-05,2.0688333084,0.0092304700439038,2.078343068466667,0.0975020739759263,0.0105405648535698,0.0061204167476741,0.0185896709357634,0.074272060383,0.0627638268106451,0.0045135236315864,0.0430860391164516,0.0133653469092985,0.0176953315697538,0.1041036010916129,0.0657455946721505,3.0048012075,0.34252116676,0.33780000206,0.0527741908949462,3.555000005,0.015520930285,0.235639285988,0.015944878256344,0.1754225642538834,0.1515868424939999,3.4274000110000005,0.2438890536166666,0.0036391884660302,0.0232088035966666,0.0381297287676086,100.0,100.0,100.0,100.0,100.0,100.0,100.0,100.0,100.0,100.0,100.0,100.0,100.0,100.0,100.0,100.0,100.0,100.0,100.0,0.0,100.0,100.0,100.0,0.0,0.0,100.0,100.0,100.0,100.0,60.0,100.0,100.0,100.0,100.0,temporal1,0
0.0157343062828505,0.0216909749500075,2.0502608674625,4.4852495193481445e-05,2.1248750063625,0.0077725172033333,2.1383147479750004,0.093252235200854,0.0076406098688108,0.0058041579154137,0.0184640964897364,0.06651315092375,0.0674874573036486,0.0047637471604764,0.0422364924331756,0.0136613706774775,0.0179476676275862,0.1014054836295945,0.0599079555505263,3.0126324466666667,0.33423264320625,0.3253750353562499,0.0520405221544594,3.660000003333333,0.01508364677,0.242053478915,0.0165431156508219,0.1766638958921341,0.171539902666875,2.44506247073125,0.2666924263999999,0.0041468316846278,0.0253340421660465,0.0383207003222222,100.0,100.0,100.0,100.0,100.0,100.0,100.0,100.0,100.0,100.0,100.0,100.0,100.0,100.0,100.0,100.0,100.0,100.0,100.0,0.0,100.0,100.0,100.0,0.0,0.0,100.0,100.0,100.0,100.0,81.25,100.0,100.0,100.0,100.0,temporal1,0
0.0150554678574811,0.0195181254383961,0.2608616352,4.3892860412597655e-05,5.66100001,0.0081758192081363,3.00334453,0.0989109349577427,0.0089036281704069,0.0062839138654694,0.0205811871980232,0.1132393316543636,0.0626736324790697,0.0044716967904508,0.053116260564186,0.0132976474423717,0.015535481511758,0.1304713847777907,0.0777143552048809,3.0135084733333333,0.5272135199777778,0.4756363513818181,0.0636278972984883,3.54266667,0.015480184552,0.3783820972972727,0.0163222409386904,0.2026931837584211,0.2143339893590909,2.670666692122222,0.06625008583,0.0034919953802424,0.0227686337042857,0.0403721604985714,100.0,100.0,100.0,100.0,0.0,100.0,0.0,100.0,100.0,100.0,100.0,100.0,100.0,100.0,100.0,100.0,100.0,100.0,100.0,0.0,100.0,100.0,100.0,0.0,0.0,100.0,100.0,100.0,100.0,55.55555555555556,100.0,100.0,100.0,100.0,temporal1,0
0.0166191069456624,0.0244007589989131,1.314883109425,4.282593727111816e-05,1.430249986625,0.0084504728306399,1.4264999011,0.1017958720283538,0.00914084083375,0.0061326584862449,0.0195054047595208,0.0587443709304375,0.0664659490079861,0.0054844091910735,0.0508749931970833,0.0159697404166244,0.0131840370038309,0.1173277182461111,0.0739494164632638,3.00888328,0.32274129981875,0.321000039525,0.0603680478104861,3.547600026,0.0143917401566666,0.22943758961,0.0176717970065972,0.1923778971397484,0.164016187150625,2.111999971988236,0.2441427111,0.0081091100506225,0.0248210549325,0.0419061481896875,100.0,100.0,100.0,100.0,100.0,100.0,100.0,100.0,100.0,100.0,100.0,100.0,100.0,100.0,100.0,100.0,100.0,100.0,100.0,0.0,100.0,100.0,100.0,0.0,0.0,100.0,100.0,100.0,100.0,70.58823529411765,100.0,100.0,100.0,100.0,temporal1,0
0.0160397647236103,0.0191094048531763,0.7797280504999999,4.506111145019531e-05,3.945166662933333,0.0083910670924705,2.17529117575,0.097068608475685,0.0086257145503333,0.005910775441341,0.0200190685990952,0.0601138201581818,0.065622136697619,0.0049107452227916,0.0413095127917857,0.0130303392520148,0.0129329817615306,0.1070481169580952,0.0589785689319047,3.013907388333333,0.3399571288272727,0.3409090908636363,0.0512499951098809,4.09987493125,0.011257052415,0.2333106343990909,0.0171451086048809,0.1835239317691398,0.1681899157172727,4.183538486261539,0.38319599625,0.0042413254164587,0.023356032369,0.0405714665635483,100.0,100.0,100.0,100.0,33.33333333333333,100.0,50.0,100.0,100.0,100.0,100.0,100.0,100.0,100.0,100.0,100.0,100.0,100.0,100.0,0.0,100.0,100.0,100.0,0.0,0.0,100.0,100.0,100.0,100.0,23.07692307692308,100.0,100.0,100.0,100.0,temporal1,0
0.0163486867410498,0.0191163066889024,2.16030573,4.341602325439453e-05,2.34899997,0.0089518053566453,2.33953833,0.3768221412927445,0.0085616670996419,0.0059438015945055,0.0173660472548765,0.0962512152414285,0.0656316165313253,0.0067971053229831,0.0446264916083132,0.0147446311784694,0.0119227626073818,1.5649461996272287,0.0696710035770238,3.019490713333333,0.3849800995142857,0.3874285901857143,0.0541807398628915,3.5710000133333337,0.011257052415,0.2771697384571428,0.0157374330269879,1.4980580295407608,0.1791607992571428,2.6462856660714285,0.06625008583,0.0030064019280269,0.0234875137131818,0.0373354244183999,100.0,100.0,100.0,100.0,100.0,100.0,100.0,99.30555555555556,100.0,100.0,100.0,100.0,100.0,100.0,100.0,100.0,100.0,97.59036144578312,100.0,0.0,100.0,100.0,100.0,0.0,0.0,100.0,100.0,97.82608695652172,100.0,57.142857142857146,100.0,100.0,100.0,100.0,temporal1,0
0.0148385522293718,0.0227791348138849,2.32547839,4.387497901916504e-05,2.4589999466666668,0.0079407716778124,2.464925043333333,0.0943790537877292,0.0083850362236015,0.005595339270787,0.0173496267796992,0.103447771054,0.0640695578992481,0.0063823947190264,0.0500827032723533,0.0171398144234709,0.0108138768037831,0.1049691429558646,0.0752010012639534,3.0058314733333336,0.4216198126,0.41190001959,0.0592706794913533,3.5330000666666668,0.0153626600866666,0.307910656888,0.0184956229051515,0.1788185858831292,0.201190924601,2.7683334059777778,0.3050788243333333,0.0049969629792638,0.0225425163870833,0.0409541924729629,100.0,100.0,100.0,100.0,100.0,100.0,100.0,100.0,100.0,100.0,100.0,100.0,100.0,100.0,100.0,100.0,100.0,100.0,100.0,0.0,100.0,100.0,100.0,0.0,0.0,100.0,100.0,100.0,100.0,66.66666666666666,100.0,100.0,100.0,100.0,temporal1,0
0.0160059746784248,0.0211092161366399,0.2608616352,4.326701164245605e-05,2.44099998,0.0093435352109491,0.4397904872,0.0989528795123603,0.0093995540024239,0.0060763769477372,0.0206888032947934,0.0818143572028571,0.0655313911543478,0.0051260138993181,0.040836956185326,0.0132468472212282,0.0180393251846206,0.0995729798642391,0.0573346259673404,3.00352674,0.447337716775,0.4215714249857143,0.0503152245974999,4.138500029999999,0.04168605804,0.3005746432285714,0.0164923356884782,0.1741554853559803,0.2119300024471428,3.1664285299285715,0.3049099445,0.003809227942196,0.0198194781908333,0.0402802457151063,100.0,100.0,100.0,100.0,100.0,100.0,100.0,100.0,100.0,100.0,100.0,100.0,100.0,100.0,100.0,100.0,100.0,100.0,100.0,0.0,100.0,100.0,100.0,0.0,0.0,100.0,100.0,100.0,100.0,42.85714285714285,100.0,100.0,100.0,100.0,temporal1,0
0.0161647343258128,0.0251443644253496,1.9624344469833328,4.481077194213867e-05,2.072769234892308,0.0081884763269508,2.0661645290500004,0.1021835852834694,0.0120656741803586,0.0057794942220418,0.0188651618032742,0.0663726576403448,0.0657145866226582,0.0050722441960979,0.0542573878423206,0.0145579989885586,0.0149388939877499,0.1190368947881434,0.0769043960335294,3.0095235242857146,0.3298324058310344,0.3248965493068965,0.0641687650571729,3.5431428271428573,0.015833020205,0.2372441373568965,0.0170991108849367,0.1916548977941221,0.1663253882562069,2.381354829222581,0.26016080375,0.0062329769116902,0.0256373990640909,0.0397049490172289,100.0,100.0,100.0,100.0,100.0,100.0,100.0,100.0,100.0,100.0,100.0,100.0,100.0,100.0,100.0,100.0,100.0,100.0,100.0,0.0,100.0,100.0,100.0,0.0,0.0,100.0,100.0,100.0,100.0,77.41935483870968,100.0,100.0,100.0,100.0,temporal1,0
0.0163455171843324,0.0193275744144548,0.2969710826,4.400014877319336e-05,0.4509999752,0.0148666373289285,0.4397904872,0.0940709279711606,0.0088974343056835,0.0064198830743225,0.017853640298405,0.08155372737375,0.065774561476962,0.0047908022588828,0.0589240623331645,0.0151030894416796,0.0110367955357027,0.1065082821468354,0.0894839280565823,3.00930547,0.4502454995625,0.4444999992374999,0.0693797582155696,4.377599992,0.01545755068,0.34614464635,0.0171500912148101,0.1820280496683908,0.18335372207625,2.745333350711111,0.2733089923,0.0034983873362704,0.0233969279679999,0.0371319756744117,100.0,100.0,100.0,100.0,100.0,100.0,100.0,100.0,100.0,100.0,100.0,100.0,100.0,100.0,100.0,100.0,100.0,100.0,100.0,0.0,100.0,100.0,100.0,0.0,0.0,100.0,100.0,100.0,100.0,55.55555555555556,100.0,100.0,100.0,100.0,temporal1,0
0.0167624749842679,0.0184006183208564,0.2608616352,4.412531852722168e-05,4.61225007,0.0098497616605263,3.004861033333333,0.0933485979519113,0.0104874793208529,0.0062034562473336,0.0171397363399411,0.0900612527527272,0.0642807658860294,0.0045401826491979,0.0508676346527941,0.0173582235948106,0.0151555585834399,0.1062018800969117,0.0665464190755882,3.010637995,0.3424055792545454,0.3362727164727273,0.0613088327183823,3.56599998,0.0204634666399999,0.2495059749909091,0.0161938491946617,0.1794141069710666,0.1548706184318181,2.4781817935272725,0.06625008583,0.0040722400574277,0.020649528501,0.040891491843913,100.0,100.0,100.0,100.0,0.0,100.0,0.0,99.73118279569891,100.0,100.0,100.0,100.0,100.0,100.0,100.0,100.0,100.0,100.0,100.0,0.0,100.0,100.0,100.0,0.0,0.0,100.0,100.0,100.0,100.0,54.54545454545455,100.0,100.0,100.0,100.0,temporal1,0
0.0172877543902922,0.0192143894348607,0.2608616352,4.5293569564819335e-05,2.44099998,0.0094728022805,0.4397904872,0.0999178693119525,0.009390152416523,0.0067159910055161,0.0175510516487692,0.0765495565111111,0.07146788743,0.0041975769939892,0.0563230991286153,0.0142865629785664,0.0211067364101551,0.1005752710036923,0.0776179533613846,3.0053456950000004,0.3503843942777778,0.3488889534666667,0.0662922969136923,4.160857127142857,0.011257052415,0.2412127123333333,0.0182035776243076,0.1824087069713889,0.1545809904333333,3.303333306144444,0.06625008583,0.0028748664441911,0.0234825257874074,0.0451304290526086,100.0,100.0,100.0,100.0,100.0,100.0,100.0,100.0,100.0,100.0,100.0,100.0,100.0,100.0,100.0,100.0,100.0,100.0,100.0,0.0,100.0,100.0,100.0,0.0,0.0,100.0,100.0,100.0,100.0,33.33333333333333,100.0,100.0,100.0,100.0,temporal1,0
0.0154528273921231,0.0212522303823905,1.54505650705,4.262328147888184e-05,1.64339995064,0.0082318459520508,1.65279833964,0.1015497705020929,0.010128685405,0.0055176342473634,0.0184161782221214,0.0688737905865384,0.0656798703233571,0.003981660603845,0.0447571464865714,0.0151257890941162,0.019043065531,0.1273065004787857,0.0627300856721831,3.0109839057142858,0.2947109020346153,0.2794615213230769,0.0544500010258571,3.986333335555555,0.01278162002,0.1930079368015384,0.0160518859254609,0.1976858338612903,0.1197974131373077,2.392535700742857,0.24535677428,0.0042455907440087,0.023870392275909,0.0361201763117142,100.0,100.0,100.0,100.0,100.0,100.0,100.0,100.0,100.0,100.0,100.0,100.0,100.0,100.0,100.0,100.0,100.0,100.0,100.0,0.0,100.0,100.0,100.0,0.0,0.0,100.0,100.0,100.0,100.0,71.42857142857143,100.0,100.0,100.0,100.0,temporal1,0
0.0160071397094936,0.0181408590713613,0.2608616352,4.473924636840821e-05,5.292999966,0.0066096081447058,3.01447232,0.0985131966553934,0.0097835461285757,0.0065203442680458,0.0175127332820606,0.0761407746055555,0.0684106494360606,0.0039151450413829,0.0451969811336363,0.0134887132638845,0.02651851653718,0.1079768339581818,0.0670128509034328,3.0095860325,0.3570447232555556,0.3501111136111111,0.0556818102248484,3.58299994,0.01490092277,0.2542199558244444,0.016934777002647,0.1834057748757534,0.17320463388,3.970444489577778,0.06625008583,0.0021791259438972,0.0244676516584615,0.0407698074926666,100.0,100.0,100.0,100.0,0.0,100.0,0.0,100.0,100.0,100.0,100.0,100.0,100.0,100.0,100.0,100.0,100.0,100.0,100.0,0.0,100.0,100.0,100.0,0.0,0.0,100.0,100.0,100.0,100.0,22.22222222222223,100.0,100.0,100.0,100.0,temporal1,0
0.0150181293454252,0.0212200906507781,2.53808164,3.792047500610352e-05,3.098500125,0.009867385026875,2.83053183,0.096370184846456,0.0093080445329052,0.0058920762608242,0.0166688316704421,0.0865726073516666,0.0680981861794736,0.0034392851362962,0.0483262990566315,0.0133266236079619,0.0162518713176,0.1255026690791579,0.0691347071888421,3.00091552,0.3544585704166667,0.3536666631166666,0.0587894740757894,3.57000017,0.0151045322349999,0.2510189612466666,0.0160930257053684,0.1956256547433333,0.1584894656733333,2.309833363983333,0.4419412612,0.0030427399794331,0.0210692571526086,0.0398603721851851,100.0,100.0,100.0,100.0,50.0,100.0,50.0,99.79423868312756,100.0,100.0,100.0,100.0,100.0,100.0,100.0,100.0,100.0,100.0,100.0,0.0,100.0,100.0,100.0,0.0,0.0,100.0,100.0,100.0,100.0,66.66666666666666,100.0,100.0,100.0,100.0,temporal1,0
0.015488617247927,0.021670992266301,1.692282195,4.382729530334472e-05,2.82750004,0.0083124861111484,2.5566577275,0.0935673788685114,0.0088361348848803,0.005978837478645,0.0189293938775811,0.0820571955425882,0.063979016399829,0.0057364963204852,0.0425128223473162,0.0138176135347222,0.0150723457310256,0.097411512292735,0.0667300874420661,3.0033860842857143,0.4742082425411765,0.8151666984833333,0.052871803944017,3.567857091428571,0.014592885965,0.3035738745023529,0.01672513745,0.1723488532158461,0.2072430778588235,3.2759444515166667,0.2832121848666666,0.0047745434732301,0.0226376684057894,0.0409587595153333,100.0,100.0,100.0,100.0,50.0,100.0,50.0,100.0,100.0,100.0,100.0,100.0,100.0,100.0,100.0,100.0,100.0,100.0,100.0,0.0,100.0,100.0,100.0,0.0,0.0,100.0,100.0,100.0,100.0,50.0,100.0,100.0,100.0,100.0,temporal1,0
0.0158914820708232,0.0208170461625042,0.9758194270333336,4.3184329301883015e-05,1.1026667741666667,0.0091487474916025,1.1201783807666663,0.1024783992800894,0.0112310465373333,0.0060381145445706,0.0176531688546936,0.0807514190630769,0.0676113893217117,0.0057235288912704,0.0428108159419819,0.0150035040414849,0.0139365327197912,0.130551555111982,0.0645540920368468,3.0064174683333333,0.3412876678846154,0.3375384440461538,0.0522612386912612,3.616666708333333,0.0137505531299999,0.2448293978792307,0.0161197206957657,0.2056885035959349,0.1608481773615384,2.649769247976923,0.232373714375,0.0046303002326359,0.0225828034517857,0.0408159006679545,100.0,100.0,100.0,100.0,100.0,100.0,100.0,100.0,100.0,100.0,100.0,100.0,100.0,100.0,100.0,100.0,100.0,100.0,100.0,0.0,100.0,100.0,100.0,0.0,0.0,100.0,100.0,100.0,100.0,53.84615384615385,100.0,100.0,100.0,100.0,temporal1,0
0.0163533305870533,0.021741955365781,2.30111527,4.427433013916016e-05,2.40033332,0.0079048203247073,2.407299113333333,0.0964896352289202,0.0087623696566736,0.0061566820536979,0.0184380656748315,0.1265909671666666,0.0681800315186315,0.0065299899478592,0.0516631628234736,0.0177651874181372,0.0134647871740892,0.1016408192273684,0.0686496533725263,3.002200043333333,0.4628053108333333,0.4554999271333333,0.0613789382607368,3.54466668,0.01513195037,0.3286759853,0.0181983420683157,0.179817594759619,0.2002973158683333,3.858333385,0.2313437461333333,0.0033974075305708,0.021724867819,0.0414480715921875,100.0,100.0,100.0,100.0,100.0,100.0,100.0,99.79253112033194,100.0,100.0,100.0,100.0,100.0,100.0,100.0,100.0,100.0,100.0,100.0,0.0,100.0,100.0,100.0,0.0,0.0,100.0,100.0,100.0,100.0,50.0,100.0,100.0,100.0,100.0,temporal1,0
0.0152329594468959,0.0233584698322877,1.3053441009,4.404783248901367e-05,3.2223333462,0.0081274292674545,2.4866680251,0.0926010249451456,0.0095619662039741,0.0052982948773082,0.0184977218986551,0.064818400595,0.06665026084,0.0044936115019821,0.039472564859789,0.0136244945854813,0.0131950053273409,0.1277387483974683,0.054927280675232,3.008241111666667,0.2991428283038462,0.2955769208423077,0.0491012742172151,3.5819166458333336,0.01364064216,0.2036048356953846,0.0164063399312658,0.1985815243330153,0.1365136641488461,3.049384618980769,0.25031322235,0.0084765177488382,0.0240022160772727,0.0371179196093548,100.0,100.0,100.0,100.0,33.33333333333333,100.0,33.33333333333333,100.0,100.0,100.0,100.0,100.0,100.0,100.0,100.0,100.0,100.0,100.0,100.0,0.0,100.0,100.0,100.0,0.0,0.0,100.0,100.0,100.0,100.0,38.46153846153846,100.0,100.0,100.0,100.0,temporal1,0
0.0157285116543421,0.0236401059152385,1.880875503333333,4.497170448303223e-05,3.62071431,0.0084059391529449,2.650139182,0.1032939447088365,0.0104532715587179,0.005963458459928,0.0183357443523525,0.0633761602223529,0.0642675925418589,0.0039012540463318,0.0605897567103846,0.0147035855891535,0.0112869346241134,0.1284829423391666,0.0910940079016879,3.0051101242857143,0.331756521617647,0.3306470898588235,0.0708333314834615,3.875571417142857,0.0153380235,0.2456368838482353,0.0170321984125,0.2003372463465697,0.1770063007188235,3.282722217661111,0.2770135402,0.0045035311144382,0.0237465169638888,0.0396207287136507,100.0,100.0,100.0,100.0,57.142857142857146,100.0,60.0,100.0,100.0,100.0,100.0,100.0,100.0,100.0,100.0,100.0,100.0,100.0,100.0,0.0,100.0,100.0,100.0,0.0,0.0,100.0,100.0,100.0,100.0,50.0,100.0,100.0,100.0,100.0,temporal1,0
0.0173184508735452,0.021289665465124,2.1099907425875,4.41431999206543e-05,2.1918750063625,0.0091478854789873,2.1992074813875,0.0961939560581213,0.0086273587256173,0.0057214346005111,0.0177455197169304,0.0636685019989473,0.0632967596373913,0.0056876565774355,0.0490608671345217,0.0163786392433889,0.0117522581730434,0.1032375480613043,0.0692898211134782,3.00567561,0.2936064945526316,0.2882631702947368,0.059165212372,3.6379999475,0.0154178142499999,0.1988584869415789,0.0177220385966956,0.178523187521496,0.1221088484478947,2.338631564868421,0.2639637787666666,0.0040276417351437,0.0214621112419047,0.0381658871933333,100.0,100.0,100.0,100.0,100.0,100.0,100.0,99.82456140350877,100.0,100.0,100.0,100.0,100.0,100.0,100.0,100.0,100.0,100.0,100.0,0.0,100.0,100.0,100.0,0.0,0.0,100.0,100.0,100.0,100.0,78.94736842105263,100.0,100.0,100.0,100.0,temporal1,0
0.0169031126198535,0.0216645367903813,2.3118913125,4.369616508483887e-05,2.635799928,0.0086371584551676,2.536896796,0.1026429289815776,0.0092067173533333,0.0052117533871418,0.0195210229743142,0.0670347743522222,0.0664269129309523,0.0044794877363529,0.0509238038661904,0.0129963739784591,0.0203206944935638,0.1170683043119047,0.0709607535413761,3.0087964475,0.3315704795444444,0.3259444633611111,0.0612000124670476,3.5584999875000003,0.011821508405,0.2338387833277778,0.0182185281360909,0.1896792741543589,0.1621962255622222,2.200499995722222,0.2738378047499999,0.0016291344161618,0.0250157451568,0.0398222842065957,100.0,100.0,100.0,100.0,80.0,100.0,80.0,100.0,100.0,100.0,100.0,100.0,100.0,100.0,100.0,100.0,100.0,100.0,100.0,0.0,100.0,100.0,100.0,0.0,0.0,100.0,100.0,100.0,100.0,72.22222222222223,100.0,100.0,100.0,100.0,temporal1,0
0.0150549318760686,0.0244965668611545,1.6071035412833332,5.3036212921142575e-05,1.7221666542333331,0.0095272838533675,1.728720821116667,0.1002757939024718,0.0088018440207465,0.0059611951272289,0.0190588513422397,0.0625032817564705,0.0637291588103424,0.0040872004418737,0.0496095778108219,0.0151066083209002,0.01384719530432,0.1259740835699315,0.0736763036280822,3.0068793266666667,0.3322901585058823,0.3271764867058823,0.0601780708388356,4.091571351428572,0.01516258716,0.2326985947764706,0.0165393140175342,0.1947905380119255,0.1572032675723529,2.669352962488236,0.2333422104166666,0.0036260518146938,0.0208407732123076,0.0424083709668333,100.0,100.0,100.0,100.0,100.0,100.0,100.0,100.0,100.0,100.0,100.0,100.0,100.0,100.0,100.0,100.0,100.0,100.0,100.0,0.0,100.0,100.0,100.0,0.0,0.0,100.0,100.0,100.0,100.0,64.70588235294117,100.0,100.0,100.0,100.0,temporal1,0
0.0159011175382619,0.0182206902050162,1.1988690467,4.302263259887695e-05,3.2928999313400005,0.0078502844274793,2.4275136474666663,0.0990522499562147,0.0086507495779195,0.0059285417726932,0.018760872977885,0.0661288289417647,0.0696940833014942,0.00419270090621,0.0526781575332183,0.0140225256456268,0.0111519468213793,0.1044000373350574,0.0786662770334146,3.004299542,0.3020199466529411,0.2945294520117646,0.0626436704772413,3.5394,0.01340389251,0.2029445451282353,0.0160809568572289,0.1856159586277894,0.1295828117752941,3.3184117391235293,0.2845001220249999,0.0023908955704182,0.0233298173296153,0.0373387148465789,100.0,100.0,100.0,100.0,50.0,100.0,33.33333333333333,100.0,100.0,100.0,100.0,100.0,100.0,100.0,100.0,100.0,100.0,100.0,100.0,0.0,100.0,100.0,100.0,0.0,0.0,100.0,100.0,100.0,100.0,41.1764705882353,100.0,100.0,100.0,100.0,temporal1,0
0.0165217335241642,0.0191028012600482,1.5482654538,4.454851150512695e-05,2.719499970275,0.0093086455987894,2.463563079925,0.0987301250695242,0.0086047975972328,0.006733839929601,0.0193096284951369,0.0798981923192307,0.0683491752467123,0.0067057632245714,0.0509452133879451,0.0160816551343753,0.0184942332763661,0.1124447371632876,0.0727939605579452,3.00071263,0.3145359295461538,0.3089999418538461,0.0606712347773972,3.569,0.01897788047,0.2145095604715384,0.0168198918602739,0.1965842717528395,0.13213783041,2.521499988407143,0.29735660545,0.0021994759631269,0.019584797320625,0.039000584015,100.0,100.0,100.0,100.0,50.0,100.0,50.0,100.0,100.0,100.0,100.0,100.0,100.0,100.0,100.0,100.0,100.0,100.0,100.0,0.0,100.0,100.0,100.0,0.0,0.0,100.0,100.0,100.0,100.0,64.28571428571428,100.0,100.0,100.0,100.0,temporal1,0
0.0146437718807605,0.019770817507032,0.2608616352,4.319548606872559e-05,3.56350004,0.0079034887320752,3.0110481900000003,0.0934607011097062,0.0088855530074605,0.0061531096503093,0.0176779408162763,0.0616479814,0.0637828362528947,0.0035760248145092,0.0510526048418421,0.0168390747351882,0.0115959644287173,0.1151797206497368,0.0879841979990789,3.010413736,0.331469416575,0.32750007505,0.0615394805494736,3.69599995,0.0145936806933333,0.24646160002,0.0179514320225,0.1844285669378571,0.17646065351875,3.9016250318,0.2859480381,0.0021894872180723,0.023527896402,0.0422415227545454,100.0,100.0,100.0,100.0,0.0,100.0,0.0,100.0,100.0,100.0,100.0,100.0,100.0,100.0,100.0,100.0,100.0,100.0,100.0,0.0,100.0,100.0,100.0,0.0,0.0,100.0,100.0,100.0,100.0,12.5,100.0,100.0,100.0,100.0,temporal1,0
0.0168677202169999,0.0241787644929483,1.5738924541785713,4.284381866455078e-05,1.654428615307143,0.0080616007133814,1.665869096485714,0.1110982314848775,0.0083063268271496,0.0051481098975859,0.01740905712537,0.0607296716028409,0.066932345618746,0.0045247818034501,0.0593385598944514,0.0153061833107058,0.0155091550581984,0.1162455731948902,0.0799267720295899,3.0064417675,0.2689146767904762,0.2590454599568181,0.0685956156530407,3.559333301666667,0.0156366825066666,0.1681612187847727,0.0164221127789408,0.191774191438608,0.1008561524281818,2.1012727103204543,0.2435073681714286,0.0063103878311769,0.0234609842272727,0.0370397832595555,100.0,100.0,100.0,100.0,100.0,100.0,100.0,100.0,100.0,100.0,100.0,100.0,100.0,100.0,100.0,100.0,100.0,100.0,100.0,0.0,100.0,100.0,100.0,0.0,0.0,100.0,100.0,100.0,100.0,72.72727272727272,100.0,100.0,100.0,100.0,temporal1,0
0.0154810721022196,0.0179530785333583,1.7884405823750005,5.376338958740234e-05,1.881499944,0.0079000199950427,1.8976131041,0.0950546000142874,0.00789910058075,0.0057623900258146,0.01800324767375,0.0772712664090909,0.0683565810211458,0.0039630777687647,0.0452187433758333,0.0120711100178968,0.0170220480090847,0.1160863761797916,0.0661625514320833,3.003167306666666,0.353806755709091,0.3556364015727272,0.0555833329664583,3.553999976666667,0.01493942737,0.2636392116009091,0.0146381308592708,0.1887455458499057,0.1824342553918181,2.376090934836364,0.255824387025,0.0026943169379403,0.0198951042592307,0.0364460263883333,100.0,100.0,100.0,100.0,100.0,100.0,100.0,100.0,100.0,100.0,100.0,100.0,100.0,100.0,100.0,100.0,100.0,100.0,100.0,0.0,100.0,100.0,100.0,0.0,0.0,100.0,100.0,100.0,100.0,72.72727272727272,100.0,100.0,100.0,100.0,temporal1,0
0.0149541982999421,0.0229936609329559,2.03440604,4.3320655822753904e-05,2.6342856485714288,0.0082260088614433,2.4813504157142856,0.0926760521478396,0.0087024441234177,0.005982909220137,0.0174003613111075,0.0784345626733333,0.0630691760599367,0.005024017513554,0.0411392420083544,0.0131099082722414,0.0120475973375904,0.1002429285979746,0.0593797194709493,3.00829639,0.3960214773266666,0.3936000028733333,0.0515189864892405,4.027000087999999,0.01698249578,0.2956112066466667,0.0169957710177215,0.1713124581761494,0.1750050703326666,3.31168748040625,0.24631571764,0.0046325820975908,0.0229849645039285,0.038885138246,100.0,100.0,100.0,100.0,71.42857142857143,100.0,71.42857142857143,100.0,100.0,100.0,100.0,100.0,100.0,100.0,100.0,100.0,100.0,100.0,100.0,0.0,100.0,100.0,100.0,0.0,0.0,100.0,100.0,100.0,100.0,56.25,100.0,100.0,100.0,100.0,temporal1,0
0.0156037177687276,0.023607480993981,2.126085434783333,4.217028617858887e-05,2.244076889069231,0.008099249038339,2.233610328208333,0.1015841183995717,0.0085590672857333,0.0051953060559308,0.017174312042892,0.0709107387309756,0.0647489471912698,0.0046782797607651,0.0428571367942222,0.0107175903676011,0.0119131471666494,0.131010316627365,0.0603208564469523,2.861806836470588,0.2643344227414634,0.2609512107658536,0.0530031881425477,3.296411761764705,0.01466295122375,0.1735793264441463,0.0158569562169745,0.1999306890721552,0.0967280108558536,2.628571445185714,0.2361694503647059,0.0064394254417091,0.020472957535,0.0361051539702479,100.0,100.0,100.0,100.0,100.0,100.0,100.0,100.0,100.0,100.0,100.0,100.0,100.0,100.0,100.0,100.0,100.0,100.0,100.0,23.529411764705884,100.0,100.0,100.0,23.529411764705884,0.0,100.0,100.0,100.0,100.0,69.04761904761905,100.0,100.0,100.0,100.0,temporal1,0
0.0157102248275308,0.0215263882163778,0.2608616352,4.322528839111328e-05,3.550599952,0.0084397207728957,3.006640906,0.1028340800880298,0.0090091824517962,0.006258475681615,0.0176822388569537,0.1133418083014285,0.0630136110061111,0.0043735519427051,0.0440277832458333,0.0153353662088838,0.0123834455141428,0.1546127288110185,0.0601061935689814,3.00630187,0.4446748324285714,0.4374286106285714,0.0544999926098148,3.53600001,0.016596555705,0.3271890026714285,0.0178024879163888,0.2188280522468333,0.2109840597157142,3.8567142096142857,0.06625008583,0.0030598136081312,0.023631906505,0.0393911875143589,100.0,100.0,100.0,100.0,0.0,100.0,0.0,100.0,100.0,100.0,100.0,100.0,100.0,100.0,100.0,100.0,100.0,100.0,100.0,0.0,100.0,100.0,100.0,0.0,0.0,100.0,100.0,100.0,100.0,14.285714285714292,100.0,100.0,100.0,100.0,temporal1,0
0.0145749414557465,0.0256486018906175,1.9151189624214289,4.144906997680664e-05,2.514277786238889,0.0085215454007772,2.274385023183333,0.0868367467362917,0.0085418864366845,0.0055042048165344,0.0174497133889865,0.0666656300764864,0.0660582101660126,0.0045311727686473,0.0539588611212658,0.0168787842202401,0.0100581223747812,0.1045093347569936,0.0766936495444653,3.006087576666667,0.2680029510925,0.2650270203837838,0.0634240470223101,3.578749970833333,0.012076497075,0.1724657947508108,0.0174319564133962,0.1773371258942407,0.0991421325583783,2.943026326089474,0.2683161326285714,0.0072862683096737,0.0214015428815384,0.0390937616472527,100.0,100.0,100.0,100.0,77.77777777777777,100.0,77.77777777777777,100.0,100.0,100.0,100.0,100.0,100.0,100.0,100.0,100.0,100.0,100.0,100.0,0.0,100.0,100.0,100.0,0.0,0.0,100.0,100.0,100.0,100.0,57.89473684210526,100.0,100.0,100.0,100.0,temporal1,0
0.0150754188335724,0.0232731025982961,0.2608616352,4.387497901916504e-05,3.245500011630001,0.0091107423124458,2.74846765557,0.0956396111639692,0.0104622735903081,0.0059258849110802,0.017173789577893,0.066612152817619,0.0665772680844025,0.0052425604753452,0.0453584883876729,0.0150176140305862,0.0160977758180413,0.1107767347793081,0.0631273212586792,3.013658677777778,0.2963152953095238,0.2903809546857143,0.0545597451206918,3.5917777722222226,0.01668801307,0.2014853159185714,0.0162516195028301,0.1857329926798285,0.1283260186266666,3.747047590252381,0.25013101095,0.006434504473601,0.0238199724811764,0.0394551753944117,100.0,100.0,100.0,100.0,10.0,100.0,10.0,100.0,100.0,100.0,100.0,100.0,100.0,100.0,100.0,100.0,100.0,100.0,100.0,0.0,100.0,100.0,100.0,0.0,0.0,100.0,100.0,100.0,100.0,14.285714285714292,100.0,100.0,100.0,100.0,temporal1,0
0.0150586084004407,0.0220428805566037,2.5315642300000003,4.186630249023437e-05,3.379909076363637,0.0074236826452727,2.909545220909091,0.0995166988414223,0.0075645653396199,0.0057841476950462,0.0171733268059799,0.0699318430604545,0.0672494586201333,0.0046862709181121,0.0413200028661999,0.0121338837645638,0.0157111511399784,0.1039166323132666,0.0605552911665999,3.0154008225,0.3055650645636363,0.3023181611454545,0.0508200025463333,3.5602500375000004,0.0149320363949999,0.2176802699654545,0.0166144895512666,0.1785528185459036,0.1444254354645454,2.997500003559091,0.2813582419666666,0.0047676688731134,0.0236520682021428,0.0379648164414814,100.0,100.0,100.0,100.0,18.181818181818187,100.0,18.181818181818187,100.0,100.0,100.0,100.0,100.0,100.0,100.0,100.0,100.0,100.0,100.0,100.0,0.0,100.0,100.0,100.0,0.0,0.0,100.0,100.0,100.0,100.0,40.90909090909091,100.0,100.0,100.0,100.0,temporal1,0
0.016808765079548,0.0194078519399447,0.7998549921,4.401206970214844e-05,0.8979999402500001,0.0084296430849142,0.902227044,0.1047313130492128,0.010000599055921,0.0061862884640781,0.0185111541453026,0.139672994595,0.0668078472638157,0.0043336506236851,0.056828950570921,0.0126237210086426,0.0134809017156923,0.1271657943423684,0.0753334992751948,3.011816375,0.693302213325,1.4025555700333332,0.0666578819742105,3.552500005,0.0129514932599999,0.4243025180999999,0.0184224938043421,0.2055627930314286,0.268146634065,3.0509999805000003,0.2655052542,0.0020924831952198,0.0239486694311111,0.040937697884,100.0,100.0,100.0,100.0,100.0,100.0,100.0,100.0,100.0,100.0,100.0,100.0,100.0,100.0,100.0,100.0,100.0,100.0,100.0,0.0,100.0,100.0,100.0,0.0,0.0,100.0,100.0,100.0,100.0,77.77777777777777,100.0,100.0,100.0,100.0,temporal1,0
0.0152419334355702,0.020880151963532,0.2940274873666667,4.4465065002441406e-05,0.4353334108333334,0.0109667488021891,0.4472117423333333,0.0967688749237109,0.0096410745509878,0.0059995397810874,0.0182112687928536,0.088036982212,0.0627986221671951,0.0052902426629649,0.0497073196668292,0.0147093126590554,0.0125660058584864,0.1163039614291463,0.0759957185446341,3.006621091111111,0.47208294828,0.8683749879875,0.0596585477129268,3.633777721111111,0.01998591423,0.2897319310253333,0.0175174474670731,0.1910144725987778,0.1961313563073333,3.2845333511400003,0.2201147874,0.0032072762638345,0.0230860493368181,0.0379484076202631,100.0,100.0,100.0,100.0,100.0,100.0,100.0,99.53379953379954,100.0,100.0,100.0,100.0,100.0,100.0,100.0,100.0,100.0,100.0,100.0,0.0,100.0,100.0,100.0,0.0,0.0,100.0,100.0,100.0,100.0,40.0,100.0,100.0,100.0,100.0,temporal1,0
0.0160271042994822,0.0189769288042816,2.166029846666667,4.363059997558594e-05,4.163999908333333,0.0084437098751736,2.70767867,0.1020940476098897,0.011150091506886,0.0058647083038929,0.0185795584773037,0.0919259547988999,0.0681477286996202,0.0051786620329639,0.0508987360294936,0.0127802881909972,0.0201602398370793,0.126036435722405,0.0722797792051898,3.0039561925,0.42328608029,0.41740002627,0.0610759469417721,3.548999878,0.011257052415,0.3148718118199999,0.016713954220886,0.2052028726885057,0.15966274735,3.6510768959538464,0.2633224327666666,0.002269501588053,0.020595777032,0.0378427505447058,100.0,100.0,100.0,100.0,100.0,100.0,100.0,100.0,100.0,100.0,100.0,100.0,100.0,100.0,100.0,100.0,100.0,100.0,100.0,0.0,100.0,100.0,100.0,0.0,0.0,100.0,100.0,100.0,100.0,61.53846153846154,100.0,100.0,100.0,100.0,temporal1,0
0.015324552281318,0.0205655595502739,2.97554087,4.349946975708008e-05,3.695333358333333,0.010222271373647,3.012422735,0.0962251248350952,0.00877216656884,0.0068127258555378,0.0176777903195733,0.0960248576111111,0.0658759466705333,0.0051717290245607,0.0599466800577333,0.0161335543670993,0.0101589063779166,0.1212568473652,0.0888234815951315,3.0142139533333334,0.3736735714333333,0.3636666668333334,0.0702399825933333,4.556499935,0.01555395126,0.2659280564655555,0.0174266401882666,0.1955128031683132,0.1641044086377777,3.88660003669,0.3102691173,0.0025568405777598,0.0213474290678571,0.0446073743985185,100.0,100.0,100.0,100.0,0.0,100.0,0.0,100.0,100.0,100.0,100.0,100.0,100.0,100.0,100.0,100.0,100.0,100.0,100.0,0.0,100.0,100.0,100.0,0.0,0.0,100.0,100.0,100.0,100.0,20.0,100.0,100.0,100.0,100.0,temporal1,0
0.0151871816325115,0.0224084941744189,2.0513780075,4.348158836364746e-05,3.4104000020000003,0.0094981704418214,2.505368705,0.0973393187873966,0.0099974547806354,0.0060644815542826,0.0171865001283124,0.0785172419036363,0.0664589181427083,0.0052878243073014,0.0495312511861458,0.0129937806205311,0.0154841831723714,0.1131646185911458,0.070476462431875,3.007954295,0.3406693934909091,0.3487272695454546,0.0592291826902083,3.5517500575,0.011257052415,0.2463370452727273,0.0178976431441666,0.1898885717488679,0.1626879301645454,3.115818106836364,0.308444797925,0.004723501204601,0.0209100484803333,0.0427988202894736,100.0,100.0,100.0,100.0,100.0,100.0,100.0,100.0,100.0,100.0,100.0,100.0,100.0,100.0,100.0,100.0,100.0,100.0,100.0,0.0,100.0,100.0,100.0,0.0,0.0,100.0,100.0,100.0,100.0,63.63636363636363,100.0,100.0,100.0,100.0,temporal1,0
0.016437618097102,0.0213142755047929,1.30265068645,4.347562789916992e-05,1.4359999873,0.0077129205057142,1.44358277015,0.1005062760911703,0.010452878582899,0.005886984367226,0.0190903659221651,0.11448243258875,0.0642210977798165,0.0051579870229171,0.0499816465722935,0.015842427498146,0.014453045861968,0.1264341380368807,0.0720113192645794,3.0166552766666666,0.429508268775,0.4265000223375,0.0598440454531192,3.6016666833333333,0.01392495632,0.324821054875,0.0179182814619626,0.1968022771705785,0.2085658907562499,2.5180000049125,0.2599278688,0.0040179307632954,0.0237727815431818,0.0400365761291836,100.0,100.0,100.0,100.0,100.0,100.0,100.0,100.0,100.0,100.0,100.0,100.0,100.0,100.0,100.0,100.0,100.0,100.0,100.0,0.0,100.0,100.0,100.0,0.0,0.0,100.0,100.0,100.0,100.0,62.5,100.0,100.0,100.0,100.0,temporal1,0
0.0166334010224595,0.0191132863336218,2.96762394,4.341006278991699e-05,3.717499845,0.0066096081447058,3.010361425,0.1032629657092646,0.0093912748171999,0.0063980409006228,0.0190818603172461,0.11806714531875,0.0700915226453846,0.0051040316131505,0.0670307672827692,0.0160207691041529,0.0129607157247727,0.1313611103649231,0.0934224752098461,3.0049574325,0.3887744843374999,0.37287500495,0.0774923177730769,3.5412499850000003,0.01564157009,0.2461433410175,0.0186034569336923,0.2159637311695833,0.11039903757625,3.4498749949125003,0.3015863895,0.0029547924682126,0.0222070117766666,0.0417856953304545,100.0,100.0,100.0,100.0,0.0,100.0,0.0,100.0,100.0,100.0,100.0,100.0,100.0,100.0,100.0,100.0,100.0,100.0,100.0,0.0,100.0,100.0,100.0,0.0,0.0,100.0,100.0,100.0,100.0,25.0,100.0,100.0,100.0,100.0,temporal1,0
0.0158355133767042,0.0202534146898937,1.6142900754499998,4.432797431945801e-05,2.326428544157143,0.0086447626845677,1.902820857328572,0.1017775351653935,0.0085917636737187,0.0060805322499153,0.0203912729964583,0.0764212437959285,0.0664481669560416,0.0038252332625367,0.0467499866978124,0.0156889984351133,0.0137492736152833,0.1140393440712499,0.0646304885444791,3.014614755,0.3390066623214286,0.3324285404571428,0.0566979174698958,3.5915000375,0.01391601562,0.2323319741357143,0.0169032982369387,0.1862182684291509,0.1483121599078571,2.905785744742857,0.2315476337499999,0.0026829336192436,0.0229367679996296,0.0379531264252499,100.0,100.0,100.0,100.0,85.71428571428571,100.0,85.71428571428571,100.0,100.0,100.0,100.0,100.0,100.0,100.0,100.0,100.0,100.0,100.0,100.0,0.0,100.0,100.0,100.0,0.0,0.0,100.0,100.0,100.0,100.0,64.28571428571428,100.0,100.0,100.0,100.0,temporal1,0
0.0193901965792592,0.0207551168179111,0.2608616352,4.259347915649414e-05,3.596999995,0.007322810943238,3.038385385,0.1045436174717013,0.0097632548365294,0.0069211971598788,0.0171249123137451,0.10950511691625,0.0628987971393137,0.0044400006117191,0.0564901992263725,0.0172580841333107,0.0184885899195777,0.1256567590152941,0.0766729616984999,3.026368293333333,0.41542299585,0.4132499396125,0.0672156810627451,3.5709999175,0.014005541795,0.31277340645,0.0159198482398019,0.193312431818407,0.1912401318175,3.848571364257143,0.06625008583,0.0037251901613844,0.022810536265,0.04172236322825,100.0,100.0,100.0,100.0,0.0,100.0,0.0,100.0,100.0,100.0,100.0,100.0,100.0,100.0,100.0,100.0,100.0,100.0,100.0,0.0,100.0,100.0,100.0,0.0,0.0,100.0,100.0,100.0,100.0,14.285714285714292,100.0,100.0,100.0,100.0,temporal1,0
0.014410424229745,0.0217335176752175,1.26068720668,4.308223724365234e-05,2.0982856375285714,0.00813816070472,1.9514287850714285,0.101213732272704,0.0099719469995263,0.0058836910422095,0.0182444798278333,0.081409788116,0.0694710120725438,0.0042639281369457,0.0532368442368421,0.0155921099953874,0.0167923229049523,0.1250531526714912,0.0747251426825438,3.012344628571429,0.2908476352266667,0.2887999534,0.0635087803705263,3.556999984285714,0.0156420469225,0.2002046584719999,0.0175346060872973,0.2014952944566141,0.1140800157953333,3.298933343633333,0.27627778048,0.0040697271998166,0.0247995231430434,0.0403583685511111,100.0,100.0,100.0,100.0,71.42857142857143,100.0,71.42857142857143,99.82174688057042,100.0,100.0,100.0,100.0,100.0,100.0,100.0,100.0,100.0,100.0,100.0,0.0,100.0,100.0,100.0,0.0,0.0,100.0,100.0,100.0,100.0,40.0,100.0,100.0,100.0,100.0,temporal1,0
0.0165562349177871,0.0205245059082194,0.7815183368,4.434585571289063e-05,2.0863333522,0.009735640056734,1.9062597709666669,0.100285143994506,0.0104159712776184,0.0066945684659674,0.0195915981306842,0.113431185465,0.0680906050986842,0.0043644596022407,0.0504341941044736,0.0159610678168267,0.0121867733586774,0.1148791940324999,0.0712710493393421,3.011047978,0.4233102201875,0.4190000593125,0.060618431930921,3.565833326666666,0.011257052415,0.30272027845,0.0182822942688157,0.1907172543257143,0.18515962358625,3.842125025,0.37631285185,0.0032537380844896,0.0238921188142857,0.0402541160537142,100.0,100.0,100.0,100.0,66.66666666666666,100.0,66.66666666666666,98.07228915662652,100.0,100.0,100.0,100.0,100.0,100.0,100.0,100.0,100.0,100.0,100.0,0.0,100.0,100.0,100.0,0.0,0.0,100.0,100.0,100.0,100.0,25.0,100.0,100.0,100.0,100.0,temporal1,0
0.01951970286,0.0231556021938807,1.96953351765,4.355112711588541e-05,2.1002857313428573,0.0066096081447058,2.0748739189666665,0.1056790899723258,0.0093774137811264,0.0065734788149982,0.0210306315545287,0.0798604488253846,0.0677128468341379,0.005483338502317,0.0480574684486206,0.0153960847588226,0.0139322467848235,0.1158507335943678,0.0660190719170115,3.0062130266666665,0.3492551583,0.3505384554692308,0.0580115098947126,3.557666616666667,0.01689696311,0.2388361049992307,0.0183835139171264,0.1932122980185416,0.15467275104,2.543642858814285,0.262338678,0.0061122377702178,0.0244095636426086,0.0456292960302777,100.0,100.0,100.0,100.0,100.0,100.0,100.0,100.0,100.0,100.0,100.0,100.0,100.0,100.0,100.0,100.0,100.0,100.0,100.0,0.0,100.0,100.0,100.0,0.0,0.0,100.0,100.0,100.0,100.0,78.57142857142857,100.0,100.0,100.0,100.0,temporal1,0
0.0172989915596721,0.0185052606268506,0.2608616352,4.2879581451416014e-05,4.944666616666667,0.00991888045885,3.00980663,0.1156481050610873,0.0113876238447656,0.006324660167904,0.0179122202046093,0.130439519865,0.0664096809817187,0.0058091256919782,0.056390613304375,0.0174535279480507,0.0121610959337666,0.1550984568603125,0.0773169658932812,3.003074765,0.4720419634666666,0.48383339165,0.0665781348817187,3.5646665866666667,0.01397252082,0.36671797375,0.0167681014857575,0.2297201458432394,0.1406673192699999,3.57666666945,0.06625008583,0.0039513618380489,0.0228901306766666,0.0415355908189473,100.0,100.0,100.0,100.0,0.0,100.0,0.0,100.0,100.0,100.0,100.0,100.0,100.0,100.0,100.0,100.0,100.0,100.0,100.0,0.0,100.0,100.0,100.0,0.0,0.0,100.0,100.0,100.0,100.0,33.33333333333333,100.0,100.0,100.0,100.0,temporal1,0
0.014452642281589,0.0187837155899375,1.9540002703833328,5.428791046142578e-05,2.0860000021666667,0.009149335321875,2.098401662166667,0.0988206943066099,0.0095515613298101,0.0057716773955906,0.0189459685986329,0.1106029987199999,0.0692530342191139,0.00422935657609,0.0471772302473417,0.0155418914477031,0.012295653419375,0.110907307136962,0.0645108222845569,3.00299191,0.41261587138,0.40939996238,0.0577848198916455,3.53350007,0.01559996604,0.30454814429,0.0165646589211392,0.1866867733650574,0.1870287656449999,2.80280000781,0.2427458762666666,0.0029715585702195,0.0210676101511538,0.0402857727419444,100.0,100.0,100.0,100.0,100.0,100.0,100.0,99.52038369304556,100.0,100.0,100.0,100.0,100.0,100.0,100.0,100.0,100.0,100.0,100.0,0.0,100.0,100.0,100.0,0.0,0.0,100.0,100.0,100.0,100.0,80.0,100.0,100.0,100.0,100.0,temporal1,0
0.0152880212858843,0.0170746392516641,2.32829213,4.423260688781738e-05,2.45799994,0.0083721213866666,2.47077107,0.0960087879987092,0.0097823260243606,0.0062624613433196,0.0156045116320163,0.219928503,0.0671663166906557,0.0036605181313932,0.0507540859085245,0.0138151192150414,0.0124140898353999,0.1226270472121311,0.0705589661734426,2.861806836470588,0.6553664207,0.6610000133,0.0612786793237705,3.5610001,0.01534605026,0.4804265499,0.0167231794211475,0.1910630920004411,0.2269241809,3.56099987,0.3019542694,0.0018201432322216,0.0212751967542857,0.037895788745,100.0,100.0,100.0,100.0,100.0,100.0,100.0,100.0,100.0,100.0,100.0,100.0,100.0,100.0,100.0,100.0,100.0,100.0,100.0,0.0,100.0,100.0,100.0,0.0,0.0,100.0,100.0,100.0,100.0,100.0,100.0,100.0,100.0,100.0,temporal1,0
0.0148629329166318,0.021864383184958,1.7173663164571429,4.249811172485352e-05,1.8169999432142856,0.0095134354536442,1.829479725642857,0.0989918884574318,0.0096156867032169,0.0058195320592357,0.0188842516980943,0.0692833132149999,0.064190538415,0.00498021761502,0.0594245330241509,0.0148193432474068,0.0168836514126923,0.1090830856701886,0.0819657995884905,3.0028965016666667,0.2979756063277777,0.2909444305222222,0.0699811386495283,4.130428614285714,0.0154119729949999,0.2062524026761111,0.0186160285472641,0.1871035037536752,0.1352180507227777,2.67272219105,0.2637578418714285,0.0025927786723171,0.0222955005489285,0.0411304077966037,100.0,100.0,100.0,100.0,100.0,100.0,100.0,100.0,100.0,100.0,100.0,100.0,100.0,100.0,100.0,100.0,100.0,100.0,100.0,0.0,100.0,100.0,100.0,0.0,0.0,100.0,100.0,100.0,100.0,66.66666666666666,100.0,100.0,100.0,100.0,temporal1,0
0.0169493960378456,0.0192949232039319,1.3072354772,4.298090934753418e-05,1.6249998798499998,0.0096590152128205,1.62637578995,0.0982243003905457,0.0093736540172424,0.0069526293564044,0.017903902309303,0.1017943620558333,0.0658435929792424,0.0052138161145106,0.046166643945303,0.0143776936002147,0.0241570621670416,0.11378994131,0.0648537393728358,3.00758676,0.5582732749583333,1.3394285944500002,0.0564696969313636,3.925333335,0.011257052415,0.3374569806583334,0.0165892116904545,0.1902625658357534,0.2154301603341667,3.0403333605416667,0.2416760921,0.0021105269162442,0.0267458438845,0.0405213137416666,100.0,100.0,100.0,100.0,100.0,100.0,100.0,100.0,100.0,100.0,100.0,100.0,100.0,100.0,100.0,100.0,100.0,100.0,100.0,0.0,100.0,100.0,100.0,0.0,0.0,100.0,100.0,100.0,100.0,58.333333333333336,100.0,100.0,100.0,100.0,temporal1,0
0.0160809124596511,0.0191191619811086,0.2608616352,4.278421401977539e-05,4.388200038,0.0066096081447058,3.01102584,0.1092261662774619,0.0118406896704383,0.0061218558260655,0.0184529448158493,0.0920616785508333,0.0670155760243835,0.0042665948952673,0.0484657777363013,0.0184005320569912,0.0200852626948372,0.142099746259452,0.0655897307955405,3.00361736,0.3180574972916667,0.315166711775,0.0588904047538356,3.5536665866666666,0.01474404335,0.2282333373808333,0.0173252224876315,0.216851490697375,0.1304782032808333,2.9108333549083336,0.06625008583,0.0038673927378954,0.0212575495216666,0.0450088652654545,100.0,100.0,100.0,100.0,0.0,100.0,0.0,100.0,100.0,100.0,100.0,100.0,100.0,100.0,100.0,100.0,100.0,100.0,100.0,0.0,100.0,100.0,100.0,0.0,0.0,100.0,100.0,100.0,100.0,41.66666666666666,100.0,100.0,100.0,100.0,temporal1,0
0.0169213925302279,0.0194752485825347,1.036826687,4.6086311340332034e-05,1.1866665657666666,0.0068359984895116,1.1909517431333332,0.106810876791952,0.0099898370097466,0.0065797554216852,0.01742682774444,0.1404983400975,0.0653438059405333,0.0054698012691308,0.0627199999337733,0.0158611840640134,0.0130951303085957,0.1175408585593333,0.0866803199812,2.861806836470588,0.468248307675,0.459750115825,0.0727466613874666,3.5610001,0.0158940156233333,0.334634006,0.0163700993812,0.2052663865595181,0.191352546185,1.71240009962,0.2700987656333333,0.0023308676107984,0.021726552643,0.0405005467518421,100.0,100.0,100.0,100.0,100.0,100.0,100.0,99.50372208436724,100.0,100.0,100.0,100.0,100.0,100.0,100.0,100.0,100.0,100.0,100.0,0.0,100.0,100.0,100.0,0.0,0.0,100.0,100.0,100.0,100.0,100.0,100.0,100.0,100.0,100.0,temporal1,0
0.016295491700615,0.0200652950653905,1.302987035675,4.358291625976563e-05,1.4122499783000002,0.0079333847204181,1.4274581039749998,0.097922606998352,0.0088596838002072,0.0057572279346209,0.0166603316015405,0.0926642417846666,0.0689844827272972,0.0055146502238742,0.0420810768127027,0.01520181657667,0.0110894161086176,0.1105881445882883,0.0605333023138738,3.004300256,0.33922422722,0.33260002132,0.0523964005467567,3.93359999,0.0161347985225,0.23980277374,0.0157754846936607,0.1881949125853658,0.1376797516906666,2.362000016473333,0.2294896244249999,0.0028974965754191,0.0204696763622727,0.0388726515602564,100.0,100.0,100.0,100.0,100.0,100.0,100.0,100.0,100.0,100.0,100.0,100.0,100.0,100.0,100.0,100.0,100.0,100.0,100.0,0.0,100.0,100.0,100.0,0.0,0.0,100.0,100.0,100.0,100.0,66.66666666666666,100.0,100.0,100.0,100.0,temporal1,0
0.0169193247924479,0.0191506661024253,2.30384206,4.382133483886719e-05,2.53400015,0.0079888262826509,2.54905748,0.0994929860452534,0.0088421723913975,0.006262469221021,0.017458809423759,0.1917151450739999,0.06778174135,0.0050817497628487,0.0487108489043734,0.0128801820682949,0.0151878637892321,0.1238258890104819,0.0643816195245783,3.00554013,0.97524814526,1.52880000898,0.0587108565992771,3.53900003,0.01493724187,0.4647382258999999,0.0163499648269879,0.1961530524357609,0.263296937904,3.12459997988,0.2398595809,0.0023346969049895,0.0223942637419999,0.0393452420778124,100.0,100.0,100.0,100.0,100.0,100.0,100.0,100.0,100.0,100.0,100.0,100.0,100.0,100.0,100.0,100.0,100.0,100.0,100.0,0.0,100.0,100.0,100.0,0.0,0.0,100.0,100.0,100.0,100.0,80.0,100.0,100.0,100.0,100.0,temporal1,0
0.0158560079594279,0.0204947082406532,1.3132625801833335,5.022883415222168e-05,1.4163333559166666,0.0096553151836822,1.4290915294166668,0.1018794777255665,0.0101352358844895,0.0059963439364119,0.0171837235452083,0.070965830472,0.06810161966875,0.0052539618565808,0.0581666504230208,0.0172383037902748,0.0201091941630147,0.1214703668875,0.0820383702582291,3.0303130125,0.4685729817733333,0.46993331842,0.0691041772436458,4.0775001025,0.0205146074249999,0.2736007210839999,0.0171798591767708,0.200761567830283,0.1953442255393333,2.4640667381066668,0.2609877585833333,0.0066366338718857,0.022198593614,0.0376306867563999,100.0,100.0,100.0,100.0,100.0,100.0,100.0,99.59100204498978,100.0,100.0,100.0,100.0,100.0,100.0,100.0,100.0,100.0,100.0,100.0,0.0,100.0,100.0,100.0,0.0,0.0,100.0,100.0,100.0,100.0,73.33333333333333,100.0,100.0,100.0,100.0,temporal1,0
0.0154496081915948,0.0207599393102798,1.3165193753,4.4792890548706055e-05,4.032833353766667,0.0082932151847812,2.6959764442400003,0.0958431569190408,0.0088259132149126,0.0058553319691406,0.0181298788272815,0.0730881541926875,0.0640128029102912,0.0066472733760349,0.0448349748938834,0.0153394671426695,0.0211167277326097,0.103129002638932,0.0578645386652427,3.02408941,0.3270525782875,0.318374976475,0.0545339723157281,3.574333343333333,0.014076113695,0.22177617248125,0.0169006435576699,0.1819556666232743,0.140921339370625,3.71837499386875,0.26661074155,0.0026993703835162,0.02268299886,0.0387039184525,100.0,100.0,100.0,100.0,16.66666666666667,100.0,20.0,100.0,100.0,100.0,100.0,100.0,100.0,100.0,100.0,100.0,100.0,100.0,100.0,0.0,100.0,100.0,100.0,0.0,0.0,100.0,100.0,100.0,100.0,31.25,100.0,100.0,100.0,100.0,temporal1,0
0.0166714821399772,0.0217403130528973,0.3673615455,4.538893699645996e-05,0.5139999389,0.0113914992096249,0.5223493576,0.1005575027686932,0.0099973502896,0.0062477639949305,0.0187771395596947,0.0744018187792307,0.067169952382421,0.0053113654799037,0.0470421188677894,0.0146699177423147,0.0195266087819,0.1136331507816841,0.0587379405297894,3.008441206666667,0.3190233523461538,0.3123846237,0.0567578917965263,4.138571457142858,0.0158650279,0.2186848199776922,0.0169525724427272,0.1900085516955238,0.1406881808869231,2.2459230771,0.2255532741,0.0054904292602212,0.0228272318819999,0.0400381448083018,100.0,100.0,100.0,100.0,100.0,100.0,100.0,100.0,100.0,100.0,100.0,100.0,100.0,100.0,100.0,100.0,100.0,100.0,100.0,0.0,100.0,100.0,100.0,0.0,0.0,100.0,100.0,100.0,100.0,61.53846153846154,100.0,100.0,100.0,100.0,temporal1,0
0.016044609927287,0.0192457543921956,1.15699458,4.380345344543457e-05,2.95400011,0.0114134252052499,2.60724568,0.0946961527460626,0.0103331537374776,0.0065825419727336,0.0185129108671194,0.12270045279,0.0629614787176119,0.0037730593424736,0.0552985205483582,0.0131909772978786,0.0308122855602407,0.1006705440464179,0.0732764368333333,3.0168198275,0.4703628484111111,0.4637499738,0.0652835796007462,3.6340001175,0.01665210723,0.341722100925,0.0167006154811111,0.170867346382027,0.2051658331874999,3.103888878033333,0.302886486,0.0020025720192266,0.0216213176965517,0.0407182943214285,100.0,100.0,100.0,100.0,50.0,100.0,50.0,100.0,100.0,100.0,100.0,100.0,100.0,100.0,100.0,100.0,100.0,100.0,100.0,0.0,100.0,100.0,100.0,0.0,0.0,100.0,100.0,100.0,100.0,44.44444444444444,100.0,100.0,100.0,100.0,temporal1,0
0.015207516060606,0.0194321892442354,1.9781186545,4.176497459411621e-05,2.2399999654833334,0.0076618836463846,2.13456420434,0.1031887669148368,0.0099656684043857,0.0063748579570143,0.0185938187956142,0.08366757630375,0.0631486756335714,0.0043580969979387,0.0474000045159,0.0136316584195385,0.0169038061470701,0.1147079705975714,0.0645363569124285,3.009403663333333,0.3081252574375,0.2999375462125,0.0576285770861428,4.198666683333333,0.01980098088,0.2147806435349999,0.0178033419978571,0.1886423996066233,0.125541090935625,2.6081764945176467,0.26018958088,0.0028371658725848,0.0216814279507692,0.0457910941130769,100.0,100.0,100.0,100.0,100.0,100.0,100.0,100.0,100.0,100.0,100.0,100.0,100.0,100.0,100.0,100.0,100.0,100.0,100.0,0.0,100.0,100.0,100.0,0.0,0.0,100.0,100.0,100.0,100.0,70.58823529411765,100.0,100.0,100.0,100.0,temporal1,0
0.0150396969828571,0.0225265639536311,1.48504528538,4.311203956604004e-05,1.60740003408,0.0084308660931538,1.61085128412,0.1026025729716818,0.0078713266461278,0.0057543606803424,0.0180979384476992,0.0693961779230555,0.0659172319729323,0.0043878328226825,0.0448872092902255,0.0145933421017061,0.0156482846212558,0.1181485240412781,0.0634291990931297,3.008756315,0.3303708328352941,0.3328333695277778,0.0549774474574436,4.161285734285714,0.018845438955,0.2322312063349999,0.0175728051670992,0.191122215512585,0.1542616155066666,2.4284444367333338,0.2495693683199999,0.003909562762159,0.0222846212809523,0.0412057967851063,100.0,100.0,100.0,100.0,100.0,100.0,100.0,100.0,100.0,100.0,100.0,100.0,100.0,100.0,100.0,100.0,100.0,100.0,100.0,0.0,100.0,100.0,100.0,0.0,0.0,100.0,100.0,100.0,100.0,66.66666666666666,100.0,100.0,100.0,100.0,temporal1,0
0.015680348715909,0.0242725932158236,2.52886629,4.405975341796875e-05,2.65699982,0.0085545293101337,2.67120766,0.0934686742946711,0.0089193531429714,0.0059861120692074,0.0165856684912571,0.100905203809,0.0662924970799285,0.0043794419243823,0.0431857109018571,0.0130676107744111,0.0134488921775876,0.1034507070082143,0.0612183996508571,3.014428451666667,0.41536872383,0.4121999740199999,0.0535714251582857,3.5558333333333336,0.0144023299175,0.30333881373,0.0184337505354347,0.1743355133233333,0.198683285666,3.16389998998,0.3454227447,0.0034795183871687,0.0220443531840625,0.0408955370887037,100.0,100.0,100.0,100.0,100.0,100.0,100.0,100.0,100.0,100.0,100.0,100.0,100.0,100.0,100.0,100.0,100.0,100.0,100.0,0.0,100.0,100.0,100.0,0.0,0.0,100.0,100.0,100.0,100.0,40.0,100.0,100.0,100.0,100.0,temporal1,0
0.0153270276493096,0.0203160145478335,1.89562639904,4.280805587768555e-05,3.083142880842857,0.0091985702492166,2.1797052183666668,0.1006542019583844,0.0110553188121603,0.0063098655402324,0.0177095431158679,0.06678517162125,0.0686751064164151,0.0052509450905266,0.0576792482972924,0.0157835787895031,0.013949717558315,0.1202867075924528,0.0797380546198113,3.0034847680000003,0.29415060575,0.29181250924375,0.0680282790579245,4.2169999633333335,0.0176731745333333,0.20577408369,0.0149268136795283,0.1962648619560683,0.13470782337125,2.8631250091062497,0.2564718246,0.0044448749678934,0.022229897974,0.0396841019347916,100.0,100.0,100.0,100.0,71.42857142857143,100.0,83.33333333333333,100.0,100.0,100.0,100.0,100.0,100.0,100.0,100.0,100.0,100.0,100.0,100.0,0.0,100.0,100.0,100.0,0.0,0.0,100.0,100.0,100.0,100.0,62.5,100.0,100.0,100.0,100.0,temporal1,0
0.0150764731655566,0.0237727001650359,1.7877854969,3.837943077087402e-05,1.955444463977778,0.0076493476986896,1.8982996903,0.0993139932640903,0.0094735522214033,0.0050140753308202,0.0180098669831764,0.0716259864011612,0.0667378574485833,0.0053853140148294,0.0397374957731666,0.0134615585109092,0.0129521218183909,0.1255312750504583,0.0605993232326209,3.0140263186666667,0.3483662763733333,0.3482580876612903,0.0498125006654166,3.562799961,0.0170524120266666,0.2480276630274193,0.0175380254053164,0.1974808287428679,0.1565570523293548,3.1399142619914286,0.259167492325,0.0099404958559314,0.0215666670510526,0.037622910732375,100.0,100.0,100.0,100.0,100.0,100.0,100.0,99.81549815498155,100.0,100.0,100.0,100.0,100.0,100.0,100.0,100.0,100.0,100.0,100.0,0.0,100.0,100.0,100.0,0.0,0.0,100.0,100.0,100.0,100.0,45.71428571428572,100.0,100.0,100.0,100.0,temporal1,0
0.0196823737170784,0.0220199776897983,1.14014196,4.710555076599121e-05,1.944,0.0086900980567391,1.94875288,0.1150772034537589,0.0087288137054561,0.0061067625409862,0.0177763658613333,0.062752151484,0.0685004079429824,0.0041910394828037,0.0534473699332456,0.0139101831684352,0.0160137045921547,0.1622919825791228,0.0703404451571929,3.00870251,0.3745515346,0.3644999503499999,0.0632543940151754,3.5639998866666667,0.0147233804,0.273369002318,0.0173538442201754,0.23452685536096,0.204462099033,1.99220003885,0.3482739925,0.0033860298291037,0.0214316348208333,0.0402465221676595,100.0,100.0,100.0,100.0,100.0,100.0,100.0,100.0,100.0,100.0,100.0,100.0,100.0,100.0,100.0,100.0,100.0,100.0,100.0,0.0,100.0,100.0,100.0,0.0,0.0,100.0,100.0,100.0,100.0,70.0,100.0,100.0,100.0,100.0,temporal1,0
0.0165383136797571,0.0202959304205501,2.3615885533333336,5.132555961608887e-05,2.4860000566666667,0.008375377829266,2.4990665066666664,0.1037937641883618,0.0088659017382376,0.0059773698628329,0.0187382934074455,0.081024378528125,0.064391589390891,0.0051016967560939,0.0483663459743564,0.0144832195861609,0.0127585051941234,0.1366539071973267,0.0659284567947524,3.017244775714286,0.3348438262333333,0.3371249585937499,0.058079212010396,3.603571408571428,0.0145587126366666,0.24090029293125,0.0171537832739393,0.2051054270529203,0.155160531365,2.873999958193333,0.2877001166,0.0034726133523161,0.0216781111297058,0.038549004527317,100.0,100.0,100.0,100.0,100.0,100.0,100.0,100.0,100.0,100.0,100.0,100.0,100.0,100.0,100.0,100.0,100.0,100.0,100.0,0.0,100.0,100.0,100.0,0.0,0.0,100.0,100.0,100.0,100.0,53.333333333333336,100.0,100.0,100.0,100.0,temporal1,0
0.0158184790226882,0.0244767704911594,1.4910083255,4.201531410217285e-05,1.6204000455999998,0.0095192167480888,1.6234709711400002,0.0992876866678959,0.008917710996303,0.0056631766627836,0.0175646940829646,0.070747653635,0.065811850795606,0.0049382211460106,0.0480252456089898,0.0146321037881575,0.0143616199463785,0.1120024810942929,0.0635406062040098,3.01338198125,0.3309826055708333,0.3284166554125,0.0575050476704545,4.005333333333334,0.0175067186325,0.23507834470375,0.0173940997458823,0.1846582921812785,0.1588223774925,2.3260833394375,0.24921221728,0.006061088652535,0.0238016207973333,0.0409658903033734,100.0,100.0,100.0,100.0,100.0,100.0,100.0,100.0,100.0,100.0,100.0,100.0,100.0,100.0,100.0,100.0,100.0,100.0,100.0,0.0,100.0,100.0,100.0,0.0,0.0,100.0,100.0,100.0,100.0,66.66666666666666,100.0,100.0,100.0,100.0,temporal1,0
0.0176204832161196,0.0230925983273714,1.6492102919,4.460811614990234e-05,1.7723333005999995,0.0082083501305789,1.7829452316333334,0.0962277085458748,0.0105961657842342,0.0060066707822237,0.0202448518369639,0.0641013453841176,0.06576421057183,0.0050576678063179,0.048928115874183,0.0166615357976057,0.0117986938507058,0.1160007302056209,0.0686796934051923,3.0075287475000003,0.3163474400333333,0.3172940926941176,0.0586470669278431,3.56087496375,0.01488399505,0.2308883245764705,0.0163712272236538,0.1883154959004142,0.1612545742329411,2.555888888255556,0.2522468566333333,0.0066508115336409,0.022980070111,0.0412021800820312,100.0,100.0,100.0,100.0,100.0,100.0,100.0,100.0,100.0,100.0,100.0,100.0,100.0,100.0,100.0,100.0,100.0,100.0,100.0,0.0,100.0,100.0,100.0,0.0,0.0,100.0,100.0,100.0,100.0,55.55555555555556,100.0,100.0,100.0,100.0,temporal1,0
0.0155058460780054,0.0193901883427642,0.2608616352,4.320740699768066e-05,4.778400019999999,0.0075624499982857,3.0059787,0.0982877388250648,0.0091247679297215,0.0060287738536812,0.017895798134481,0.0900807163799091,0.065717449662405,0.0060509862114144,0.0518607610286075,0.0138295744631655,0.0147538760586034,0.1156975558874683,0.0710863463367088,3.00338133,0.3415035767545454,0.3371818065090908,0.0623164538973417,3.533333293333333,0.018094420425,0.2333100925372727,0.0165946936256962,0.1933922136929884,0.1353009613854545,3.352818181927273,0.06625008583,0.0032142996780364,0.0219536034934782,0.0413167391442857,100.0,100.0,100.0,100.0,0.0,100.0,0.0,100.0,100.0,100.0,100.0,100.0,100.0,100.0,100.0,100.0,100.0,100.0,100.0,0.0,100.0,100.0,100.0,0.0,0.0,100.0,100.0,100.0,100.0,36.36363636363637,100.0,100.0,100.0,100.0,temporal1,0
0.018587080283848,0.0216137531160632,1.6193404959666668,6.0278177261352536e-05,1.937250012425,0.0084146347589565,1.7505394614333334,0.1034788798818821,0.0100456489590898,0.0062856788018268,0.0167394889836067,0.080353832238,0.0702727698105618,0.006200164794176,0.0557977456625842,0.016852476647788,0.0124629906216825,0.11347302156,0.0889817784152809,3.0038910475,0.37010657782,0.36369996065,0.0654943766092134,4.305000106,0.02182269096,0.27762911314,0.0178103768379775,0.1949866620470408,0.1876852988879999,2.885545445618182,0.2324876785,0.0052218580238993,0.0222075581525,0.0470114174944117,100.0,100.0,100.0,100.0,100.0,100.0,100.0,100.0,100.0,100.0,100.0,100.0,100.0,100.0,100.0,100.0,100.0,100.0,100.0,0.0,100.0,100.0,100.0,0.0,0.0,100.0,100.0,100.0,100.0,63.63636363636363,100.0,100.0,100.0,100.0,temporal1,0
0.0157658874706008,0.02039471804373,1.616107698033333,4.383137351588199e-05,1.7569998868,0.0079710987509349,1.7703159631666665,0.0969986263794108,0.0095308174192718,0.0058578317219727,0.0168246968235145,0.1041424804133333,0.0666811026298058,0.0041270028969455,0.0477281612010679,0.0153752958176819,0.0108631571649041,0.09521492475,0.0712256884451,3.00343084,0.4319915175125,0.4382222483555555,0.0576310759517475,3.5610001,0.0168296496,0.3257876501522222,0.0168805287572277,0.1678710987342982,0.2162895202177777,1.7732221808666668,0.2324380874333333,0.0041307935519554,0.0232376787366666,0.0407825147358823,100.0,100.0,100.0,100.0,100.0,100.0,100.0,100.0,100.0,100.0,100.0,100.0,100.0,100.0,100.0,100.0,100.0,100.0,100.0,0.0,100.0,100.0,100.0,0.0,0.0,100.0,100.0,100.0,100.0,88.88888888888889,100.0,100.0,100.0,100.0,temporal1,0
0.0155035823852227,0.0208940748090586,2.288045592,4.2939186096191405e-05,2.39440002,0.0086226463293488,2.407620808,0.0954728451064351,0.0081673833442159,0.0060072716133639,0.0199310508601818,0.0806118079461428,0.0653471052542045,0.0062286164601796,0.045988630159659,0.0173242832722999,0.01203715801,0.1025065752426136,0.066580157375909,3.004998678333333,0.3351121799928571,0.3351428167714286,0.0559090755081818,3.5538334000000003,0.011970877645,0.2332653828571428,0.0180287821686363,0.1787793271039796,0.1467303037357143,3.0905714002357145,0.26258516308,0.002544274329084,0.0201187644639285,0.0429933865817777,100.0,100.0,100.0,100.0,100.0,100.0,100.0,99.78021978021978,100.0,100.0,100.0,100.0,100.0,100.0,100.0,100.0,100.0,100.0,100.0,0.0,100.0,100.0,100.0,0.0,0.0,100.0,100.0,100.0,100.0,57.142857142857146,100.0,100.0,100.0,100.0,temporal1,0
0.0158406541105446,0.0231123500366,0.2608616352,4.52578067779541e-05,3.585000035,0.0082702401422171,3.00229382,0.0993482704112672,0.009580007450192,0.0056027496362228,0.0165930189006556,0.086073191946,0.0642527491745033,0.004765082513893,0.0428675515708609,0.0149086202816416,0.0115065375935357,0.1013365833786755,0.0633016220606666,3.0042746,0.63925530066,1.02543745865,0.0523973553299999,3.5150001,0.01576042175,0.3851221871093333,0.0174162707828859,0.1737916711897006,0.2842769937733333,1.7771999342,0.06625008583,0.0040441061306079,0.024435672756,0.041305252840851,100.0,100.0,100.0,100.0,0.0,100.0,0.0,100.0,100.0,100.0,100.0,100.0,100.0,100.0,100.0,100.0,100.0,100.0,100.0,0.0,100.0,100.0,100.0,0.0,0.0,100.0,100.0,100.0,100.0,80.0,100.0,100.0,100.0,100.0,temporal1,0
0.0157726743066666,0.0227734552636629,0.2608616352,4.364252090454102e-05,2.44099998,0.0141640765047709,0.4397904872,0.0940570066976457,0.0109643192451192,0.0064312351458611,0.0168386796155871,0.0575027806304285,0.0680771967548623,0.0050616015009019,0.0568623914522018,0.014472481799103,0.0161647641786623,0.1095786925686238,0.0801086127575,3.009224328333333,0.3437965256285714,0.3397142886571428,0.0670275316201834,4.130285701428571,0.01487398147,0.2496617861728571,0.0169450674376415,0.1850796579944166,0.1779247692385714,4.067571398571429,0.06625008583,0.0043980701285976,0.0222886204695833,0.0396965531694117,100.0,100.0,100.0,100.0,100.0,100.0,100.0,99.8158379373849,100.0,100.0,100.0,100.0,100.0,100.0,100.0,100.0,100.0,100.0,100.0,0.0,100.0,100.0,100.0,0.0,0.0,100.0,100.0,100.0,100.0,14.285714285714292,100.0,100.0,100.0,100.0,temporal1,0
0.016165165169429,0.0218854853794407,0.2608616352,4.4286251068115234e-05,4.372500016666667,0.0087917447077884,3.010936542,0.1019545505768161,0.0083125701607107,0.0061438693832112,0.0186061070927272,0.0866126219259999,0.0668316852824793,0.0047061333070173,0.0422975287887603,0.0139583849704055,0.0173865983481358,0.1437401495347934,0.0609537451614876,3.028967566,0.3674640655066666,0.3619999885066667,0.0533636404357851,4.310000046666667,0.0137449502883333,0.26764488214,0.0160442600521487,0.2125487932139552,0.1681630611026666,3.435200003793333,0.06625008583,0.0060117678197297,0.0224937959122727,0.039418849073409,100.0,100.0,100.0,100.0,0.0,100.0,0.0,100.0,100.0,100.0,100.0,100.0,100.0,100.0,100.0,100.0,100.0,100.0,100.0,0.0,100.0,100.0,100.0,0.0,0.0,100.0,100.0,100.0,100.0,33.33333333333333,100.0,100.0,100.0,100.0,temporal1,0
0.0159936509353468,0.0183702252103197,1.3005046020666666,4.408359527587891e-05,2.7497142347857144,0.0085245534464901,2.440753864228572,0.1010413789637449,0.0103286150324054,0.0059598149643302,0.0201256081815945,0.0824639797146153,0.069010289931081,0.0044166771861509,0.0600675537677026,0.0156366288065511,0.024727164084054,0.1123462593068918,0.0885641370348571,3.00385951,0.3344810558769232,0.3292307486461538,0.0707973080586486,3.59299993,0.01816153526,0.2427740830184615,0.016627144809,0.1952203221085365,0.1545747793261538,2.4486923182461533,0.2739369868666666,0.003558238347066,0.0210291809477777,0.0420742034863636,100.0,100.0,100.0,100.0,42.85714285714285,100.0,42.85714285714285,100.0,100.0,100.0,100.0,100.0,100.0,100.0,100.0,100.0,100.0,100.0,100.0,0.0,100.0,100.0,100.0,0.0,0.0,100.0,100.0,100.0,100.0,61.53846153846154,100.0,100.0,100.0,100.0,temporal1,0
0.015173194204013,0.0197661292354775,2.342185413333333,4.194974899291992e-05,2.445666706666666,0.0074232925057454,2.4455711800000004,0.0985412815711396,0.008291328653196,0.0061933348505696,0.0187765850697745,0.0766929279563636,0.0655790964665686,0.0042328948837397,0.0473529591195098,0.0159170160925601,0.0197613510180681,0.1348935575760784,0.0646335424053921,3.0037015050000004,0.3617192831363636,0.3585454116727273,0.0576666663583333,3.558249945,0.0177239179549999,0.2635538577590908,0.0153198592761764,0.2045742684020354,0.1847604187690909,2.6624545794181818,0.2692752678333333,0.0026343803769507,0.0225725620959375,0.0387086205972222,100.0,100.0,100.0,100.0,100.0,100.0,100.0,99.61013645224172,100.0,100.0,100.0,100.0,100.0,100.0,100.0,100.0,100.0,100.0,100.0,0.0,100.0,100.0,100.0,0.0,0.0,100.0,100.0,100.0,100.0,63.63636363636363,100.0,100.0,100.0,100.0,temporal1,0
0.0151008072095043,0.0231256740395704,1.6010943020375,4.2957067489624026e-05,1.710624928525,0.0079722019918951,1.720734117075,0.1007132284538988,0.0099504100271146,0.0060665814926393,0.0172378333468662,0.0714687975881818,0.0651977107663694,0.005034623641457,0.0520382155166878,0.017034001022947,0.0162332757863119,0.1307098440010828,0.0766519648533117,3.0087898133333333,0.3070676001136363,0.3001363168636363,0.0625222837726751,3.559499895,0.01454055309,0.2147938337686363,0.0165101671791025,0.2014517218717919,0.141105337545,2.213478260408696,0.2385689615875,0.004227706362664,0.0228718072125,0.0395029674831818,100.0,100.0,100.0,100.0,100.0,100.0,100.0,99.7289972899729,100.0,100.0,100.0,100.0,100.0,100.0,100.0,100.0,100.0,100.0,100.0,0.0,100.0,100.0,100.0,0.0,0.0,100.0,100.0,100.0,100.0,73.91304347826087,100.0,100.0,100.0,100.0,temporal1,0
0.0153500547878041,0.0211584363996902,1.5116806008428572,4.315972328186035e-05,1.6068571945,0.0077460273609892,1.6144642468714288,0.1032291631314187,0.0092253368207202,0.0055207312350381,0.0172383118300279,0.0636007505264705,0.0654517437068531,0.0043854431557044,0.0422307744652447,0.0174005007610834,0.0175957699420578,0.1477992617111189,0.0579761331908904,3.0067065200000003,0.3421165015499999,0.3345293998235294,0.0529580366260139,3.557600016,0.015566468235,0.2469817329411765,0.0161802395631972,0.2164513294392405,0.180959378937647,2.4088235568764707,0.2549098900142857,0.003617252621051,0.0230614785766666,0.0361365596396666,100.0,100.0,100.0,100.0,100.0,100.0,100.0,100.0,100.0,100.0,100.0,100.0,100.0,100.0,100.0,100.0,100.0,100.0,100.0,0.0,100.0,100.0,100.0,0.0,0.0,100.0,100.0,100.0,100.0,70.58823529411765,100.0,100.0,100.0,100.0,temporal1,0
0.0168533518845378,0.0195769367023778,0.6405251802999999,4.456043243408203e-05,2.3061666072166664,0.00934951782124,2.0336217048333336,0.0991848977898002,0.0092172282070259,0.0056405081993201,0.0182286702141818,0.075449784585,0.0672400276268831,0.0047616652387247,0.0520519621868831,0.0153139159275913,0.0233173715855942,0.1205835342158441,0.0753127909197402,3.007934325,0.3279050389416666,0.32333332295,0.0617532482266233,3.573499915,0.01133012771,0.2365267077683333,0.0183232418854545,0.1946478675029412,0.15546546376,2.444416678475,0.2702781359,0.0038769149770976,0.0208878040285,0.0414006088047826,100.0,100.0,100.0,100.0,50.0,100.0,50.0,99.75550122249388,100.0,100.0,100.0,100.0,100.0,100.0,100.0,100.0,100.0,100.0,100.0,0.0,100.0,100.0,100.0,0.0,0.0,100.0,100.0,100.0,100.0,58.333333333333336,100.0,100.0,100.0,100.0,temporal1,0
0.0154282344275354,0.0185571230655935,0.2608616352,4.322528839111328e-05,5.6630001,0.0081322616989777,3.00336027,0.0959119731517344,0.0111764606664736,0.0058848176671039,0.0171594243260526,0.13671759195,0.0641485327068421,0.0049238536084907,0.0501052737157894,0.014091957314847,0.0209768289703604,0.1298690375239473,0.066500751588421,3.0088489,0.4751630850714286,0.4667143139999999,0.0606710314652631,3.544666603333333,0.01425536473,0.3694437230714285,0.0159118332319736,0.2017422800585714,0.2257490498128571,3.165000062571429,0.06625008583,0.0020721554748079,0.0217552847311111,0.0400360707248387,100.0,100.0,100.0,100.0,0.0,100.0,0.0,100.0,100.0,100.0,100.0,100.0,100.0,100.0,100.0,100.0,100.0,100.0,100.0,0.0,100.0,100.0,100.0,0.0,0.0,100.0,100.0,100.0,100.0,42.85714285714285,100.0,100.0,100.0,100.0,temporal1,0
0.0167104250414332,0.018101251690115,0.2608616352,4.370808601379394e-05,2.44099998,0.0088447311437017,0.4397904872,0.1006698928729244,0.0103208505173846,0.0061107400919419,0.0175780773120153,0.08749657868,0.0642582526484615,0.0037181326132043,0.0550461548943076,0.0145901918393603,0.0124442577328214,0.1405523189887692,0.0780356810526154,3.01590907,0.3765366673125,0.3791249989999999,0.0656000027147692,3.5597499575,0.01532006263,0.28146997089625,0.0172961675161538,0.2077791822872222,0.19226452703625,2.4769999950000003,0.06625008583,0.0022477763031957,0.0204929470995,0.0392919182717857,100.0,100.0,100.0,100.0,100.0,100.0,100.0,100.0,100.0,100.0,100.0,100.0,100.0,100.0,100.0,100.0,100.0,100.0,100.0,0.0,100.0,100.0,100.0,0.0,0.0,100.0,100.0,100.0,100.0,50.0,100.0,100.0,100.0,100.0,temporal1,0
0.0156030372484466,0.0253533742368156,1.8420018789571428,4.177689552307129e-05,2.23500000865,0.0085707936951387,2.163050020125,0.1025853002542486,0.0086973458513291,0.0055716964783047,0.01793288290115,0.0642760431014705,0.065882403639875,0.0053077066638147,0.0538083354180124,0.0146522426855891,0.0123891975794695,0.1229977905369583,0.0779502322065975,3.011820056875,0.2972551163,0.2938235156147059,0.0639666695909583,3.8168823252941184,0.0154168605759999,0.205961031027647,0.0169562502030672,0.1977919235607924,0.1335646755247058,2.899941167479412,0.2809550080428571,0.0054100476760379,0.021440494058,0.0406428150691954,100.0,100.0,100.0,100.0,87.5,100.0,87.5,99.81515711645102,100.0,100.0,100.0,100.0,100.0,100.0,100.0,100.0,100.0,100.0,100.0,0.0,100.0,100.0,100.0,0.0,0.0,100.0,100.0,100.0,100.0,50.0,100.0,100.0,100.0,100.0,temporal1,0
0.0161640769112458,0.0183308414180156,2.28328633,4.338622093200684e-05,4.36000001,0.008552507558,2.84412479,0.0954680435948281,0.0088867023570781,0.006532942044679,0.0187808349679531,0.1193751493944444,0.0670045651410937,0.0044273941406086,0.0521249994540625,0.0142662399892329,0.0112673555081428,0.1080262660807812,0.0707695736898484,3.020169413333333,0.37612152094,0.3712221781,0.0624062567815625,3.803666743333333,0.0174870491,0.2701966762111111,0.0169607169555223,0.1835142155388732,0.1455941464966667,3.0427999951,0.2539479732,0.0030347235653347,0.0224741895966666,0.03889355659,100.0,100.0,100.0,100.0,25.0,100.0,33.33333333333333,100.0,100.0,100.0,100.0,100.0,100.0,100.0,100.0,100.0,100.0,100.0,100.0,0.0,100.0,100.0,100.0,0.0,0.0,100.0,100.0,100.0,100.0,50.0,100.0,100.0,100.0,100.0,temporal1,0
0.0151594414641196,0.0228488098707464,2.295485015,5.400180816650391e-05,2.424499865,0.0087984487402312,2.42126345,0.0991098291000204,0.0094343730881666,0.0057613276703521,0.0183862086459924,0.0871669544788235,0.0676037831626515,0.0042174800905265,0.0463030229846969,0.0173223655793266,0.0175526762363495,0.1265510248141666,0.0618892384189393,3.010720805,0.4881663177941177,0.485000021217647,0.0562727198368181,3.6687143142857135,0.0148197015066666,0.3079940570317646,0.017741721683409,0.1983121420849315,0.2110304271017646,2.389823517988236,0.2693569659333333,0.0038540651049266,0.0213602781272222,0.0415495880674137,100.0,100.0,100.0,100.0,100.0,100.0,100.0,100.0,100.0,100.0,100.0,100.0,100.0,100.0,100.0,100.0,100.0,100.0,100.0,0.0,100.0,100.0,100.0,0.0,0.0,100.0,100.0,100.0,100.0,64.70588235294117,100.0,100.0,100.0,100.0,temporal1,0
0.0168338699444444,0.0186675124664763,0.9770355220666668,4.514058430989584e-05,1.1183333373,0.0083965496577727,1.130757249666667,0.1021152811723264,0.0098978598903,0.0064752001349099,0.0206169406520499,0.097416102874375,0.0662556648141666,0.0042500170789659,0.0458833257286666,0.0106129365518764,0.0319740230341969,0.1250083128393333,0.0623281240336666,3.0044887025,0.4103276133125,0.4173749684875,0.0559833168933333,3.55075001,0.04194688796,0.29307219382625,0.0181864062898333,0.1968644839201492,0.19089990850375,2.8354443925,0.2632118860333333,0.0023863112665011,0.0205067892841666,0.0388233741083333,100.0,100.0,100.0,100.0,100.0,100.0,100.0,99.41176470588236,100.0,100.0,100.0,100.0,100.0,100.0,100.0,100.0,100.0,100.0,100.0,0.0,100.0,100.0,100.0,0.0,0.0,100.0,100.0,100.0,100.0,55.55555555555556,100.0,100.0,100.0,100.0,temporal1,0
0.0164518033958275,0.0205241690786032,2.26864588,4.4679641723632814e-05,2.467000005,0.0139614045603571,2.47728204,0.0963737904752046,0.0087340106343936,0.0061113914252186,0.0171573035216595,0.1360255717979999,0.0651135064105319,0.0088174912448059,0.0453297736734042,0.0170723240129408,0.0178964985704999,0.0992714217174468,0.0706150988189361,3.00447809,0.46193904872,0.4638000487599999,0.0548085151767021,4.818333379999999,0.0148976643833333,0.3626502513399999,0.0168055371992553,0.1767560953886538,0.224907302834,3.6591999484,0.23344230645,0.0044703070925651,0.0238182544669444,0.0380965567878378,100.0,100.0,100.0,100.0,100.0,100.0,100.0,100.0,100.0,100.0,100.0,100.0,100.0,100.0,100.0,100.0,100.0,100.0,100.0,0.0,100.0,100.0,100.0,0.0,0.0,100.0,100.0,100.0,100.0,60.0,100.0,100.0,100.0,100.0,temporal1,0
0.014918325583631,0.0226110791638917,2.284739828571429,4.526376724243164e-05,2.3682499775,0.0076095634026111,2.382579627142857,0.0982720646711773,0.0078105391588525,0.0057048231472946,0.0164847450337115,0.0633503969917647,0.0656263981023718,0.0050435900676318,0.0392756462036538,0.0126655108701062,0.0115489933198666,0.1321140558034615,0.0544895071157692,3.012432094,0.2943603431,0.2911764452941177,0.049602549801923,4.243499991666666,0.01879469553,0.2100567396535294,0.0160862879832692,0.2013376354737791,0.1422231197058823,2.818444420177778,0.2463258334,0.0037422899913526,0.0203657547593333,0.0391047283706779,100.0,100.0,100.0,100.0,100.0,100.0,100.0,100.0,100.0,100.0,100.0,100.0,100.0,100.0,100.0,100.0,100.0,100.0,100.0,0.0,100.0,100.0,100.0,0.0,0.0,100.0,100.0,100.0,100.0,72.22222222222223,100.0,100.0,100.0,100.0,temporal1,0
0.0169055068423432,0.0195072728825536,1.900688803333333,4.457235336303711e-05,2.5562500325,0.0087856804871111,2.421615715,0.1025589410505269,0.0107176415593124,0.0069966557259199,0.0183315724094687,0.077364206301,0.070409614580625,0.0040004823512934,0.043703109018125,0.0141980404131446,0.0138370410784594,0.1355931870375,0.0641591139060937,3.0111522625,0.3391055344999999,0.33809998031,0.0534687377426562,4.389200014,0.011257052415,0.2448078631989999,0.0187301225914062,0.2094793620512676,0.163667774158,3.4033999409100004,0.2947815258666666,0.0023649086545625,0.0336974978415,0.044012088036923,100.0,100.0,100.0,100.0,75.0,100.0,75.0,100.0,100.0,100.0,100.0,100.0,100.0,100.0,100.0,100.0,100.0,100.0,100.0,0.0,100.0,100.0,100.0,0.0,0.0,100.0,100.0,100.0,100.0,50.0,100.0,100.0,100.0,100.0,temporal1,0
0.0159223574617251,0.0196627449757764,2.321363805,4.447102546691895e-05,2.454499955,0.006922940949054,2.46665811,0.098661850894602,0.0095944597903783,0.0060790628408856,0.0173253755273243,0.13238515851,0.0736486073998648,0.0056618639059313,0.0385946067544594,0.0124369895493619,0.0114146850295909,0.1139307859552702,0.0552833144671621,3.0079042066666664,0.3909352619833333,0.39220004076,0.0488648543424324,4.584749915,0.011257052415,0.281284856772,0.0175369528938961,0.2012305170979012,0.1471918582619999,3.75249993295,0.230900526,0.0018899339302608,0.02396682898,0.0367958043705263,100.0,100.0,100.0,100.0,100.0,100.0,100.0,100.0,100.0,100.0,100.0,100.0,100.0,100.0,100.0,100.0,100.0,100.0,100.0,0.0,100.0,100.0,100.0,0.0,0.0,100.0,100.0,100.0,100.0,50.0,100.0,100.0,100.0,100.0,temporal1,0
0.015632742438124,0.0236080132962528,1.77594983105,4.377365112304688e-05,1.8797498909,0.0085992232824656,1.8878464086,0.0984078725808115,0.0082027158415741,0.0057792402284386,0.0169937333709483,0.1010400397307142,0.0666632175330322,0.0037094632234383,0.0460129076367741,0.014679645892157,0.0176912045105217,0.1196446680053548,0.0654189386580645,3.0049089725,0.4553036518857142,0.4521428346071428,0.0559870935165806,4.08899998,0.02045416831,0.3515416383214285,0.0178690602655483,0.18908307841269,0.2061661140857143,2.5193571499928566,0.2195599078499999,0.0046567448535406,0.0239461193826086,0.0390761054878688,100.0,100.0,100.0,100.0,100.0,100.0,100.0,100.0,100.0,100.0,100.0,100.0,100.0,100.0,100.0,100.0,100.0,100.0,100.0,0.0,100.0,100.0,100.0,0.0,0.0,100.0,100.0,100.0,100.0,71.42857142857143,100.0,100.0,100.0,100.0,temporal1,0
0.0161641939562328,0.0211992176100146,1.8514685069,4.473328590393066e-05,2.020272728690909,0.0082669448146594,2.00433384912,0.0975520332134282,0.0091623142349375,0.0055934104148963,0.0174294883968333,0.064614379394,0.0683633138634375,0.0053919133009411,0.0548333302035416,0.0129900719311793,0.0186737935525773,0.1020457669908333,0.0778267997920618,3.0090116633333337,0.2967642306849999,0.2937500118799999,0.0643645698707291,3.925818179090909,0.0157347321475,0.20110695358,0.0182517667570833,0.1813942058646226,0.1292077421905,3.305652241191304,0.2582245402444444,0.002186906337064,0.0225008400977272,0.0405331156930232,100.0,100.0,100.0,100.0,100.0,100.0,100.0,100.0,100.0,100.0,100.0,100.0,100.0,100.0,100.0,100.0,100.0,100.0,100.0,0.0,100.0,100.0,100.0,0.0,0.0,100.0,100.0,100.0,100.0,56.52173913043478,100.0,100.0,100.0,100.0,temporal1,0
0.0149678319079248,0.0201956087859842,1.2947162372499998,4.451274871826172e-05,1.4450000495,0.0082323897958181,1.4481247645000002,0.0980297344792779,0.0084484730434071,0.0056563704092887,0.0176286118333928,0.07517513361,0.0663745130705714,0.004292141198485,0.0409714187817142,0.0141083127768078,0.0149406406339345,0.1216211131391428,0.0604320133333088,3.01399966,0.3314904030857143,0.3265454768636364,0.0509214213841428,3.5559999600000003,0.012377023695,0.2323752315986363,0.0153465165766911,0.1933718727115483,0.1535768725322727,1.9991303919173915,0.26072812075,0.0039091110218727,0.0224547386145,0.0359489999925862,100.0,100.0,100.0,100.0,100.0,100.0,100.0,100.0,100.0,100.0,100.0,100.0,100.0,100.0,100.0,100.0,100.0,100.0,100.0,0.0,100.0,100.0,100.0,0.0,0.0,100.0,100.0,100.0,100.0,65.21739130434783,100.0,100.0,100.0,100.0,temporal1,0
0.0168033519233098,0.0215454585535387,1.531023022875,4.361271858215332e-05,2.5449999931666665,0.0087257525951147,2.3664940153333336,0.1001522009963424,0.0087643823306989,0.0066999756616472,0.0201436652890322,0.0783233642472222,0.0666623807638709,0.0051969559514087,0.0496989116785053,0.0136116318974294,0.0119422546423928,0.1184235106025806,0.0746727092155914,3.012382505,0.3883241546888888,0.3855555586777777,0.0594946440734408,3.54199993,0.015423417085,0.26534716282,0.0176029974370967,0.18983366852375,0.1805149183988889,3.263444446788889,0.28966307635,0.0027085145303665,0.022463639573,0.0438074429762222,100.0,100.0,100.0,100.0,66.66666666666666,100.0,66.66666666666666,100.0,100.0,100.0,100.0,100.0,100.0,100.0,100.0,100.0,100.0,100.0,100.0,0.0,100.0,100.0,100.0,0.0,0.0,100.0,100.0,100.0,100.0,55.55555555555556,100.0,100.0,100.0,100.0,temporal1,0
0.0149503195503837,0.0222181790079223,1.22182703,4.4679641723632814e-05,4.198333312222222,0.0066096081447058,2.979298518571429,0.0966983000765152,0.0079739483021224,0.0059005790147291,0.0175354699664591,0.0609724322916666,0.0667769470870408,0.0052426967058695,0.0475000045638775,0.0117158064352372,0.0203157884067962,0.1170467478656122,0.0668769216429999,3.01746785,0.3290905157166666,0.3272500037833333,0.0578469208192857,3.55200016,0.01804089546,0.2297394871333333,0.0177600018786734,0.1917146200321296,0.1657022237458333,3.745999990669231,0.3382451534,0.0038925027838242,0.0235879054392307,0.0411461035366666,100.0,100.0,100.0,100.0,33.33333333333333,100.0,14.285714285714292,100.0,100.0,100.0,100.0,100.0,100.0,100.0,100.0,100.0,100.0,100.0,100.0,0.0,100.0,100.0,100.0,0.0,0.0,100.0,100.0,100.0,100.0,38.46153846153846,100.0,100.0,100.0,100.0,temporal1,0
0.0154978852306901,0.0235422951077212,1.4935705637,4.33504581451416e-05,1.58260001636,0.0086401968948449,1.59335865836,0.1012037931141923,0.0094344938102972,0.0064205677791651,0.0187481963916283,0.0653082446005263,0.0659713712787838,0.0051867793181462,0.0618783622041216,0.0163630321708954,0.019247499601802,0.1182080281462837,0.0818568790129729,3.015321583,0.3181803225947368,0.3136315847263158,0.0716959463452027,3.920181790909091,0.016307294365,0.2237195466278947,0.0158623231385135,0.1924145424875,0.1558258282189474,3.099473661068421,0.25193705554,0.003429232981071,0.0231282711006666,0.0382461901007407,100.0,100.0,100.0,100.0,100.0,100.0,100.0,100.0,100.0,100.0,100.0,100.0,100.0,100.0,100.0,100.0,100.0,100.0,100.0,0.0,100.0,100.0,100.0,0.0,0.0,100.0,100.0,100.0,100.0,47.36842105263158,100.0,100.0,100.0,100.0,temporal1,0
0.0192268212966742,0.021429000976147,2.29533521,4.230737686157226e-05,2.38366667,0.0084447279931923,2.39165242,0.1043034941866097,0.0083577067568041,0.0059704135714115,0.0180495006482164,0.06650486859,0.0666274065706185,0.006131085164927,0.0387010377653608,0.0157297711342401,0.0191307108939655,0.1461695026869072,0.0560590163885567,3.0097078833333337,0.3424673730272727,0.3411818417272727,0.048432984295567,4.121000041428572,0.01877278089,0.2522167292,0.0166836251864948,0.2184757227814953,0.182926264640909,3.5063636482636364,0.2820866902,0.0044039698196545,0.0220737655933333,0.0402287786611363,100.0,100.0,100.0,100.0,100.0,100.0,100.0,100.0,100.0,100.0,100.0,100.0,100.0,100.0,100.0,100.0,100.0,100.0,100.0,0.0,100.0,100.0,100.0,0.0,0.0,100.0,100.0,100.0,100.0,45.45454545454545,100.0,100.0,100.0,100.0,temporal1,0
0.0175629536466514,0.0251309053917221,0.9849024199166668,4.3886899948120114e-05,1.0791666084333331,0.0084749688478571,1.0897042320666668,0.1055346660277618,0.0093832755895862,0.0059554468842738,0.0179600703852857,0.0659575336768421,0.0668545027557142,0.0047662913587628,0.0549162526330049,0.0145891732270415,0.0134396868567352,0.1291473780692118,0.080133568462463,3.012447592,0.3586173057166666,0.3547368049210526,0.0647389289657142,3.623799986,0.0145262990625714,0.2613563662673684,0.0179470376173762,0.2017610941296,0.1928522837431578,2.008473631405263,0.2913580621428572,0.0048864001303542,0.0238653207379487,0.0415094738201408,100.0,100.0,100.0,100.0,100.0,100.0,100.0,100.0,100.0,100.0,100.0,100.0,100.0,100.0,100.0,100.0,100.0,100.0,100.0,0.0,100.0,100.0,100.0,0.0,0.0,100.0,100.0,100.0,100.0,73.6842105263158,100.0,100.0,100.0,100.0,temporal1,0
0.0177466041808495,0.0199016515999484,2.280996555,4.297494888305664e-05,2.404999965,0.007749071826358,2.4079921200000003,0.1081144365482099,0.0083910650661333,0.0065805704827643,0.0170987182155444,0.1067835262757142,0.0619923803421111,0.0050765551045615,0.0540777815625555,0.0141509884425115,0.0186091774953214,0.14371565445,0.0758525722761052,3.014366145,0.4003931113142857,0.3981428145857143,0.0640555514102222,3.570499895,0.01535701751,0.2956702027628571,0.0163381444038888,0.2101434111257999,0.1865548065328572,2.4765714549142857,0.2458361386999999,0.0039577913272641,0.0225968085761538,0.0412213748106818,100.0,100.0,100.0,100.0,100.0,100.0,100.0,100.0,100.0,100.0,100.0,100.0,100.0,100.0,100.0,100.0,100.0,100.0,100.0,0.0,100.0,100.0,100.0,0.0,0.0,100.0,100.0,100.0,100.0,71.42857142857143,100.0,100.0,100.0,100.0,temporal1,0
0.0147938955371988,0.0201651838992882,2.30185246,4.38690185546875e-05,2.60400009,0.00843001365488,2.59778261,0.097879923414625,0.0114670625087435,0.0063576844952455,0.017367787846141,0.11107194423,0.0678828526692307,0.0056717374098818,0.0476666597129487,0.0122059938242167,0.0136543837436363,0.1143548641302564,0.0633447013318421,3.004145776666667,0.33162975305,0.3653333186833333,0.0582179625738461,3.5643332733333337,0.0133690834,0.2606629331525,0.0189850689572602,0.192692523741279,0.1475297013541666,2.341750024275,0.2179596424,0.0029145503522536,0.0220319399442307,0.0422147379933333,100.0,100.0,100.0,100.0,100.0,100.0,100.0,99.75490196078432,100.0,100.0,100.0,100.0,100.0,100.0,100.0,100.0,100.0,100.0,100.0,0.0,100.0,100.0,100.0,0.0,0.0,100.0,100.0,100.0,100.0,62.5,100.0,100.0,100.0,100.0,temporal1,0
0.0155787610611776,0.0213041855708097,1.5316317651,4.379749298095703e-05,2.13699993634,0.0076591639678965,2.03481683342,0.0976948754738204,0.0085140877745775,0.0053671201898486,0.0193708436197068,0.0620629489276874,0.0680019074381896,0.004775400568067,0.0624310456345689,0.0148894270935331,0.0188062279281666,0.1067867895437068,0.0875633338255172,3.009218177142857,0.31497408445,0.30743749435625,0.0718103544318965,3.5647143942857147,0.01443099975,0.21574865276875,0.0182795586216379,0.1859893723924219,0.15177112814375,2.9035624828312505,0.276784777575,0.0027725788253185,0.021808660028,0.039119634624,100.0,100.0,100.0,100.0,80.0,100.0,80.0,100.0,100.0,100.0,100.0,100.0,100.0,100.0,100.0,100.0,100.0,100.0,100.0,0.0,100.0,100.0,100.0,0.0,0.0,100.0,100.0,100.0,100.0,50.0,100.0,100.0,100.0,100.0,temporal1,0
0.0161277341814571,0.0198895635829399,2.26995007,4.240274429321289e-05,2.36933334,0.0069854179997666,2.37620544,0.1010596453762475,0.0098704083747333,0.0065237465928178,0.0190733750614666,0.096713137615,0.0669753551378666,0.0038734106252242,0.0544133249813333,0.0144858288346078,0.0124530438997962,0.1294173971589333,0.0773652966658666,3.03364677,0.34121060366,0.33629996772,0.0646666622068,3.5820000120000004,0.01596093177,0.235801505999,0.0189342792673972,0.2005485195303614,0.1358057022,3.2238999811,0.2591935792666667,0.0040764659635388,0.0236917275623076,0.0419281959492,100.0,100.0,100.0,100.0,100.0,100.0,100.0,100.0,100.0,100.0,100.0,100.0,100.0,100.0,100.0,100.0,100.0,100.0,100.0,0.0,100.0,100.0,100.0,0.0,0.0,100.0,100.0,100.0,100.0,50.0,100.0,100.0,100.0,100.0,temporal1,0
0.0162811899040671,0.0233477555896996,1.8674133983,4.4065713882446286e-05,1.9667499913875,0.0090221194692121,1.9762608970875,0.1019915392442124,0.0098824289095,0.0055160309048346,0.0179113811873833,0.0632081857053846,0.0659760179853809,0.0047173670353571,0.0425619011770285,0.0134031776454662,0.0130214165486929,0.1293909356453333,0.0629361332217874,3.013245006,0.3061016247384615,0.3011538890153846,0.0522142887024761,3.5575,0.0151300032883333,0.2106870228984615,0.0169042967794711,0.2011087332293073,0.1421328599307692,2.639192284319231,0.2405364810874999,0.0049856730855241,0.0239857584202083,0.0378471402520588,100.0,100.0,100.0,100.0,100.0,100.0,100.0,99.76525821596243,100.0,100.0,100.0,100.0,100.0,100.0,100.0,100.0,100.0,100.0,100.0,0.0,100.0,100.0,100.0,0.0,0.0,100.0,100.0,100.0,100.0,61.53846153846154,100.0,100.0,100.0,100.0,temporal1,0
0.0153750310576272,0.0256335154189535,1.7246536156714285,4.333257675170898e-05,1.830571442757143,0.0084211668208275,2.07589665745,0.102560876339115,0.0095976551024285,0.0057307096464878,0.0168567264744537,0.0708483405656521,0.0663943761531687,0.0046332181361865,0.0492345756855967,0.0141269499006399,0.0139627960985961,0.1358937078700823,0.067419365347364,3.0098640542857145,0.316891120773913,0.3126521939347826,0.0595514460232921,3.5735715071428573,0.0158417441590909,0.2243924969769565,0.0175506509958995,0.207701809301194,0.1477414732108695,2.314739141473913,0.2390243666,0.0062071213335233,0.023190748688,0.0413779417610752,100.0,100.0,100.0,100.0,100.0,100.0,100.0,100.0,100.0,100.0,100.0,100.0,100.0,100.0,100.0,100.0,100.0,100.0,100.0,0.0,100.0,100.0,100.0,0.0,0.0,100.0,100.0,100.0,100.0,69.56521739130434,100.0,100.0,100.0,100.0,temporal1,0
0.0150831767466089,0.0234859050809663,1.994764767628572,4.32431697845459e-05,2.1031428037,0.0088686407816326,2.1149446239571428,0.0999368992108425,0.0085278082179182,0.0059067701028505,0.0173757586052138,0.0742899656155,0.0665203745147798,0.0047317139228475,0.0527044122240251,0.0121858342011357,0.0142468997989549,0.1244912132267924,0.0732652568081169,3.0077800357142856,0.328875076715,0.32369996305,0.0628050318193081,3.979499933000001,0.0134667555466666,0.23618662353,0.0171188492887096,0.1992407198939428,0.157936108073,2.864285704552381,0.2506707735857142,0.0049900556421193,0.0230008158165517,0.0382642373392187,100.0,100.0,100.0,100.0,100.0,100.0,100.0,100.0,100.0,100.0,100.0,100.0,100.0,100.0,100.0,100.0,100.0,100.0,100.0,0.0,100.0,100.0,100.0,0.0,0.0,100.0,100.0,100.0,100.0,61.90476190476191,100.0,100.0,100.0,100.0,temporal1,0
0.017846634829774,0.0200719252845689,1.28545796605,4.255465972117888e-05,1.34999990125,0.0140209784254262,1.36321389645,0.1087192503162698,0.0222945025065,0.006502532218714,0.0186202494683026,0.1009416844955555,0.0703438834015789,0.0050188921104259,0.059065774855921,0.0182802820668737,0.0177860516733538,0.1261661523048684,0.0820702847523684,3.0099727080000003,0.3365217049333333,0.3386666509333333,0.0697105307181579,3.565833286666667,0.01592993736,0.2455262342688889,0.0179261972986842,0.2076343439482142,0.1385520564033333,2.9968888982555555,0.22907805435,0.0025449196488678,0.0236729498806451,0.0405951286137931,100.0,100.0,100.0,100.0,100.0,100.0,100.0,100.0,100.0,100.0,100.0,100.0,100.0,100.0,100.0,100.0,100.0,100.0,100.0,0.0,100.0,100.0,100.0,0.0,0.0,100.0,100.0,100.0,100.0,44.44444444444444,100.0,100.0,100.0,100.0,temporal1,0
0.0160521305342896,0.0183517341902747,1.9594698693666668,4.339814186096192e-05,2.9444999944,0.0066213077958518,2.3050708139125,0.0987852190845819,0.0099083076810779,0.0062678704498804,0.0187104955854805,0.0955452368715384,0.0681553475176623,0.0045736382852568,0.0518571370498701,0.015051969690364,0.0152013687494264,0.1149403243683116,0.0732994915457142,3.0169682466666665,0.3239702077461538,0.3200769240461538,0.0613896165463636,3.5586667833333334,0.0143189430199999,0.22523630578,0.0163745075035064,0.1903240203461176,0.1264781768230769,2.9072307762384617,0.23375980055,0.0024692465855238,0.0234170456708333,0.0369929190558064,100.0,100.0,100.0,100.0,75.0,100.0,75.0,100.0,100.0,100.0,100.0,100.0,100.0,100.0,100.0,100.0,100.0,100.0,100.0,0.0,100.0,100.0,100.0,0.0,0.0,100.0,100.0,100.0,100.0,69.23076923076923,100.0,100.0,100.0,100.0,temporal1,0
0.0159655812951051,0.0190087932702282,1.32141053285,4.326105117797851e-05,1.4450000493,0.0086359439340215,1.4487845851,0.0947796146629921,0.0097353021849295,0.006443843320668,0.0174337944471267,0.1004983054099999,0.0637723324942253,0.0031620206180776,0.056929591667183,0.0143384111715129,0.0137513819162619,0.1131153643732394,0.0810032931716901,3.0022023875,0.3549121750111111,0.3448888990111111,0.0665070338867605,3.5652499775,0.01718401908,0.2494561142033333,0.0168074923456338,0.1812239839629114,0.1427168580944444,2.608111113077777,0.27977466575,0.0021905948708631,0.0212589318911538,0.0367362598529166,100.0,100.0,100.0,100.0,100.0,100.0,100.0,100.0,100.0,100.0,100.0,100.0,100.0,100.0,100.0,100.0,100.0,100.0,100.0,0.0,100.0,100.0,100.0,0.0,0.0,100.0,100.0,100.0,100.0,55.55555555555556,100.0,100.0,100.0,100.0,temporal1,0
0.0165012650162499,0.020303774760534,0.2698483467,4.476308822631836e-05,3.056333338066666,0.0091761538845614,2.51164717346,0.1015828345100324,0.010479120645897,0.0065099228080569,0.0181434470015588,0.0944719791248,0.0665276611488235,0.0076920265940937,0.0397352996930882,0.0148097067425748,0.0259088435229245,0.1260806286782353,0.0577761881405882,3.00358271,0.36595995421,0.3648999928899999,0.0494852907438235,3.53699994,0.02203989028,0.257730054819,0.0184037720416176,0.2078809229133333,0.158316111528,2.725545424963636,0.1890921592,0.003008690285561,0.0223923356889473,0.04431971311,100.0,100.0,100.0,100.0,16.66666666666667,100.0,20.0,100.0,100.0,100.0,100.0,100.0,100.0,100.0,100.0,100.0,100.0,100.0,100.0,0.0,100.0,100.0,100.0,0.0,0.0,100.0,100.0,100.0,100.0,45.45454545454545,100.0,100.0,100.0,100.0,temporal1,0
0.0170679289420351,0.0256116255230699,1.9004479842,4.416704177856445e-05,1.98399996578,0.0085812190780603,2.3870488925,0.1034602355116788,0.0086941666294778,0.0056479362148886,0.0173071833799513,0.0641222518369565,0.0644306144761504,0.0054583322773282,0.0418230041924778,0.0149391298249241,0.0139839433827032,0.1200204285659291,0.0598657664384649,3.004811081666667,0.3501060526695652,0.3443478293478261,0.0512964567166371,3.660500003333333,0.018467950816,0.2573038287373913,0.017665105392,0.1908575101007968,0.1885416196317391,2.072782597795652,0.2791928449833333,0.0057515584485118,0.022168171403,0.0412926360754545,100.0,100.0,100.0,100.0,100.0,100.0,100.0,100.0,100.0,100.0,100.0,100.0,100.0,100.0,100.0,100.0,100.0,100.0,100.0,0.0,100.0,100.0,100.0,0.0,0.0,100.0,100.0,100.0,100.0,73.91304347826087,100.0,100.0,100.0,100.0,temporal1,0
0.0160863136056179,0.0222013158526486,1.6223132579,5.1087141036987306e-05,1.7533333255333332,0.0092277060757518,1.900306758975,0.096370045626137,0.0091927812866974,0.0058695602407878,0.0162597003061092,0.0952483415504,0.0637525570405042,0.0039265569807185,0.0485966345779831,0.0143616468929981,0.0163839718048113,0.1197465728103361,0.068201485217295,3.009465215,0.3517756461545454,0.38070001597,0.0579495770499999,3.5879999925000003,0.01438903808,0.27527935499,0.0175497746811475,0.1887121655123664,0.167716741523,2.456214272685714,0.2394170760333333,0.0040175194994812,0.023353642425862,0.0395505686016216,100.0,100.0,100.0,100.0,100.0,100.0,100.0,99.65870307167236,100.0,100.0,100.0,100.0,100.0,100.0,100.0,100.0,100.0,100.0,100.0,0.0,100.0,100.0,100.0,0.0,0.0,100.0,100.0,100.0,100.0,71.42857142857143,100.0,100.0,100.0,100.0,temporal1,0
0.0161430971504113,0.0202750936814705,2.310872905,4.3451786041259766e-05,2.42999994,0.0079224724914838,2.43232524,0.0991751698045983,0.008939963666582,0.0067669621816972,0.0208766389210447,0.105454826346,0.0659080263265671,0.0068978058652947,0.0546268633876119,0.0118973455460263,0.0109672424086153,0.1065681265155223,0.0741553911370149,3.00588536,0.37717146868,0.3703999041999999,0.06464178881,3.55500006,0.01679682731,0.2831877231,0.0196495554298507,0.1873558114964864,0.176007366138,2.41740002182,0.2520949839999999,0.0029155497848776,0.0247147227736363,0.044101892194,100.0,100.0,100.0,100.0,100.0,100.0,100.0,100.0,100.0,100.0,100.0,100.0,100.0,100.0,100.0,100.0,100.0,100.0,100.0,0.0,100.0,100.0,100.0,0.0,0.0,100.0,100.0,100.0,100.0,80.0,100.0,100.0,100.0,100.0,temporal1,0
0.0161739452021534,0.0216505620600714,0.2804603576,4.369616508483887e-05,2.9306000680999995,0.0091072601411764,2.376533742125,0.098428338937443,0.0095938958893522,0.0060843190280891,0.017677196044159,0.0638240178366666,0.0658526393384091,0.0047719702117265,0.0545340993076136,0.0124476051182676,0.0185068553302075,0.1127509203605681,0.07560775224625,3.010686635,0.3537660174555556,0.3534444437666666,0.0642613416240909,3.570000045,0.014408588405,0.2585222190688889,0.0187002095267045,0.1883411796355101,0.1914968225166666,2.91099998502,0.250455141,0.0025958061208634,0.0217691262533333,0.0413341006656756,100.0,100.0,100.0,100.0,20.0,100.0,25.0,99.78021978021978,100.0,100.0,100.0,100.0,100.0,100.0,100.0,100.0,100.0,100.0,100.0,0.0,100.0,100.0,100.0,0.0,0.0,100.0,100.0,100.0,100.0,40.0,100.0,100.0,100.0,100.0,temporal1,0
0.0170707067513537,0.0205691177493323,1.6766170002199998,5.32894599728468e-05,3.0866250327375,0.0079673065068055,2.260427708128572,0.0998369991510393,0.01088350057471,0.0058542819784614,0.01955997705049,0.0624517310681818,0.0675227522749999,0.0038075481136999,0.0493999862591,0.0152441108498758,0.0122914686767812,0.1103425478747,0.0718540200970297,3.009686585,0.3348414102666666,0.3310909270727272,0.0592500185867,3.5932499725,0.0135183334333333,0.2413145845118182,0.017096192225,0.1843890688213636,0.1696747216118181,3.526499981983333,0.2748407522166666,0.0025105063723289,0.0217777093223333,0.0384595136327027,100.0,100.0,100.0,100.0,62.5,100.0,71.42857142857143,99.80353634577604,100.0,100.0,100.0,100.0,100.0,100.0,100.0,100.0,100.0,100.0,100.0,0.0,100.0,100.0,100.0,0.0,0.0,100.0,100.0,100.0,100.0,50.0,100.0,100.0,100.0,100.0,temporal1,0
0.0161356214575757,0.0212281461944901,2.2937403850000004,4.344582557678223e-05,3.578666603333333,0.0113887344074285,2.6346423533333336,0.0977683931289786,0.0084174769975851,0.0066924045921123,0.0172233885868936,0.0831000988223076,0.0672507159130851,0.0045810831119925,0.043989361595,0.0114521563750795,0.0228240820046923,0.1101457768095744,0.058929566324421,3.007613575,0.3279449572307692,0.32246155,0.0541595727742553,4.12399999,0.01638054847,0.2352180297223077,0.0164982942787234,0.1855994921050961,0.1438327018723076,3.298153855723077,0.21014571185,0.0034352636331295,0.0212560296032142,0.0391077430578947,100.0,100.0,100.0,100.0,66.66666666666666,100.0,66.66666666666666,99.79166666666669,100.0,100.0,100.0,100.0,100.0,100.0,100.0,100.0,100.0,100.0,100.0,0.0,100.0,100.0,100.0,0.0,0.0,100.0,100.0,100.0,100.0,46.15384615384615,100.0,100.0,100.0,100.0,temporal1,0
0.0154783313944989,0.0217039071817992,1.792518312375,4.43875789642334e-05,1.99620003446,0.0071357488624999,1.916219287775,0.0998227453700385,0.0099079631827884,0.0060811264624709,0.0181011901414326,0.0850398356992307,0.0650058847124038,0.0041182798302094,0.0523269222255096,0.0161459566055082,0.0127190474774655,0.1228951926197115,0.0767125487204807,3.009810085,0.3602182497846154,0.3598461517384616,0.0623173048727884,3.549166715,0.013491988175,0.2629641385769231,0.0174890206358653,0.1953603246513043,0.1729970344792308,2.57246670578,0.27196788785,0.0039751903672177,0.023041576145,0.0400079714235135,100.0,100.0,100.0,100.0,100.0,100.0,100.0,100.0,100.0,100.0,100.0,100.0,100.0,100.0,100.0,100.0,100.0,100.0,100.0,0.0,100.0,100.0,100.0,0.0,0.0,100.0,100.0,100.0,100.0,66.66666666666666,100.0,100.0,100.0,100.0,temporal1,0
0.0154052533815984,0.0229452531616521,1.3669220646307694,3.94284725189209e-05,1.459153850676923,0.0084366249947507,1.4685429595846151,0.0994418803818047,0.0092519638953032,0.0051507668320448,0.0169622927374385,0.0760124836589285,0.0668874881193442,0.0037225491853058,0.0436188500377459,0.0124539922175081,0.011429583086455,0.1321221990411885,0.057504430099551,3.012524838333334,0.3320518816714286,0.3288928355,0.0537991797238934,4.107999975,0.0148544652071428,0.2388192074139285,0.015480121942439,0.2011092571388432,0.1593297464182142,2.264517238472413,0.2614105087857142,0.0057417705861552,0.0203878688768,0.0368400494213333,100.0,100.0,100.0,100.0,100.0,100.0,100.0,100.0,100.0,100.0,100.0,100.0,100.0,100.0,100.0,100.0,100.0,100.0,100.0,0.0,100.0,100.0,100.0,0.0,0.0,100.0,100.0,100.0,100.0,75.86206896551724,100.0,100.0,100.0,100.0,temporal1,0
0.0154008271073273,0.0224857566222879,2.013612005263637,4.23729419708252e-05,2.8084285690285715,0.008274658960875,2.3414461759769227,0.1001522813898254,0.0089078827892763,0.0058032042111917,0.0177033371005131,0.0625136693277777,0.0662607472073684,0.004426824825,0.0407565863424342,0.0134355016285971,0.0124042690987244,0.1204175195926316,0.0562781274612418,3.010314407777777,0.2894561466814814,0.2874814757148148,0.0510394792719736,3.57250001,0.020169973365,0.2021010009955555,0.0163460326779605,0.1924733093393452,0.1343743271059259,3.089111103488889,0.2507181600636363,0.0050467581572042,0.0228331930458823,0.0400012095725,100.0,100.0,100.0,100.0,78.57142857142857,100.0,84.61538461538461,100.0,100.0,100.0,100.0,100.0,100.0,100.0,100.0,100.0,100.0,100.0,100.0,0.0,100.0,100.0,100.0,0.0,0.0,100.0,100.0,100.0,100.0,59.25925925925926,100.0,100.0,100.0,100.0,temporal1,0
0.0157893127697612,0.0198936363029978,2.30844402,4.2879581451416014e-05,2.44099998,0.0101451657022727,2.43401265,0.1021366102514057,0.0094885914403086,0.0062148818580042,0.0183542893212716,0.1185908317483333,0.0682321212807407,0.004217156266053,0.0548518616376543,0.0143358571963013,0.0116590305579629,0.1227797166538271,0.0787145286292207,3.006920493333333,0.46395635598,0.4471666812333333,0.0654691177998765,3.564666663333333,0.014014530178,0.3324549992333333,0.017611351605,0.1984241597686517,0.2120052973016666,3.0204999425333336,0.2842316627,0.0021198789269043,0.0217616367312,0.0401425626483333,100.0,100.0,100.0,100.0,100.0,100.0,100.0,99.53379953379954,100.0,100.0,100.0,100.0,100.0,100.0,100.0,100.0,100.0,100.0,100.0,0.0,100.0,100.0,100.0,0.0,0.0,100.0,100.0,100.0,100.0,50.0,100.0,100.0,100.0,100.0,temporal1,0
0.01601324810156,0.0223179868714502,1.2842723106,4.157653221717248e-05,2.72359995554,0.0083055224320877,2.38535442126,0.1088813203301447,0.0089381851549315,0.0058960812123771,0.0175306829641232,0.071356594554,0.0671369131175342,0.0046840179526333,0.0467397203108904,0.0164370792983456,0.0146800999807187,0.1511549002199315,0.0686109980369863,3.010289901111111,0.335204720445,0.330300021125,0.0573904122289725,3.5539167074999995,0.01533102989,0.236848151641,0.0164743171935616,0.2219003997782715,0.1592626452159999,2.982150002925,0.2642332315,0.0044873680973355,0.0223481337206666,0.0396966934155357,100.0,100.0,100.0,100.0,40.0,100.0,40.0,100.0,100.0,100.0,100.0,100.0,100.0,100.0,100.0,100.0,100.0,100.0,100.0,0.0,100.0,100.0,100.0,0.0,0.0,100.0,100.0,100.0,100.0,40.0,100.0,100.0,100.0,100.0,temporal1,0
0.0159317681020327,0.0232199335599609,0.9721244947333332,4.324913024902344e-05,1.1083332675666666,0.0102630812537931,1.1174433998333335,0.1029655839263212,0.0091176381063868,0.0057810424891914,0.0188484887968905,0.083301969925,0.0666819105941605,0.0050423837071295,0.0541459870073722,0.0140713386165778,0.0163011185407518,0.1341567700539416,0.0821694415994117,3.007107533333333,0.3331321307214285,0.33271430215,0.0637299387869343,3.5621428442857144,0.0142290592099999,0.2372813394678571,0.0171160014191911,0.2064192547325828,0.1521825108892857,2.4988571200071434,0.2453967729666667,0.0050629377350828,0.0231399225130434,0.0416641625427272,100.0,100.0,100.0,100.0,100.0,100.0,100.0,100.0,100.0,100.0,100.0,100.0,100.0,100.0,100.0,100.0,100.0,100.0,100.0,0.0,100.0,100.0,100.0,0.0,0.0,100.0,100.0,100.0,100.0,57.142857142857146,100.0,100.0,100.0,100.0,temporal1,0
0.0194266063796428,0.0190792047310249,1.2436339007666668,4.433989524841309e-05,2.175750012,0.0080506529117142,2.0438167427,0.102126984857317,0.0082862014339565,0.0057892890942912,0.0188288636783804,0.07699787616,0.0671682383577173,0.0054167509068602,0.0473369385807608,0.0147546248535794,0.0214325338571249,0.1112525333318478,0.0675144739625,3.01216197,0.3402764399333333,0.3366667031666666,0.0572282568155434,3.5610001,0.0144660472849999,0.2516932685716667,0.0160893398284615,0.1844687669840776,0.1697320937766666,1.699749984125,0.2874299684333333,0.0028224084883085,0.0231115250323809,0.0377164965535714,100.0,100.0,100.0,100.0,75.0,100.0,75.0,100.0,100.0,100.0,100.0,100.0,100.0,100.0,100.0,100.0,100.0,100.0,100.0,0.0,100.0,100.0,100.0,0.0,0.0,100.0,100.0,100.0,100.0,83.33333333333333,100.0,100.0,100.0,100.0,temporal1,0
0.0159012181076212,0.0216729835199609,2.2867289333333334,4.387497901916504e-05,2.406666593333333,0.0094029754375,2.4178733766666665,0.1102920654188012,0.0091519431047684,0.0061402597232715,0.0186475126325684,0.09028003612,0.0674827500289473,0.0044346014650888,0.0517473521898947,0.0151021926687199,0.0124601859281346,0.1634402324991579,0.0742757521074736,3.003806204,0.3584096232583333,0.3614999850166667,0.0620631795082105,3.55020003,0.01566346486,0.2577386895516667,0.0163181530761052,0.2337897164101904,0.1628660956725,2.82550002815,0.2716795603,0.0025702317544473,0.0228435420959999,0.0420242006087878,100.0,100.0,100.0,100.0,100.0,100.0,100.0,100.0,100.0,100.0,100.0,100.0,100.0,100.0,100.0,100.0,100.0,100.0,100.0,0.0,100.0,100.0,100.0,0.0,0.0,100.0,100.0,100.0,100.0,58.333333333333336,100.0,100.0,100.0,100.0,temporal1,0
0.0150586428327743,0.0208649766824925,1.5173353631400002,4.393458366394043e-05,1.61799993176,0.0072176538651724,1.6338654003200002,0.0976355773487767,0.0075349085909908,0.0059531943770789,0.0209853189757064,0.0607971350304666,0.0652836747041284,0.0051267693747898,0.0597614629449541,0.0171598750254789,0.0118035793275999,0.1101669193174312,0.0833488210490825,3.0375261249999994,0.33179375326,0.32786666548,0.0695321078559633,3.583166595,0.013015985485,0.235258563312,0.0166743323869523,0.182781802678595,0.1713715552846666,2.6811333459266664,0.27913904186,0.0027876554741938,0.0215077499525,0.039183198076,100.0,100.0,100.0,100.0,100.0,100.0,100.0,100.0,100.0,100.0,100.0,100.0,100.0,100.0,100.0,100.0,100.0,100.0,100.0,0.0,100.0,100.0,100.0,0.0,0.0,100.0,100.0,100.0,100.0,60.0,100.0,100.0,100.0,100.0,temporal1,0
0.0156082111956854,0.0208053334522163,2.082234802644445,4.3720006942749023e-05,2.180777811655556,0.0085169902209423,2.1921691585222223,0.0975360433436043,0.0092781457017727,0.0059564582313767,0.0183801434211181,0.062554234545238,0.0678556550515454,0.0039910319478544,0.0528727271266363,0.0167193151200875,0.0240412793625789,0.0989014712104545,0.0757142435304545,3.0212231816666666,0.3065081550476191,0.2984285694619047,0.0622363588915454,3.7070000116666666,0.0190072059575,0.2157469817133333,0.0165746818846363,0.1777594812194262,0.142094566677619,2.660809502028572,0.2706188288181818,0.0036742378155226,0.0219998034536363,0.0406091089856896,100.0,100.0,100.0,100.0,100.0,100.0,100.0,100.0,100.0,100.0,100.0,100.0,100.0,100.0,100.0,100.0,100.0,100.0,100.0,0.0,100.0,100.0,100.0,0.0,0.0,100.0,100.0,100.0,100.0,71.42857142857143,100.0,100.0,100.0,100.0,temporal1,0
0.0154943611801696,0.0232455564976066,1.619533097933333,4.382729530334472e-05,1.7229999675166667,0.0090434218141801,1.73352535275,0.0977636608725524,0.0083476136358487,0.0059046483101813,0.0165055030688731,0.0756079272168421,0.0661600775730731,0.0040847784913667,0.0418390343750731,0.011739377198582,0.0156015337299315,0.1158115735646829,0.0578848854813043,3.005987965,0.365623807865,0.3570000121052631,0.0519512153168292,3.5558889400000004,0.01589099566,0.2600472851273684,0.0154207578475121,0.186402372513761,0.1804761133394736,2.6352000083200005,0.2685511509,0.0063455258630304,0.0238507666202439,0.037945538027439,100.0,100.0,100.0,100.0,100.0,100.0,100.0,100.0,100.0,100.0,100.0,100.0,100.0,100.0,100.0,100.0,100.0,100.0,100.0,0.0,100.0,100.0,100.0,0.0,0.0,100.0,100.0,100.0,100.0,60.0,100.0,100.0,100.0,100.0,temporal1,0
0.0173418902456325,0.0177967569630577,2.06327688,4.36246395111084e-05,2.424750025,0.0082638847057553,2.43736052,0.1101051017742715,0.0099029713771304,0.0061357158431052,0.0199695670054492,0.1211460828633333,0.0636757145668115,0.0048725015100618,0.0512753569456521,0.013116538067058,0.0112359523746666,0.1616309828468115,0.0752789144749275,2.861806836470588,0.4810289938666667,0.4768333832166667,0.0606666647734782,3.5610001,0.01222491264,0.36342740055,0.01627441246875,0.2308621154793421,0.2380545138833333,2.5001666915333334,0.2811492084749999,0.0022553801528382,0.021815383432,0.0378207034491666,100.0,100.0,100.0,100.0,100.0,100.0,100.0,99.73890339425589,100.0,100.0,100.0,100.0,100.0,100.0,100.0,100.0,100.0,100.0,100.0,0.0,100.0,100.0,100.0,0.0,0.0,100.0,100.0,100.0,100.0,100.0,100.0,100.0,100.0,100.0,temporal1,0
0.0155640502282325,0.0243887656989054,1.7520146068222224,4.117488861083984e-05,2.54549998034,0.0086701532060496,2.0296755059222225,0.1011433813334198,0.0091163536995226,0.0054484114381851,0.017237923249015,0.0659941911645,0.0662048402031155,0.0053414776121696,0.0412361873395979,0.013530260404883,0.0153929573616397,0.1285860586185427,0.0590607270865365,3.020102972,0.3492231368449999,0.34570003743,0.0514773843192462,3.584399982,0.0150139331766666,0.2533419012549999,0.0178200801170588,0.1986119194039545,0.181640469989,2.6959545554818183,0.2786680592,0.005441600274792,0.0219179422379487,0.0386156471102631,100.0,100.0,100.0,100.0,100.0,100.0,100.0,100.0,100.0,100.0,100.0,100.0,100.0,100.0,100.0,100.0,100.0,100.0,100.0,0.0,100.0,100.0,100.0,0.0,0.0,100.0,100.0,100.0,100.0,77.27272727272728,100.0,100.0,100.0,100.0,temporal1,0
0.0173087490091603,0.0208347015348398,1.90916566628,4.358291625976563e-05,1.9887999504,0.0108927911314516,2.00844831242,0.109305410204231,0.0109846339490235,0.0060184722554083,0.018802973799447,0.06519447962,0.0680360204891764,0.0071436294826198,0.0435058818083529,0.0125580369062045,0.0156415757650634,0.1240887501421176,0.0658404209919999,3.0229577971428574,0.3019001483333333,0.3017333348,0.0536705774282352,4.09237496625,0.0140360196366666,0.2040218670666666,0.0177397110841176,0.2005615766019148,0.133957783358,3.180799972673333,0.2661970138,0.0051640491088475,0.0271408081035,0.0399022996371874,100.0,100.0,100.0,100.0,100.0,100.0,100.0,99.77477477477476,100.0,100.0,100.0,100.0,100.0,100.0,100.0,100.0,100.0,100.0,100.0,0.0,100.0,100.0,100.0,0.0,0.0,100.0,100.0,100.0,100.0,53.333333333333336,100.0,100.0,100.0,100.0,temporal1,0
0.015790192568597,0.0221954483058229,1.49209289306,4.621744155883789e-05,1.6202000118200002,0.0077670113782758,1.6300074539600005,0.1005497584375519,0.009529276716187,0.006244046218216,0.0193081845438273,0.069189220661875,0.0640121123666906,0.0041310669745566,0.0564172799520143,0.0136139731084969,0.0136933299899325,0.1265794424357554,0.0812170471051798,3.0130771600000004,0.33309677236875,0.3296874910124999,0.0670791272514388,4.277833363333333,0.013583230966,0.23699763410625,0.0161555474645255,0.194921404276258,0.164170622785625,2.4868124701625,0.2328574180199999,0.006003260611221,0.0236628330646153,0.0400833498709434,100.0,100.0,100.0,100.0,100.0,100.0,100.0,99.69924812030077,100.0,100.0,100.0,100.0,100.0,100.0,100.0,100.0,100.0,100.0,100.0,0.0,100.0,100.0,100.0,0.0,0.0,100.0,100.0,100.0,100.0,68.75,100.0,100.0,100.0,100.0,temporal1,0
0.0208266422178063,0.0217409892482638,2.310861186666666,4.3904781341552736e-05,2.40099994,0.007911931301609,2.4120815566666667,0.1095194884587446,0.0089326917582035,0.0058264047152562,0.0187340035861858,0.0818107763839999,0.0681151752871681,0.0050323142761801,0.049407066489115,0.0146597324894667,0.0136543499765368,0.1137210541944247,0.0686489649469026,3.0141806950000003,0.3428669124375,0.3149333476466666,0.0594336247974336,3.560571427142857,0.011257052415,0.2248740513813333,0.0173189409950877,0.1895107974604,0.1367253303233333,2.57940001234,0.2603312333,0.004554884105352,0.0248290408718181,0.0390356222748888,100.0,100.0,100.0,100.0,100.0,100.0,100.0,100.0,100.0,100.0,100.0,100.0,100.0,100.0,100.0,100.0,100.0,100.0,100.0,0.0,100.0,100.0,100.0,0.0,0.0,100.0,100.0,100.0,100.0,60.0,100.0,100.0,100.0,100.0,temporal1,0
0.0154466107457072,0.0237166050465947,2.2974617416666665,4.279613494873047e-05,2.38783331,0.0083656396683353,2.398487403333333,0.1040910301088358,0.0077569870378382,0.0058222887590446,0.018947871287397,0.0946399718399999,0.0645607622133088,0.0047476502748749,0.0388235344544117,0.0169107307802347,0.0134871110786483,0.1459110378930146,0.0567736516394656,3.0053977933333336,0.6871563590199999,1.1426110924222224,0.0497720521981617,3.565333323333333,0.0151033401433333,0.354322075233125,0.0180219703209629,0.2165312464594666,0.2504798620525,3.6056000363466665,0.2349123159666666,0.0073360399752042,0.022977399824,0.0425569309847058,100.0,100.0,100.0,100.0,100.0,100.0,100.0,100.0,100.0,100.0,100.0,100.0,100.0,100.0,100.0,100.0,100.0,100.0,100.0,0.0,100.0,100.0,100.0,0.0,0.0,100.0,100.0,100.0,100.0,60.0,100.0,100.0,100.0,100.0,temporal1,0
0.015665121352,0.018088066783852,2.33374905,4.302263259887695e-05,2.46500015,0.007699385284375,2.47743177,0.1017431570024168,0.0113439398813243,0.0063909028372096,0.0169753222816216,0.095967411975,0.0696649293522972,0.0038408760747169,0.0603918996901351,0.0160770183279572,0.0176170468298529,0.1145765652275675,0.0792013267283117,3.0133149100000005,0.4267728805,0.4199999808699999,0.070810827037027,3.554400056,0.0160498619,0.326450228656,0.0151694594156756,0.1924508228141463,0.173261165592,2.8350909369000004,0.2108595371,0.0029170951055666,0.0238744020430769,0.038506375414074,100.0,100.0,100.0,100.0,100.0,100.0,100.0,99.49622166246851,100.0,100.0,100.0,100.0,100.0,100.0,100.0,100.0,100.0,100.0,100.0,0.0,100.0,100.0,100.0,0.0,0.0,100.0,100.0,100.0,100.0,54.54545454545455,100.0,100.0,100.0,100.0,temporal1,0
0.016350849437132,0.0254597541222055,2.1032881044636365,4.311203956604004e-05,2.189363626827273,0.0085014773568691,2.1978328199727275,0.1052298770553142,0.0081282576038146,0.0054884584108628,0.0187185412353354,0.0698613932173684,0.0643668570705431,0.0058913782729438,0.0466102220672843,0.0134162851788311,0.013074762818195,0.1337461014253354,0.0625730684063461,3.0087667192307688,0.2705572445722222,0.2659999821815789,0.0562396270270926,3.576076925384615,0.017432785028,0.1789749295613158,0.016894750437258,0.2032521962791618,0.1026662838881578,2.524432429754054,0.2416333555583333,0.0084159440442479,0.0221257686595,0.0384058351391869,100.0,100.0,100.0,100.0,100.0,100.0,100.0,100.0,100.0,100.0,100.0,100.0,100.0,100.0,100.0,100.0,100.0,100.0,100.0,0.0,100.0,100.0,100.0,0.0,0.0,100.0,100.0,100.0,100.0,64.86486486486487,100.0,100.0,100.0,100.0,temporal1,0
0.0158163490582921,0.021257059683189,1.800942656425,4.3791532516479495e-05,1.907500026775,0.0076348972312,1.912034031575,0.1022209355736045,0.0099351740314953,0.0061308364196287,0.0174996295783457,0.0705736194214285,0.0668092642907476,0.0049510081074172,0.0421495303868504,0.0169482509808319,0.0128940293453802,0.1171525928239252,0.0588618346523809,3.006954869999999,0.3335770606733333,0.3378571612071428,0.0521121359214018,3.5691428828571428,0.01317429542,0.2494149378,0.0177074944166055,0.1926700098695762,0.1732149804992857,2.7474999834625,0.260219693125,0.0027264310751965,0.0246999474105882,0.0387473984728947,100.0,100.0,100.0,100.0,100.0,100.0,100.0,100.0,100.0,100.0,100.0,100.0,100.0,100.0,100.0,100.0,100.0,100.0,100.0,0.0,100.0,100.0,100.0,0.0,0.0,100.0,100.0,100.0,100.0,56.25,100.0,100.0,100.0,100.0,temporal1,0
0.0159566566077345,0.0230995697099385,1.789223130375,4.341602325439453e-05,1.916999993075,0.0082210616057368,1.928920622675,0.0976170406536817,0.00835518538825,0.0063590543301903,0.0180041491938854,0.0716276327706666,0.0663242190986458,0.0051904250587647,0.045416673018177,0.0188280511491569,0.0155367655267534,0.1051664824120833,0.0657008935904791,3.01395654,0.3252981662199999,0.3207999864733333,0.0550833344364583,4.56299996,0.01416409015,0.2195066610433333,0.0184067487676041,0.1820823156257547,0.139486408214,1.7894666963266663,0.243404328775,0.003149266242309,0.0211802720988461,0.0467466032723255,100.0,100.0,100.0,100.0,100.0,100.0,100.0,100.0,100.0,100.0,100.0,100.0,100.0,100.0,100.0,100.0,100.0,100.0,100.0,0.0,100.0,100.0,100.0,0.0,0.0,100.0,100.0,100.0,100.0,86.66666666666667,100.0,100.0,100.0,100.0,temporal1,0
0.0157257805532054,0.0205091925402539,2.31460499,4.4280290603637694e-05,2.45049989,0.0083048316701186,2.462174055,0.0979389360684746,0.0099193271311428,0.0058529491945892,0.0172842692312857,0.0796455542122222,0.0638375574098979,0.0049301126720579,0.0479285619612244,0.0144415695495517,0.0114429369541875,0.1223425135005101,0.0704863942935483,3.00772112,0.3728224038625,0.4048888947777778,0.05817345696,3.55449998,0.01815199851,0.2906097570444444,0.0167403098194845,0.1921562419600926,0.2038758860288888,3.147750045675,0.22970604895,0.0035259819020313,0.0204183730186363,0.0396684408139473,100.0,100.0,100.0,100.0,100.0,100.0,100.0,100.0,100.0,100.0,100.0,100.0,100.0,100.0,100.0,100.0,100.0,100.0,100.0,0.0,100.0,100.0,100.0,0.0,0.0,100.0,100.0,100.0,100.0,50.0,100.0,100.0,100.0,100.0,temporal1,0
0.0183275305556886,0.0266851683818255,1.8472035436333327,4.372596740722656e-05,1.9383333751666665,0.0103246409206912,1.9483945866222223,0.1020620789867091,0.0084474960532146,0.006165367753222,0.0180227793908691,0.0619491958536,0.0645132767276328,0.0044583151832164,0.0579661816097584,0.0158767755148498,0.0119430912046567,0.1194680036340579,0.0858115609502955,3.0063622525,0.3129165867458334,0.311359977676,0.0676618486084058,3.56725001,0.013813400264,0.2202337360027999,0.017396971795169,0.1900705611142105,0.1536571597736,1.9305200358480008,0.2466949886333333,0.0046820433227304,0.0242404310286842,0.0411468299416417,100.0,100.0,100.0,100.0,100.0,100.0,100.0,100.0,100.0,100.0,100.0,100.0,100.0,100.0,100.0,100.0,100.0,100.0,100.0,0.0,100.0,100.0,100.0,0.0,0.0,100.0,100.0,100.0,100.0,84.0,100.0,100.0,100.0,100.0,temporal1,0
0.0147542998307523,0.0212556993599482,1.2970109363166666,3.9625167846679685e-05,1.4090000385666668,0.0080800902157245,1.4152469593666668,0.0947669009699171,0.0080378581726275,0.0052812501575445,0.0186741467141793,0.0709949561485714,0.0660126340692413,0.0040993422990682,0.0385103455821586,0.0172047731145655,0.0135579109162808,0.1176056006622758,0.0559293582428276,3.007245376666667,0.3723825897,0.3626428501428571,0.0487310327255172,3.546333386666667,0.01616764068,0.27712578429,0.0158315510542758,0.187604264883,0.2035285234007142,2.076714256764286,0.2261468568666667,0.0032152262588668,0.0227301120734999,0.039463561508913,100.0,100.0,100.0,100.0,100.0,100.0,100.0,100.0,100.0,100.0,100.0,100.0,100.0,100.0,100.0,100.0,100.0,100.0,100.0,0.0,100.0,100.0,100.0,0.0,0.0,100.0,100.0,100.0,100.0,78.57142857142857,100.0,100.0,100.0,100.0,temporal1,0
0.0153672621047175,0.0194520230916958,0.9542296315333334,4.38690185546875e-05,1.0513333456666667,0.0080412247814841,1.0601293627333332,0.0957513897345506,0.0083159490622368,0.0059206566807863,0.0176029299396973,0.12297868727,0.0636701050435526,0.0050882410111944,0.0505526285331579,0.0133967875712481,0.0115298380420625,0.1133234688860526,0.072801267934935,3.037424636666667,0.763706943390909,1.2465833615916666,0.0615394711405263,3.5947499225,0.01575303077,0.4286039307363636,0.0164352498511842,0.1876903544939285,0.2967488115081818,3.086999961533333,0.2581049997833333,0.0030559651986176,0.0197445021705555,0.04257783719,100.0,100.0,100.0,100.0,100.0,100.0,100.0,99.75308641975307,100.0,100.0,100.0,100.0,100.0,100.0,100.0,100.0,100.0,100.0,100.0,0.0,100.0,100.0,100.0,0.0,0.0,100.0,100.0,100.0,100.0,75.0,100.0,100.0,100.0,100.0,temporal1,0
0.0153613715497062,0.0235218758449728,1.8465366326444448,4.187226295471192e-05,1.948444416633333,0.0096428925427128,1.9567620184222223,0.1002688061220961,0.0087417178924029,0.0056222686768963,0.0191384912642427,0.0647249879451724,0.0649706912166504,0.0045157946688571,0.0476699048959708,0.0142954573219675,0.0142980067678861,0.1181051719287864,0.066183621167198,3.006056219090909,0.3222138552344827,0.3203103788413793,0.0578495113505825,3.904000012500001,0.01273155212,0.2270000802631034,0.0155356221044878,0.1894303078872806,0.1538956576103448,2.692862079168965,0.2603509690555555,0.0051380141819408,0.0219712018926666,0.0378633829210769,100.0,100.0,100.0,100.0,100.0,100.0,100.0,99.8931623931624,100.0,100.0,100.0,100.0,100.0,100.0,100.0,100.0,100.0,100.0,100.0,0.0,100.0,100.0,100.0,0.0,0.0,100.0,100.0,100.0,100.0,62.06896551724138,100.0,100.0,100.0,100.0,temporal1,0
0.0201812358097777,0.0202899923831165,2.3309376166666667,4.344582557678223e-05,2.416000125,0.0085503321404615,2.450436506666667,0.1029570729602274,0.0103859034437878,0.0063204551984863,0.0173168218451666,0.1396758026311111,0.0670555938280303,0.0058301129228617,0.054606061985909,0.015040248030203,0.0127122345393333,0.1309664249157575,0.0802665768143939,3.005376096666667,0.6590003429000001,1.26589999166,0.0644393870218181,3.547333396666667,0.01424002647,0.415406994911111,0.0188653216171212,0.2083064562257534,0.2644470002688888,3.3960908941909094,0.2644117672666666,0.0020236563169564,0.0218912959075,0.0422092330025806,100.0,100.0,100.0,100.0,100.0,100.0,100.0,100.0,100.0,100.0,100.0,100.0,100.0,100.0,100.0,100.0,100.0,100.0,100.0,0.0,100.0,100.0,100.0,0.0,0.0,100.0,100.0,100.0,100.0,72.72727272727272,100.0,100.0,100.0,100.0,temporal1,0
0.0183514551492965,0.0218172073327927,0.2608616352,4.361867904663086e-05,3.5599998566666664,0.0080479383451923,3.0035404333333333,0.1019646034280121,0.0084837675082118,0.0059232716670172,0.0171706817879152,0.0789731951227058,0.0625951835560169,0.0042902001408373,0.0429237232307627,0.0154066980997747,0.0162532274716666,0.1338445351980508,0.0621827699242372,3.0075184866666667,0.3230364602705882,0.3178823554705882,0.0534067800402542,3.574166648333333,0.0122340917549999,0.2284851214029412,0.0166588698366949,0.2025703741566923,0.1427394361805882,2.555882353088235,0.06625008583,0.0038918009333766,0.0220620185078125,0.0396098633965957,100.0,100.0,100.0,100.0,0.0,100.0,0.0,99.8266897746967,100.0,100.0,100.0,100.0,100.0,100.0,100.0,100.0,100.0,100.0,100.0,0.0,100.0,100.0,100.0,0.0,0.0,100.0,100.0,100.0,100.0,47.05882352941177,100.0,100.0,100.0,100.0,temporal1,0
0.0154740821453953,0.0214492740877987,1.29532360795,4.357099533081055e-05,3.655249937725,0.0090709573169487,1.9602414734,0.102421654236877,0.0105863099388723,0.0063712987582031,0.0180411719221595,0.0585789150611111,0.0668662177641489,0.0060521293030597,0.0531489316380106,0.0164896895404209,0.0167017502631025,0.1165415504896808,0.0750926758259574,3.0044284633333334,0.3689018885,0.3654445011888889,0.062946811625,3.5463333066666665,0.0145843028966666,0.2516534592777777,0.0159083249676595,0.1926979490949038,0.1883613533044444,2.8907777181333336,0.28229093545,0.0046315622323587,0.023150956628,0.0407027006082352,100.0,100.0,100.0,100.0,50.0,100.0,66.66666666666666,100.0,100.0,100.0,100.0,100.0,100.0,100.0,100.0,100.0,100.0,100.0,100.0,0.0,100.0,100.0,100.0,0.0,0.0,100.0,100.0,100.0,100.0,55.55555555555556,100.0,100.0,100.0,100.0,temporal1,0
0.0153457635123648,0.0226469730945287,2.2802906,4.497766494750977e-05,2.45499992,0.0080507386398867,2.44129109,0.0915435833759024,0.0092001788456224,0.006098392673698,0.0167009222218979,0.0677472678045454,0.0657148823336734,0.0042717750516231,0.0443775386162551,0.0134441358895585,0.0164039267404166,0.1043057295561224,0.063664638255102,3.007221515,0.3674533366636364,0.3627273169090909,0.0550102141330612,3.590499935,0.01955235004,0.2742370041418182,0.0172629696931632,0.1782273296555555,0.2046750458281818,2.2180909225454544,0.2191152572,0.0045345020284117,0.0235882949812,0.0420343554892307,100.0,100.0,100.0,100.0,100.0,100.0,100.0,99.6,100.0,100.0,100.0,100.0,100.0,100.0,100.0,100.0,100.0,100.0,100.0,0.0,100.0,100.0,100.0,0.0,0.0,100.0,100.0,100.0,100.0,63.63636363636363,100.0,100.0,100.0,100.0,temporal1,0
0.0150797989961861,0.0196124025260298,1.9824403866666669,4.251599311828613e-05,3.921285688571429,0.00859474797439,2.768032164,0.099638680522543,0.0094803991439154,0.0066786051544482,0.0176789861286338,0.0764007121215,0.0686846417332394,0.0085801909658181,0.0458591588709859,0.0144679785111805,0.01210973517975,0.100157381768169,0.0630036340550704,3.00495624125,0.32090923185,0.3137500136625,0.0563662018484507,4.004399962,0.03246247768,0.21962682897625,0.0164996670966197,0.1874272700728205,0.128491044025625,3.9698420770157896,0.3073728878666666,0.004061166275465,0.0247736153733333,0.0475632647625,100.0,100.0,100.0,100.0,71.42857142857143,100.0,60.0,100.0,100.0,100.0,100.0,100.0,100.0,100.0,100.0,100.0,100.0,100.0,100.0,0.0,100.0,100.0,100.0,0.0,0.0,100.0,100.0,100.0,100.0,42.10526315789474,100.0,100.0,100.0,100.0,temporal1,0
0.0159783048322323,0.0210543984006593,0.9616914571333336,4.2331218719482425e-05,1.062999962933333,0.0089101642363124,1.068898677,0.0981754690843497,0.0084416497603092,0.0059770892357612,0.0184713319362577,0.0778470039299999,0.0652809118380412,0.0054185442670437,0.0389072157615463,0.0137438247315719,0.0163967262577818,0.1174118346552577,0.0567808222665,3.009798609090909,0.2899933141352941,0.2870000109588235,0.049144314728969,3.906230773846154,0.01574206352,0.201287073217647,0.0154247726316494,0.192755754785514,0.1163708742682352,3.2958235845352943,0.2418673038,0.0033512306201636,0.0237392645580769,0.0383025369290322,100.0,100.0,100.0,100.0,100.0,100.0,100.0,100.0,100.0,100.0,100.0,100.0,100.0,100.0,100.0,100.0,100.0,100.0,100.0,0.0,100.0,100.0,100.0,0.0,0.0,100.0,100.0,100.0,100.0,35.294117647058826,100.0,100.0,100.0,100.0,temporal1,0
0.0155161964796212,0.0228387897190308,2.1299139113636363,4.785656929016113e-05,2.266142859242857,0.0070334959628354,2.2459023607818183,0.1009744098328724,0.0093800496014086,0.0049206751202619,0.0172229620679677,0.0726862079115789,0.0667900914323202,0.004585005920573,0.0472287516101307,0.0121175302398392,0.0128835450205309,0.1435517236043137,0.0659012287931045,2.9589280425,0.2737063566384615,0.2665789566052631,0.0570914963387581,3.428500011666666,0.014603257175,0.1741322215778947,0.0157528218662214,0.2114516176120648,0.0947151309405263,2.3405952593023804,0.2776983517307692,0.006518850585683,0.0210153330904347,0.0359020819378688,100.0,100.0,100.0,100.0,100.0,100.0,100.0,100.0,100.0,100.0,100.0,100.0,100.0,100.0,100.0,100.0,100.0,100.0,100.0,16.66666666666667,100.0,100.0,100.0,16.66666666666667,0.0,100.0,100.0,100.0,100.0,76.19047619047619,100.0,100.0,100.0,100.0,temporal1,0
0.0151903562010501,0.0233553912153373,1.49140004868,4.462003707885742e-05,2.830428595214286,0.0089434829958333,1.8594533969,0.0985904772375595,0.0092458133023103,0.005964982437578,0.0185368899594758,0.0669154840294117,0.066523084957931,0.0045200766580146,0.0466413908908276,0.015974660977813,0.0185645679337532,0.1130287186622758,0.067105012092,3.0157259814285715,0.3373155873941176,0.3385882096588235,0.0563586202073103,3.5614285757142854,0.0156856377866666,0.2460379740399999,0.0167815257720689,0.1863837837791875,0.1710161180635294,3.026705864076471,0.25493264194,0.00830588738009,0.0245176076865,0.0395736982036206,100.0,100.0,100.0,100.0,71.42857142857143,100.0,83.33333333333333,100.0,100.0,100.0,100.0,100.0,100.0,100.0,100.0,100.0,100.0,100.0,100.0,0.0,100.0,100.0,100.0,0.0,0.0,100.0,100.0,100.0,100.0,52.94117647058823,100.0,100.0,100.0,100.0,temporal1,0
0.0168664987396418,0.0192140805490063,0.2608616352,4.425048828125e-05,5.90599989,0.008538195065,3.00368881,0.0995061847673922,0.0106873389989743,0.0059464311804315,0.0189619003161282,0.12597382067,0.0695335131314102,0.0032496669070363,0.053256386357564,0.0147710930500509,0.0248898756774359,0.1257384892982051,0.0755040095266666,3.00394845,0.4196999370625,0.411500006875,0.0628974498751282,3.58299994,0.014428377145,0.2960773407875,0.0175260335925641,0.2008511825625581,0.16229602690625,1.9138749827375,0.06625008583,0.0020506241732343,0.0216321945166666,0.0419973532314285,100.0,100.0,100.0,100.0,0.0,100.0,0.0,100.0,100.0,100.0,100.0,100.0,100.0,100.0,100.0,100.0,100.0,100.0,100.0,0.0,100.0,100.0,100.0,0.0,0.0,100.0,100.0,100.0,100.0,75.0,100.0,100.0,100.0,100.0,temporal1,0
0.0151700307873226,0.0221830939520388,2.44234561,4.44948673248291e-05,3.1009999500000003,0.0066096081447058,2.79624724,0.1001793331616514,0.0082984442501041,0.0059464112415944,0.0190801347252291,0.0637251933358333,0.0660834188159375,0.0046212603055661,0.0463541621906562,0.0145838333300785,0.0126098135221739,0.1130565404736458,0.0638718604962499,3.00245658,0.3376867770583333,0.3358333507666667,0.0560521061155208,3.7763333266666654,0.0167992909733333,0.2418402234366666,0.0170405556719791,0.1873403989635849,0.1763025323291666,2.113583364258333,0.3260353803,0.0026765871037027,0.0199525424362857,0.0416458334175,100.0,100.0,100.0,100.0,50.0,100.0,50.0,99.79508196721312,100.0,100.0,100.0,100.0,100.0,100.0,100.0,100.0,100.0,100.0,100.0,0.0,100.0,100.0,100.0,0.0,0.0,100.0,100.0,100.0,100.0,66.66666666666666,100.0,100.0,100.0,100.0,temporal1,0
0.0166869464143141,0.0220334121122272,2.2875691025,4.566311836242676e-05,2.36699998,0.011045337630687,2.3739339075,0.1000252705489741,0.00908028602469,0.0063547354686347,0.01766976594403,0.08052994987,0.0654871964368,0.0037750482551571,0.0469200110352,0.0135885220653669,0.0218214057351093,0.1190249895787999,0.0614380097288999,3.003522946666666,0.3445224544818182,0.3449091043818182,0.056819996826,3.55566668,0.016663074485,0.2496541846272728,0.0155341672852,0.1925141095693636,0.1595782149663636,2.5514545636,0.261409878675,0.004511203765058,0.0231899704232142,0.0388578609945454,100.0,100.0,100.0,100.0,100.0,100.0,100.0,100.0,100.0,100.0,100.0,100.0,100.0,100.0,100.0,100.0,100.0,100.0,100.0,0.0,100.0,100.0,100.0,0.0,0.0,100.0,100.0,100.0,100.0,72.72727272727272,100.0,100.0,100.0,100.0,temporal1,0
0.0152269729104854,0.0181757109472319,0.2608616352,4.373788833618164e-05,5.602499955,0.010786155482566,3.0034381100000003,0.0976935216476462,0.0113315105418769,0.0065303493530245,0.0163199534741538,0.18764710423,0.0701360298930769,0.0046177756395483,0.0462461361432307,0.0163338345761215,0.0221952644711791,0.1204431093426153,0.068985638240923,3.01730322,0.4764799276666667,0.4769999980666666,0.0567384793112307,3.60599994,0.017282962795,0.3402210076,0.0162334845578461,0.1983180244355555,0.1507760683066666,5.812666566666667,0.06625008583,0.0027720268730124,0.0233203814557692,0.0413011268296296,100.0,100.0,100.0,100.0,0.0,100.0,0.0,100.0,100.0,100.0,100.0,100.0,100.0,100.0,100.0,100.0,100.0,100.0,100.0,0.0,100.0,100.0,100.0,0.0,0.0,100.0,100.0,100.0,100.0,0.0,100.0,100.0,100.0,100.0,temporal1,0
0.0165788483589,0.0199620554735807,0.2608616352,4.380941390991211e-05,2.44099998,0.0088605752538279,0.4397904872,0.0984514993932311,0.0095078068204482,0.0064646320055431,0.0187605715296666,0.10142305492,0.0678123523377011,0.0064499396967244,0.0539999857589655,0.0120955458148222,0.0216708706616219,0.1110967931812643,0.0730395728014942,3.0053855533333333,0.40479734535,0.3966249823125,0.0639885156910344,3.54633331,0.019650459285,0.2962659597087499,0.0164513286455172,0.1861259568193814,0.1808855235175,2.0654999595875,0.06625008583,0.0044542312612204,0.0223415184,0.0420923550876666,100.0,100.0,100.0,100.0,100.0,100.0,100.0,100.0,100.0,100.0,100.0,100.0,100.0,100.0,100.0,100.0,100.0,100.0,100.0,0.0,100.0,100.0,100.0,0.0,0.0,100.0,100.0,100.0,100.0,62.5,100.0,100.0,100.0,100.0,temporal1,0
0.0160842862019956,0.0227416491638214,1.51849174174,4.317164421081543e-05,1.7618333463166669,0.0076531569154285,1.6444868048,0.0996055480361854,0.0090883911234554,0.0068788348441073,0.0188542498171188,0.0854944160914285,0.065990922460792,0.004342589817234,0.0829207944093069,0.0164427474683989,0.01549539714725,0.1048816336095049,0.1085100716535643,3.03849911,0.3523774827714285,0.3482858112285714,0.0935346607261386,3.62800002,0.01655483245,0.2414784431157143,0.0168395018769306,0.1974060470054054,0.14956913673,2.401555508777778,0.28931369776,0.0062824075028968,0.0228433299911111,0.0476225904451351,100.0,100.0,100.0,100.0,100.0,100.0,100.0,99.80276134122288,100.0,100.0,100.0,100.0,100.0,100.0,100.0,100.0,100.0,100.0,100.0,0.0,100.0,100.0,100.0,0.0,0.0,100.0,100.0,100.0,100.0,88.88888888888889,100.0,100.0,100.0,100.0,temporal2,0
0.0166200866343795,0.0204675839457191,0.3078720568999999,4.465579986572266e-05,0.4610000848,0.0081153805560074,0.4709706306,0.0959371191099891,0.0086096551671333,0.0061736978320533,0.0177372561519111,0.1224753856483333,0.0670788288008889,0.0046688098167,0.0496555434234777,0.014041192461717,0.0185005792968172,0.115722833718,0.0667402479287777,3.0118694233333336,0.4076263109333333,0.40616667265,0.0595888773494444,3.554666593333333,0.02667689323,0.295720418255,0.0167964617368888,0.1899524259201,0.1713726917433333,2.728333352383333,0.23621416085,0.0033189876396815,0.0212987831633333,0.0418525609054545,100.0,100.0,100.0,100.0,100.0,100.0,100.0,100.0,100.0,100.0,100.0,100.0,100.0,100.0,100.0,100.0,100.0,100.0,100.0,0.0,100.0,100.0,100.0,0.0,0.0,100.0,100.0,100.0,100.0,50.0,100.0,100.0,100.0,100.0,temporal2,0
0.0162094450242732,0.0202337607967721,2.3083828859999995,4.361271858215332e-05,2.8832857214285714,0.0086367265737045,2.5262910466666666,0.0964099219933858,0.0085733033504594,0.0062976549327147,0.0182605208533378,0.0803835590566666,0.0687864986514864,0.0054988533837352,0.0406351282717567,0.0141014834480214,0.0121747285866153,0.1010395191645946,0.0565760651039189,3.002107216666667,0.3117146094083333,0.3081666627916666,0.050675685331081,3.537333326666667,0.01303982734,0.2122235496375,0.0173139153254054,0.1845618412434568,0.1298524339683333,3.050538444461538,0.2558788299,0.0034501552572689,0.0222551368495238,0.04108376800625,100.0,100.0,100.0,100.0,85.71428571428571,100.0,83.33333333333333,99.74683544303798,100.0,100.0,100.0,100.0,100.0,100.0,100.0,100.0,100.0,100.0,100.0,0.0,100.0,100.0,100.0,0.0,0.0,100.0,100.0,100.0,100.0,69.23076923076923,100.0,100.0,100.0,100.0,temporal2,0
0.0157895551860336,0.0234531671408172,2.0496536435625,5.102753639221192e-05,2.133999970125,0.0091393354540966,2.145152891725,0.1048463245195931,0.0086176298745608,0.0061668814142899,0.0184654980049189,0.0666649076633333,0.0669241531349324,0.0042895539744481,0.0478445855259459,0.0165172223475617,0.0123835430318494,0.1444651983585135,0.0683064380630872,3.007097476,0.3292478719833334,0.3236111534444444,0.0584999854417567,3.82450004,0.0178181648239999,0.2308301660377777,0.0172542655749324,0.2133603328235975,0.16129344036,2.7023889049833336,0.2547783851111111,0.005186911138543,0.022654928264375,0.0413570290461904,100.0,100.0,100.0,100.0,100.0,100.0,100.0,100.0,100.0,100.0,100.0,100.0,100.0,100.0,100.0,100.0,100.0,100.0,100.0,0.0,100.0,100.0,100.0,0.0,0.0,100.0,100.0,100.0,100.0,72.22222222222223,100.0,100.0,100.0,100.0,temporal2,0
0.0163665183150649,0.0199092461782835,1.6636016323,4.347562789916992e-05,1.781999982833333,0.0082828806540201,1.7832140872666666,0.1018686436893356,0.0087971572403373,0.0061574769954831,0.0201085992567349,0.064872004759909,0.066587726746506,0.0061493921668151,0.0428072372043373,0.0155705468387089,0.0139238366028749,0.118988335822771,0.0603555455173494,3.00773914,0.3392235365181819,0.3351817780818182,0.0526867573428915,3.5773332866666663,0.016746461385,0.2360015565363636,0.0170947471255421,0.1933060158443478,0.1693928024690909,2.173454586227273,0.2656756241333333,0.0045488476744555,0.0231554616563636,0.043223559851875,100.0,100.0,100.0,100.0,100.0,100.0,100.0,100.0,100.0,100.0,100.0,100.0,100.0,100.0,100.0,100.0,100.0,100.0,100.0,0.0,100.0,100.0,100.0,0.0,0.0,100.0,100.0,100.0,100.0,72.72727272727272,100.0,100.0,100.0,100.0,temporal2,0
0.0153938676947971,0.0206023174149112,2.52585673,4.410743713378906e-05,3.927400008,0.0080389221106435,2.1473120409,0.0978608349842857,0.0096089001526703,0.0061266088919441,0.0170878394580989,0.0709988203872727,0.0649921658181318,0.0066557876928091,0.0540549545401098,0.0166495759665733,0.0144110955268125,0.1199713119862637,0.0770807595849999,3.009925,0.3060495486076923,0.2991817213818182,0.0647802143195604,3.559999815,0.01563096046,0.2160713455545455,0.0166516800679166,0.1959454469992079,0.1433744647118181,2.395416694933333,0.21484506125,0.0042220190447534,0.0225348014042307,0.0393157946386842,100.0,100.0,100.0,100.0,60.0,100.0,75.0,100.0,100.0,100.0,100.0,100.0,100.0,100.0,100.0,100.0,100.0,100.0,100.0,0.0,100.0,100.0,100.0,0.0,0.0,100.0,100.0,100.0,100.0,75.0,100.0,100.0,100.0,100.0,temporal2,0
0.0163740300197463,0.0225066349392759,0.811925350875,4.338622093200684e-05,0.901249943125,0.009019361064104,0.9103291014,0.099171886452912,0.0106422923844857,0.0063120983747651,0.0164616584737523,0.080536699282,0.0685652551074285,0.0047900228685838,0.0539238225747619,0.013734139580244,0.0119855251041153,0.1097797870390476,0.0761860506743809,3.013330373333333,0.5487260093699999,0.5489000557899999,0.065390468768,3.564666663333333,0.01738595962,0.313599300027,0.0182825928598095,0.1853433066018965,0.221511888453,2.36509999869,0.2628536224,0.0028226562561984,0.0226908683746666,0.04332305788425,100.0,100.0,100.0,100.0,100.0,100.0,100.0,100.0,100.0,100.0,100.0,100.0,100.0,100.0,100.0,100.0,100.0,100.0,100.0,0.0,100.0,100.0,100.0,0.0,0.0,100.0,100.0,100.0,100.0,70.0,100.0,100.0,100.0,100.0,temporal2,0
0.0171448802020047,0.0201812848083168,1.7841047000999997,4.723668098449707e-05,2.0278333385,0.0082750428790151,2.0405743883833334,0.1027135245251603,0.0091930845717419,0.005805519656812,0.018587294441258,0.1057515740207499,0.0649119474452688,0.0042171514116917,0.0465806479047311,0.011738719680107,0.0156112663297936,0.1275795556956989,0.0636361516827204,3.002529855,0.588816106025,1.0767692228,0.0562043266812903,3.537500015,0.01637804508,0.3218847115283333,0.0168227816104301,0.1963837076942718,0.210947970515,2.7627499867916665,0.3097178140833333,0.0041767195153025,0.023845899102,0.0388194199203448,100.0,100.0,100.0,100.0,100.0,100.0,100.0,100.0,100.0,100.0,100.0,100.0,100.0,100.0,100.0,100.0,100.0,100.0,100.0,0.0,100.0,100.0,100.0,0.0,0.0,100.0,100.0,100.0,100.0,83.33333333333333,100.0,100.0,100.0,100.0,temporal2,0
0.0191693765982388,0.0241050162178788,1.7238561382285715,4.425644874572754e-05,1.824428554328572,0.0109640210850937,1.8314851670571424,0.1043100211021649,0.008537671049,0.0060298459173749,0.0188650972086554,0.085456028569375,0.0643678532941891,0.0066089989993396,0.0514324371762162,0.0143314497039238,0.01368753671343,0.1127562957581081,0.0697570247007382,3.00367804,0.37498578424375,0.37081249053125,0.0617297307728378,3.954666728333333,0.0161131858759999,0.2679560929,0.0178595926268243,0.1881672303505487,0.17998823519625,3.0616250156437497,0.2421079362714286,0.0051260693306652,0.0235711336080555,0.0383727412909615,100.0,100.0,100.0,100.0,100.0,100.0,100.0,100.0,100.0,100.0,100.0,100.0,100.0,100.0,100.0,100.0,100.0,100.0,100.0,0.0,100.0,100.0,100.0,0.0,0.0,100.0,100.0,100.0,100.0,62.5,100.0,100.0,100.0,100.0,temporal2,0
0.015831073122326,0.0224170011942619,1.6270088324000005,4.385709762573242e-05,1.7616665330999997,0.0092644217102565,1.7705811613666664,0.0979366965151591,0.0082501667287235,0.006179597897985,0.0175241590472357,0.0950380238418182,0.0637928121355284,0.0048753253191637,0.0418861726369512,0.0130733303848021,0.0203309155432222,0.1226429783971544,0.060304157124878,3.011311165,0.4114191098181818,0.4078181656454545,0.0515121928961788,3.590499995,0.013403058045,0.3026776096545455,0.0169011073341463,0.1929848529229629,0.2055369290181818,1.8938181597,0.2201262314666666,0.0040922210756974,0.0234798959292857,0.0401467134504166,100.0,100.0,100.0,100.0,100.0,100.0,100.0,99.83249581239532,100.0,100.0,100.0,100.0,100.0,100.0,100.0,100.0,100.0,100.0,100.0,0.0,100.0,100.0,100.0,0.0,0.0,100.0,100.0,100.0,100.0,81.81818181818181,100.0,100.0,100.0,100.0,temporal2,0
0.015576916884578,0.0193021659822181,2.277733083333333,4.385709762573242e-05,2.4130000233333333,0.0105478366199166,2.419373586666667,0.0939464574337823,0.007952639634847,0.0061073023709788,0.0184585795638941,0.0952945152858333,0.0656608749742352,0.005021611520471,0.0546117782491764,0.0164594612253559,0.0212793399853229,0.1086446172877647,0.0777925379029411,3.0029612125,0.3561315337333333,0.3536666631333333,0.0645058940307058,3.54900002,0.01550340652,0.2511135339333333,0.0163260684248235,0.1834048362060638,0.1507137417483333,2.4790000302333337,0.2373313108333333,0.0044260073671626,0.0239895880191666,0.0373516662656756,100.0,100.0,100.0,100.0,100.0,100.0,100.0,100.0,100.0,100.0,100.0,100.0,100.0,100.0,100.0,100.0,100.0,100.0,100.0,0.0,100.0,100.0,100.0,0.0,0.0,100.0,100.0,100.0,100.0,66.66666666666666,100.0,100.0,100.0,100.0,temporal2,0
0.0166722123735529,0.0198193205895484,1.9670273805000005,4.366636276245117e-05,2.0688333084,0.0092304700439038,2.078343068466667,0.0975020739759263,0.0105405648535698,0.0061204167476741,0.0185896709357634,0.074272060383,0.0627638268106451,0.0045135236315864,0.0430860391164516,0.0133653469092985,0.0176953315697538,0.1041036010916129,0.0657455946721505,3.0048012075,0.34252116676,0.33780000206,0.0527741908949462,3.555000005,0.015520930285,0.235639285988,0.015944878256344,0.1754225642538834,0.1515868424939999,3.4274000110000005,0.2438890536166666,0.0036391884660302,0.0232088035966666,0.0381297287676086,100.0,100.0,100.0,100.0,100.0,100.0,100.0,100.0,100.0,100.0,100.0,100.0,100.0,100.0,100.0,100.0,100.0,100.0,100.0,0.0,100.0,100.0,100.0,0.0,0.0,100.0,100.0,100.0,100.0,60.0,100.0,100.0,100.0,100.0,temporal2,0
0.0157343062828505,0.0216909749500075,2.0502608674625,4.4852495193481445e-05,2.1248750063625,0.0077725172033333,2.1383147479750004,0.093252235200854,0.0076406098688108,0.0058041579154137,0.0184640964897364,0.06651315092375,0.0674874573036486,0.0047637471604764,0.0422364924331756,0.0136613706774775,0.0179476676275862,0.1014054836295945,0.0599079555505263,3.0126324466666667,0.33423264320625,0.3253750353562499,0.0520405221544594,3.660000003333333,0.01508364677,0.242053478915,0.0165431156508219,0.1766638958921341,0.171539902666875,2.44506247073125,0.2666924263999999,0.0041468316846278,0.0253340421660465,0.0383207003222222,100.0,100.0,100.0,100.0,100.0,100.0,100.0,100.0,100.0,100.0,100.0,100.0,100.0,100.0,100.0,100.0,100.0,100.0,100.0,0.0,100.0,100.0,100.0,0.0,0.0,100.0,100.0,100.0,100.0,81.25,100.0,100.0,100.0,100.0,temporal2,0
0.0150554678574811,0.0195181254383961,0.2608616352,4.3892860412597655e-05,5.66100001,0.0081758192081363,3.00334453,0.0989109349577427,0.0089036281704069,0.0062839138654694,0.0205811871980232,0.1132393316543636,0.0626736324790697,0.0044716967904508,0.053116260564186,0.0132976474423717,0.015535481511758,0.1304713847777907,0.0777143552048809,3.0135084733333333,0.5272135199777778,0.4756363513818181,0.0636278972984883,3.54266667,0.015480184552,0.3783820972972727,0.0163222409386904,0.2026931837584211,0.2143339893590909,2.670666692122222,0.06625008583,0.0034919953802424,0.0227686337042857,0.0403721604985714,100.0,100.0,100.0,100.0,0.0,100.0,0.0,100.0,100.0,100.0,100.0,100.0,100.0,100.0,100.0,100.0,100.0,100.0,100.0,0.0,100.0,100.0,100.0,0.0,0.0,100.0,100.0,100.0,100.0,55.55555555555556,100.0,100.0,100.0,100.0,temporal2,0
0.0166191069456624,0.0244007589989131,1.314883109425,4.282593727111816e-05,1.430249986625,0.0084504728306399,1.4264999011,0.1017958720283538,0.00914084083375,0.0061326584862449,0.0195054047595208,0.0587443709304375,0.0664659490079861,0.0054844091910735,0.0508749931970833,0.0159697404166244,0.0131840370038309,0.1173277182461111,0.0739494164632638,3.00888328,0.32274129981875,0.321000039525,0.0603680478104861,3.547600026,0.0143917401566666,0.22943758961,0.0176717970065972,0.1923778971397484,0.164016187150625,2.111999971988236,0.2441427111,0.0081091100506225,0.0248210549325,0.0419061481896875,100.0,100.0,100.0,100.0,100.0,100.0,100.0,100.0,100.0,100.0,100.0,100.0,100.0,100.0,100.0,100.0,100.0,100.0,100.0,0.0,100.0,100.0,100.0,0.0,0.0,100.0,100.0,100.0,100.0,70.58823529411765,100.0,100.0,100.0,100.0,temporal2,0
0.0160397647236103,0.0191094048531763,0.7797280504999999,4.506111145019531e-05,3.945166662933333,0.0083910670924705,2.17529117575,0.097068608475685,0.0086257145503333,0.005910775441341,0.0200190685990952,0.0601138201581818,0.065622136697619,0.0049107452227916,0.0413095127917857,0.0130303392520148,0.0129329817615306,0.1070481169580952,0.0589785689319047,3.013907388333333,0.3399571288272727,0.3409090908636363,0.0512499951098809,4.09987493125,0.011257052415,0.2333106343990909,0.0171451086048809,0.1835239317691398,0.1681899157172727,4.183538486261539,0.38319599625,0.0042413254164587,0.023356032369,0.0405714665635483,100.0,100.0,100.0,100.0,33.33333333333333,100.0,50.0,100.0,100.0,100.0,100.0,100.0,100.0,100.0,100.0,100.0,100.0,100.0,100.0,0.0,100.0,100.0,100.0,0.0,0.0,100.0,100.0,100.0,100.0,23.07692307692308,100.0,100.0,100.0,100.0,temporal2,0
0.0163486867410498,0.0191163066889024,2.16030573,4.341602325439453e-05,2.34899997,0.0089518053566453,2.33953833,0.3768221412927445,0.0085616670996419,0.0059438015945055,0.0173660472548765,0.0962512152414285,0.0656316165313253,0.0067971053229831,0.0446264916083132,0.0147446311784694,0.0119227626073818,1.5649461996272287,0.0696710035770238,3.019490713333333,0.3849800995142857,0.3874285901857143,0.0541807398628915,3.5710000133333337,0.011257052415,0.2771697384571428,0.0157374330269879,1.4980580295407608,0.1791607992571428,2.6462856660714285,0.06625008583,0.0030064019280269,0.0234875137131818,0.0373354244183999,100.0,100.0,100.0,100.0,100.0,100.0,100.0,99.30555555555556,100.0,100.0,100.0,100.0,100.0,100.0,100.0,100.0,100.0,97.59036144578312,100.0,0.0,100.0,100.0,100.0,0.0,0.0,100.0,100.0,97.82608695652172,100.0,57.142857142857146,100.0,100.0,100.0,100.0,temporal2,0
0.0148385522293718,0.0227791348138849,2.32547839,4.387497901916504e-05,2.4589999466666668,0.0079407716778124,2.464925043333333,0.0943790537877292,0.0083850362236015,0.005595339270787,0.0173496267796992,0.103447771054,0.0640695578992481,0.0063823947190264,0.0500827032723533,0.0171398144234709,0.0108138768037831,0.1049691429558646,0.0752010012639534,3.0058314733333336,0.4216198126,0.41190001959,0.0592706794913533,3.5330000666666668,0.0153626600866666,0.307910656888,0.0184956229051515,0.1788185858831292,0.201190924601,2.7683334059777778,0.3050788243333333,0.0049969629792638,0.0225425163870833,0.0409541924729629,100.0,100.0,100.0,100.0,100.0,100.0,100.0,100.0,100.0,100.0,100.0,100.0,100.0,100.0,100.0,100.0,100.0,100.0,100.0,0.0,100.0,100.0,100.0,0.0,0.0,100.0,100.0,100.0,100.0,66.66666666666666,100.0,100.0,100.0,100.0,temporal2,0
0.0160059746784248,0.0211092161366399,0.2608616352,4.326701164245605e-05,2.44099998,0.0093435352109491,0.4397904872,0.0989528795123603,0.0093995540024239,0.0060763769477372,0.0206888032947934,0.0818143572028571,0.0655313911543478,0.0051260138993181,0.040836956185326,0.0132468472212282,0.0180393251846206,0.0995729798642391,0.0573346259673404,3.00352674,0.447337716775,0.4215714249857143,0.0503152245974999,4.138500029999999,0.04168605804,0.3005746432285714,0.0164923356884782,0.1741554853559803,0.2119300024471428,3.1664285299285715,0.3049099445,0.003809227942196,0.0198194781908333,0.0402802457151063,100.0,100.0,100.0,100.0,100.0,100.0,100.0,100.0,100.0,100.0,100.0,100.0,100.0,100.0,100.0,100.0,100.0,100.0,100.0,0.0,100.0,100.0,100.0,0.0,0.0,100.0,100.0,100.0,100.0,42.85714285714285,100.0,100.0,100.0,100.0,temporal2,0
0.0161647343258128,0.0251443644253496,1.9624344469833328,4.481077194213867e-05,2.072769234892308,0.0081884763269508,2.0661645290500004,0.1021835852834694,0.0120656741803586,0.0057794942220418,0.0188651618032742,0.0663726576403448,0.0657145866226582,0.0050722441960979,0.0542573878423206,0.0145579989885586,0.0149388939877499,0.1190368947881434,0.0769043960335294,3.0095235242857146,0.3298324058310344,0.3248965493068965,0.0641687650571729,3.5431428271428573,0.015833020205,0.2372441373568965,0.0170991108849367,0.1916548977941221,0.1663253882562069,2.381354829222581,0.26016080375,0.0062329769116902,0.0256373990640909,0.0397049490172289,100.0,100.0,100.0,100.0,100.0,100.0,100.0,100.0,100.0,100.0,100.0,100.0,100.0,100.0,100.0,100.0,100.0,100.0,100.0,0.0,100.0,100.0,100.0,0.0,0.0,100.0,100.0,100.0,100.0,77.41935483870968,100.0,100.0,100.0,100.0,temporal2,0
0.0163455171843324,0.0193275744144548,0.2969710826,4.400014877319336e-05,0.4509999752,0.0148666373289285,0.4397904872,0.0940709279711606,0.0088974343056835,0.0064198830743225,0.017853640298405,0.08155372737375,0.065774561476962,0.0047908022588828,0.0589240623331645,0.0151030894416796,0.0110367955357027,0.1065082821468354,0.0894839280565823,3.00930547,0.4502454995625,0.4444999992374999,0.0693797582155696,4.377599992,0.01545755068,0.34614464635,0.0171500912148101,0.1820280496683908,0.18335372207625,2.745333350711111,0.2733089923,0.0034983873362704,0.0233969279679999,0.0371319756744117,100.0,100.0,100.0,100.0,100.0,100.0,100.0,100.0,100.0,100.0,100.0,100.0,100.0,100.0,100.0,100.0,100.0,100.0,100.0,0.0,100.0,100.0,100.0,0.0,0.0,100.0,100.0,100.0,100.0,55.55555555555556,100.0,100.0,100.0,100.0,temporal2,0
0.0167624749842679,0.0184006183208564,0.2608616352,4.412531852722168e-05,4.61225007,0.0098497616605263,3.004861033333333,0.0933485979519113,0.0104874793208529,0.0062034562473336,0.0171397363399411,0.0900612527527272,0.0642807658860294,0.0045401826491979,0.0508676346527941,0.0173582235948106,0.0151555585834399,0.1062018800969117,0.0665464190755882,3.010637995,0.3424055792545454,0.3362727164727273,0.0613088327183823,3.56599998,0.0204634666399999,0.2495059749909091,0.0161938491946617,0.1794141069710666,0.1548706184318181,2.4781817935272725,0.06625008583,0.0040722400574277,0.020649528501,0.040891491843913,100.0,100.0,100.0,100.0,0.0,100.0,0.0,99.73118279569891,100.0,100.0,100.0,100.0,100.0,100.0,100.0,100.0,100.0,100.0,100.0,0.0,100.0,100.0,100.0,0.0,0.0,100.0,100.0,100.0,100.0,54.54545454545455,100.0,100.0,100.0,100.0,temporal2,0
0.0172877543902922,0.0192143894348607,0.2608616352,4.5293569564819335e-05,2.44099998,0.0094728022805,0.4397904872,0.0999178693119525,0.009390152416523,0.0067159910055161,0.0175510516487692,0.0765495565111111,0.07146788743,0.0041975769939892,0.0563230991286153,0.0142865629785664,0.0211067364101551,0.1005752710036923,0.0776179533613846,3.0053456950000004,0.3503843942777778,0.3488889534666667,0.0662922969136923,4.160857127142857,0.011257052415,0.2412127123333333,0.0182035776243076,0.1824087069713889,0.1545809904333333,3.303333306144444,0.06625008583,0.0028748664441911,0.0234825257874074,0.0451304290526086,100.0,100.0,100.0,100.0,100.0,100.0,100.0,100.0,100.0,100.0,100.0,100.0,100.0,100.0,100.0,100.0,100.0,100.0,100.0,0.0,100.0,100.0,100.0,0.0,0.0,100.0,100.0,100.0,100.0,33.33333333333333,100.0,100.0,100.0,100.0,temporal2,0
0.0154528273921231,0.0212522303823905,1.54505650705,4.262328147888184e-05,1.64339995064,0.0082318459520508,1.65279833964,0.1015497705020929,0.010128685405,0.0055176342473634,0.0184161782221214,0.0688737905865384,0.0656798703233571,0.003981660603845,0.0447571464865714,0.0151257890941162,0.019043065531,0.1273065004787857,0.0627300856721831,3.0109839057142858,0.2947109020346153,0.2794615213230769,0.0544500010258571,3.986333335555555,0.01278162002,0.1930079368015384,0.0160518859254609,0.1976858338612903,0.1197974131373077,2.392535700742857,0.24535677428,0.0042455907440087,0.023870392275909,0.0361201763117142,100.0,100.0,100.0,100.0,100.0,100.0,100.0,100.0,100.0,100.0,100.0,100.0,100.0,100.0,100.0,100.0,100.0,100.0,100.0,0.0,100.0,100.0,100.0,0.0,0.0,100.0,100.0,100.0,100.0,71.42857142857143,100.0,100.0,100.0,100.0,temporal2,0
0.0160071397094936,0.0181408590713613,0.2608616352,4.473924636840821e-05,5.292999966,0.0066096081447058,3.01447232,0.0985131966553934,0.0097835461285757,0.0065203442680458,0.0175127332820606,0.0761407746055555,0.0684106494360606,0.0039151450413829,0.0451969811336363,0.0134887132638845,0.02651851653718,0.1079768339581818,0.0670128509034328,3.0095860325,0.3570447232555556,0.3501111136111111,0.0556818102248484,3.58299994,0.01490092277,0.2542199558244444,0.016934777002647,0.1834057748757534,0.17320463388,3.970444489577778,0.06625008583,0.0021791259438972,0.0244676516584615,0.0407698074926666,100.0,100.0,100.0,100.0,0.0,100.0,0.0,100.0,100.0,100.0,100.0,100.0,100.0,100.0,100.0,100.0,100.0,100.0,100.0,0.0,100.0,100.0,100.0,0.0,0.0,100.0,100.0,100.0,100.0,22.22222222222223,100.0,100.0,100.0,100.0,temporal2,0
0.0150181293454252,0.0212200906507781,2.53808164,3.792047500610352e-05,3.098500125,0.009867385026875,2.83053183,0.096370184846456,0.0093080445329052,0.0058920762608242,0.0166688316704421,0.0865726073516666,0.0680981861794736,0.0034392851362962,0.0483262990566315,0.0133266236079619,0.0162518713176,0.1255026690791579,0.0691347071888421,3.00091552,0.3544585704166667,0.3536666631166666,0.0587894740757894,3.57000017,0.0151045322349999,0.2510189612466666,0.0160930257053684,0.1956256547433333,0.1584894656733333,2.309833363983333,0.4419412612,0.0030427399794331,0.0210692571526086,0.0398603721851851,100.0,100.0,100.0,100.0,50.0,100.0,50.0,99.79423868312756,100.0,100.0,100.0,100.0,100.0,100.0,100.0,100.0,100.0,100.0,100.0,0.0,100.0,100.0,100.0,0.0,0.0,100.0,100.0,100.0,100.0,66.66666666666666,100.0,100.0,100.0,100.0,temporal2,0
0.015488617247927,0.021670992266301,1.692282195,4.382729530334472e-05,2.82750004,0.0083124861111484,2.5566577275,0.0935673788685114,0.0088361348848803,0.005978837478645,0.0189293938775811,0.0820571955425882,0.063979016399829,0.0057364963204852,0.0425128223473162,0.0138176135347222,0.0150723457310256,0.097411512292735,0.0667300874420661,3.0033860842857143,0.4742082425411765,0.8151666984833333,0.052871803944017,3.567857091428571,0.014592885965,0.3035738745023529,0.01672513745,0.1723488532158461,0.2072430778588235,3.2759444515166667,0.2832121848666666,0.0047745434732301,0.0226376684057894,0.0409587595153333,100.0,100.0,100.0,100.0,50.0,100.0,50.0,100.0,100.0,100.0,100.0,100.0,100.0,100.0,100.0,100.0,100.0,100.0,100.0,0.0,100.0,100.0,100.0,0.0,0.0,100.0,100.0,100.0,100.0,50.0,100.0,100.0,100.0,100.0,temporal2,0
0.0158914820708232,0.0208170461625042,0.9758194270333336,4.3184329301883015e-05,1.1026667741666667,0.0091487474916025,1.1201783807666663,0.1024783992800894,0.0112310465373333,0.0060381145445706,0.0176531688546936,0.0807514190630769,0.0676113893217117,0.0057235288912704,0.0428108159419819,0.0150035040414849,0.0139365327197912,0.130551555111982,0.0645540920368468,3.0064174683333333,0.3412876678846154,0.3375384440461538,0.0522612386912612,3.616666708333333,0.0137505531299999,0.2448293978792307,0.0161197206957657,0.2056885035959349,0.1608481773615384,2.649769247976923,0.232373714375,0.0046303002326359,0.0225828034517857,0.0408159006679545,100.0,100.0,100.0,100.0,100.0,100.0,100.0,100.0,100.0,100.0,100.0,100.0,100.0,100.0,100.0,100.0,100.0,100.0,100.0,0.0,100.0,100.0,100.0,0.0,0.0,100.0,100.0,100.0,100.0,53.84615384615385,100.0,100.0,100.0,100.0,temporal2,0
0.0163533305870533,0.021741955365781,2.30111527,4.427433013916016e-05,2.40033332,0.0079048203247073,2.407299113333333,0.0964896352289202,0.0087623696566736,0.0061566820536979,0.0184380656748315,0.1265909671666666,0.0681800315186315,0.0065299899478592,0.0516631628234736,0.0177651874181372,0.0134647871740892,0.1016408192273684,0.0686496533725263,3.002200043333333,0.4628053108333333,0.4554999271333333,0.0613789382607368,3.54466668,0.01513195037,0.3286759853,0.0181983420683157,0.179817594759619,0.2002973158683333,3.858333385,0.2313437461333333,0.0033974075305708,0.021724867819,0.0414480715921875,100.0,100.0,100.0,100.0,100.0,100.0,100.0,99.79253112033194,100.0,100.0,100.0,100.0,100.0,100.0,100.0,100.0,100.0,100.0,100.0,0.0,100.0,100.0,100.0,0.0,0.0,100.0,100.0,100.0,100.0,50.0,100.0,100.0,100.0,100.0,temporal2,0
0.0152329594468959,0.0233584698322877,1.3053441009,4.404783248901367e-05,3.2223333462,0.0081274292674545,2.4866680251,0.0926010249451456,0.0095619662039741,0.0052982948773082,0.0184977218986551,0.064818400595,0.06665026084,0.0044936115019821,0.039472564859789,0.0136244945854813,0.0131950053273409,0.1277387483974683,0.054927280675232,3.008241111666667,0.2991428283038462,0.2955769208423077,0.0491012742172151,3.5819166458333336,0.01364064216,0.2036048356953846,0.0164063399312658,0.1985815243330153,0.1365136641488461,3.049384618980769,0.25031322235,0.0084765177488382,0.0240022160772727,0.0371179196093548,100.0,100.0,100.0,100.0,33.33333333333333,100.0,33.33333333333333,100.0,100.0,100.0,100.0,100.0,100.0,100.0,100.0,100.0,100.0,100.0,100.0,0.0,100.0,100.0,100.0,0.0,0.0,100.0,100.0,100.0,100.0,38.46153846153846,100.0,100.0,100.0,100.0,temporal2,0
0.0157285116543421,0.0236401059152385,1.880875503333333,4.497170448303223e-05,3.62071431,0.0084059391529449,2.650139182,0.1032939447088365,0.0104532715587179,0.005963458459928,0.0183357443523525,0.0633761602223529,0.0642675925418589,0.0039012540463318,0.0605897567103846,0.0147035855891535,0.0112869346241134,0.1284829423391666,0.0910940079016879,3.0051101242857143,0.331756521617647,0.3306470898588235,0.0708333314834615,3.875571417142857,0.0153380235,0.2456368838482353,0.0170321984125,0.2003372463465697,0.1770063007188235,3.282722217661111,0.2770135402,0.0045035311144382,0.0237465169638888,0.0396207287136507,100.0,100.0,100.0,100.0,57.142857142857146,100.0,60.0,100.0,100.0,100.0,100.0,100.0,100.0,100.0,100.0,100.0,100.0,100.0,100.0,0.0,100.0,100.0,100.0,0.0,0.0,100.0,100.0,100.0,100.0,50.0,100.0,100.0,100.0,100.0,temporal2,0
0.0173184508735452,0.021289665465124,2.1099907425875,4.41431999206543e-05,2.1918750063625,0.0091478854789873,2.1992074813875,0.0961939560581213,0.0086273587256173,0.0057214346005111,0.0177455197169304,0.0636685019989473,0.0632967596373913,0.0056876565774355,0.0490608671345217,0.0163786392433889,0.0117522581730434,0.1032375480613043,0.0692898211134782,3.00567561,0.2936064945526316,0.2882631702947368,0.059165212372,3.6379999475,0.0154178142499999,0.1988584869415789,0.0177220385966956,0.178523187521496,0.1221088484478947,2.338631564868421,0.2639637787666666,0.0040276417351437,0.0214621112419047,0.0381658871933333,100.0,100.0,100.0,100.0,100.0,100.0,100.0,99.82456140350877,100.0,100.0,100.0,100.0,100.0,100.0,100.0,100.0,100.0,100.0,100.0,0.0,100.0,100.0,100.0,0.0,0.0,100.0,100.0,100.0,100.0,78.94736842105263,100.0,100.0,100.0,100.0,temporal2,0
0.0169031126198535,0.0216645367903813,2.3118913125,4.369616508483887e-05,2.635799928,0.0086371584551676,2.536896796,0.1026429289815776,0.0092067173533333,0.0052117533871418,0.0195210229743142,0.0670347743522222,0.0664269129309523,0.0044794877363529,0.0509238038661904,0.0129963739784591,0.0203206944935638,0.1170683043119047,0.0709607535413761,3.0087964475,0.3315704795444444,0.3259444633611111,0.0612000124670476,3.5584999875000003,0.011821508405,0.2338387833277778,0.0182185281360909,0.1896792741543589,0.1621962255622222,2.200499995722222,0.2738378047499999,0.0016291344161618,0.0250157451568,0.0398222842065957,100.0,100.0,100.0,100.0,80.0,100.0,80.0,100.0,100.0,100.0,100.0,100.0,100.0,100.0,100.0,100.0,100.0,100.0,100.0,0.0,100.0,100.0,100.0,0.0,0.0,100.0,100.0,100.0,100.0,72.22222222222223,100.0,100.0,100.0,100.0,temporal2,0
0.0150549318760686,0.0244965668611545,1.6071035412833332,5.3036212921142575e-05,1.7221666542333331,0.0095272838533675,1.728720821116667,0.1002757939024718,0.0088018440207465,0.0059611951272289,0.0190588513422397,0.0625032817564705,0.0637291588103424,0.0040872004418737,0.0496095778108219,0.0151066083209002,0.01384719530432,0.1259740835699315,0.0736763036280822,3.0068793266666667,0.3322901585058823,0.3271764867058823,0.0601780708388356,4.091571351428572,0.01516258716,0.2326985947764706,0.0165393140175342,0.1947905380119255,0.1572032675723529,2.669352962488236,0.2333422104166666,0.0036260518146938,0.0208407732123076,0.0424083709668333,100.0,100.0,100.0,100.0,100.0,100.0,100.0,100.0,100.0,100.0,100.0,100.0,100.0,100.0,100.0,100.0,100.0,100.0,100.0,0.0,100.0,100.0,100.0,0.0,0.0,100.0,100.0,100.0,100.0,64.70588235294117,100.0,100.0,100.0,100.0,temporal2,0
0.0159011175382619,0.0182206902050162,1.1988690467,4.302263259887695e-05,3.2928999313400005,0.0078502844274793,2.4275136474666663,0.0990522499562147,0.0086507495779195,0.0059285417726932,0.018760872977885,0.0661288289417647,0.0696940833014942,0.00419270090621,0.0526781575332183,0.0140225256456268,0.0111519468213793,0.1044000373350574,0.0786662770334146,3.004299542,0.3020199466529411,0.2945294520117646,0.0626436704772413,3.5394,0.01340389251,0.2029445451282353,0.0160809568572289,0.1856159586277894,0.1295828117752941,3.3184117391235293,0.2845001220249999,0.0023908955704182,0.0233298173296153,0.0373387148465789,100.0,100.0,100.0,100.0,50.0,100.0,33.33333333333333,100.0,100.0,100.0,100.0,100.0,100.0,100.0,100.0,100.0,100.0,100.0,100.0,0.0,100.0,100.0,100.0,0.0,0.0,100.0,100.0,100.0,100.0,41.1764705882353,100.0,100.0,100.0,100.0,temporal2,0
0.0165217335241642,0.0191028012600482,1.5482654538,4.454851150512695e-05,2.719499970275,0.0093086455987894,2.463563079925,0.0987301250695242,0.0086047975972328,0.006733839929601,0.0193096284951369,0.0798981923192307,0.0683491752467123,0.0067057632245714,0.0509452133879451,0.0160816551343753,0.0184942332763661,0.1124447371632876,0.0727939605579452,3.00071263,0.3145359295461538,0.3089999418538461,0.0606712347773972,3.569,0.01897788047,0.2145095604715384,0.0168198918602739,0.1965842717528395,0.13213783041,2.521499988407143,0.29735660545,0.0021994759631269,0.019584797320625,0.039000584015,100.0,100.0,100.0,100.0,50.0,100.0,50.0,100.0,100.0,100.0,100.0,100.0,100.0,100.0,100.0,100.0,100.0,100.0,100.0,0.0,100.0,100.0,100.0,0.0,0.0,100.0,100.0,100.0,100.0,64.28571428571428,100.0,100.0,100.0,100.0,temporal2,0
0.0146437718807605,0.019770817507032,0.2608616352,4.319548606872559e-05,3.56350004,0.0079034887320752,3.0110481900000003,0.0934607011097062,0.0088855530074605,0.0061531096503093,0.0176779408162763,0.0616479814,0.0637828362528947,0.0035760248145092,0.0510526048418421,0.0168390747351882,0.0115959644287173,0.1151797206497368,0.0879841979990789,3.010413736,0.331469416575,0.32750007505,0.0615394805494736,3.69599995,0.0145936806933333,0.24646160002,0.0179514320225,0.1844285669378571,0.17646065351875,3.9016250318,0.2859480381,0.0021894872180723,0.023527896402,0.0422415227545454,100.0,100.0,100.0,100.0,0.0,100.0,0.0,100.0,100.0,100.0,100.0,100.0,100.0,100.0,100.0,100.0,100.0,100.0,100.0,0.0,100.0,100.0,100.0,0.0,0.0,100.0,100.0,100.0,100.0,12.5,100.0,100.0,100.0,100.0,temporal2,0
0.0168677202169999,0.0241787644929483,1.5738924541785713,4.284381866455078e-05,1.654428615307143,0.0080616007133814,1.665869096485714,0.1110982314848775,0.0083063268271496,0.0051481098975859,0.01740905712537,0.0607296716028409,0.066932345618746,0.0045247818034501,0.0593385598944514,0.0153061833107058,0.0155091550581984,0.1162455731948902,0.0799267720295899,3.0064417675,0.2689146767904762,0.2590454599568181,0.0685956156530407,3.559333301666667,0.0156366825066666,0.1681612187847727,0.0164221127789408,0.191774191438608,0.1008561524281818,2.1012727103204543,0.2435073681714286,0.0063103878311769,0.0234609842272727,0.0370397832595555,100.0,100.0,100.0,100.0,100.0,100.0,100.0,100.0,100.0,100.0,100.0,100.0,100.0,100.0,100.0,100.0,100.0,100.0,100.0,0.0,100.0,100.0,100.0,0.0,0.0,100.0,100.0,100.0,100.0,72.72727272727272,100.0,100.0,100.0,100.0,temporal2,0
0.0154810721022196,0.0179530785333583,1.7884405823750005,5.376338958740234e-05,1.881499944,0.0079000199950427,1.8976131041,0.0950546000142874,0.00789910058075,0.0057623900258146,0.01800324767375,0.0772712664090909,0.0683565810211458,0.0039630777687647,0.0452187433758333,0.0120711100178968,0.0170220480090847,0.1160863761797916,0.0661625514320833,3.003167306666666,0.353806755709091,0.3556364015727272,0.0555833329664583,3.553999976666667,0.01493942737,0.2636392116009091,0.0146381308592708,0.1887455458499057,0.1824342553918181,2.376090934836364,0.255824387025,0.0026943169379403,0.0198951042592307,0.0364460263883333,100.0,100.0,100.0,100.0,100.0,100.0,100.0,100.0,100.0,100.0,100.0,100.0,100.0,100.0,100.0,100.0,100.0,100.0,100.0,0.0,100.0,100.0,100.0,0.0,0.0,100.0,100.0,100.0,100.0,72.72727272727272,100.0,100.0,100.0,100.0,temporal2,0
0.0149541982999421,0.0229936609329559,2.03440604,4.3320655822753904e-05,2.6342856485714288,0.0082260088614433,2.4813504157142856,0.0926760521478396,0.0087024441234177,0.005982909220137,0.0174003613111075,0.0784345626733333,0.0630691760599367,0.005024017513554,0.0411392420083544,0.0131099082722414,0.0120475973375904,0.1002429285979746,0.0593797194709493,3.00829639,0.3960214773266666,0.3936000028733333,0.0515189864892405,4.027000087999999,0.01698249578,0.2956112066466667,0.0169957710177215,0.1713124581761494,0.1750050703326666,3.31168748040625,0.24631571764,0.0046325820975908,0.0229849645039285,0.038885138246,100.0,100.0,100.0,100.0,71.42857142857143,100.0,71.42857142857143,100.0,100.0,100.0,100.0,100.0,100.0,100.0,100.0,100.0,100.0,100.0,100.0,0.0,100.0,100.0,100.0,0.0,0.0,100.0,100.0,100.0,100.0,56.25,100.0,100.0,100.0,100.0,temporal2,0
0.0156037177687276,0.023607480993981,2.126085434783333,4.217028617858887e-05,2.244076889069231,0.008099249038339,2.233610328208333,0.1015841183995717,0.0085590672857333,0.0051953060559308,0.017174312042892,0.0709107387309756,0.0647489471912698,0.0046782797607651,0.0428571367942222,0.0107175903676011,0.0119131471666494,0.131010316627365,0.0603208564469523,2.861806836470588,0.2643344227414634,0.2609512107658536,0.0530031881425477,3.296411761764705,0.01466295122375,0.1735793264441463,0.0158569562169745,0.1999306890721552,0.0967280108558536,2.628571445185714,0.2361694503647059,0.0064394254417091,0.020472957535,0.0361051539702479,100.0,100.0,100.0,100.0,100.0,100.0,100.0,100.0,100.0,100.0,100.0,100.0,100.0,100.0,100.0,100.0,100.0,100.0,100.0,23.529411764705884,100.0,100.0,100.0,23.529411764705884,0.0,100.0,100.0,100.0,100.0,69.04761904761905,100.0,100.0,100.0,100.0,temporal2,0
0.0157102248275308,0.0215263882163778,0.2608616352,4.322528839111328e-05,3.550599952,0.0084397207728957,3.006640906,0.1028340800880298,0.0090091824517962,0.006258475681615,0.0176822388569537,0.1133418083014285,0.0630136110061111,0.0043735519427051,0.0440277832458333,0.0153353662088838,0.0123834455141428,0.1546127288110185,0.0601061935689814,3.00630187,0.4446748324285714,0.4374286106285714,0.0544999926098148,3.53600001,0.016596555705,0.3271890026714285,0.0178024879163888,0.2188280522468333,0.2109840597157142,3.8567142096142857,0.06625008583,0.0030598136081312,0.023631906505,0.0393911875143589,100.0,100.0,100.0,100.0,0.0,100.0,0.0,100.0,100.0,100.0,100.0,100.0,100.0,100.0,100.0,100.0,100.0,100.0,100.0,0.0,100.0,100.0,100.0,0.0,0.0,100.0,100.0,100.0,100.0,14.285714285714292,100.0,100.0,100.0,100.0,temporal2,0
0.0145749414557465,0.0256486018906175,1.9151189624214289,4.144906997680664e-05,2.514277786238889,0.0085215454007772,2.274385023183333,0.0868367467362917,0.0085418864366845,0.0055042048165344,0.0174497133889865,0.0666656300764864,0.0660582101660126,0.0045311727686473,0.0539588611212658,0.0168787842202401,0.0100581223747812,0.1045093347569936,0.0766936495444653,3.006087576666667,0.2680029510925,0.2650270203837838,0.0634240470223101,3.578749970833333,0.012076497075,0.1724657947508108,0.0174319564133962,0.1773371258942407,0.0991421325583783,2.943026326089474,0.2683161326285714,0.0072862683096737,0.0214015428815384,0.0390937616472527,100.0,100.0,100.0,100.0,77.77777777777777,100.0,77.77777777777777,100.0,100.0,100.0,100.0,100.0,100.0,100.0,100.0,100.0,100.0,100.0,100.0,0.0,100.0,100.0,100.0,0.0,0.0,100.0,100.0,100.0,100.0,57.89473684210526,100.0,100.0,100.0,100.0,temporal2,0
0.0150754188335724,0.0232731025982961,0.2608616352,4.387497901916504e-05,3.245500011630001,0.0091107423124458,2.74846765557,0.0956396111639692,0.0104622735903081,0.0059258849110802,0.017173789577893,0.066612152817619,0.0665772680844025,0.0052425604753452,0.0453584883876729,0.0150176140305862,0.0160977758180413,0.1107767347793081,0.0631273212586792,3.013658677777778,0.2963152953095238,0.2903809546857143,0.0545597451206918,3.5917777722222226,0.01668801307,0.2014853159185714,0.0162516195028301,0.1857329926798285,0.1283260186266666,3.747047590252381,0.25013101095,0.006434504473601,0.0238199724811764,0.0394551753944117,100.0,100.0,100.0,100.0,10.0,100.0,10.0,100.0,100.0,100.0,100.0,100.0,100.0,100.0,100.0,100.0,100.0,100.0,100.0,0.0,100.0,100.0,100.0,0.0,0.0,100.0,100.0,100.0,100.0,14.285714285714292,100.0,100.0,100.0,100.0,temporal2,0
0.0150586084004407,0.0220428805566037,2.5315642300000003,4.186630249023437e-05,3.379909076363637,0.0074236826452727,2.909545220909091,0.0995166988414223,0.0075645653396199,0.0057841476950462,0.0171733268059799,0.0699318430604545,0.0672494586201333,0.0046862709181121,0.0413200028661999,0.0121338837645638,0.0157111511399784,0.1039166323132666,0.0605552911665999,3.0154008225,0.3055650645636363,0.3023181611454545,0.0508200025463333,3.5602500375000004,0.0149320363949999,0.2176802699654545,0.0166144895512666,0.1785528185459036,0.1444254354645454,2.997500003559091,0.2813582419666666,0.0047676688731134,0.0236520682021428,0.0379648164414814,100.0,100.0,100.0,100.0,18.181818181818187,100.0,18.181818181818187,100.0,100.0,100.0,100.0,100.0,100.0,100.0,100.0,100.0,100.0,100.0,100.0,0.0,100.0,100.0,100.0,0.0,0.0,100.0,100.0,100.0,100.0,40.90909090909091,100.0,100.0,100.0,100.0,temporal2,0
0.016808765079548,0.0194078519399447,0.7998549921,4.401206970214844e-05,0.8979999402500001,0.0084296430849142,0.902227044,0.1047313130492128,0.010000599055921,0.0061862884640781,0.0185111541453026,0.139672994595,0.0668078472638157,0.0043336506236851,0.056828950570921,0.0126237210086426,0.0134809017156923,0.1271657943423684,0.0753334992751948,3.011816375,0.693302213325,1.4025555700333332,0.0666578819742105,3.552500005,0.0129514932599999,0.4243025180999999,0.0184224938043421,0.2055627930314286,0.268146634065,3.0509999805000003,0.2655052542,0.0020924831952198,0.0239486694311111,0.040937697884,100.0,100.0,100.0,100.0,100.0,100.0,100.0,100.0,100.0,100.0,100.0,100.0,100.0,100.0,100.0,100.0,100.0,100.0,100.0,0.0,100.0,100.0,100.0,0.0,0.0,100.0,100.0,100.0,100.0,77.77777777777777,100.0,100.0,100.0,100.0,temporal2,0
0.0152419334355702,0.020880151963532,0.2940274873666667,4.4465065002441406e-05,0.4353334108333334,0.0109667488021891,0.4472117423333333,0.0967688749237109,0.0096410745509878,0.0059995397810874,0.0182112687928536,0.088036982212,0.0627986221671951,0.0052902426629649,0.0497073196668292,0.0147093126590554,0.0125660058584864,0.1163039614291463,0.0759957185446341,3.006621091111111,0.47208294828,0.8683749879875,0.0596585477129268,3.633777721111111,0.01998591423,0.2897319310253333,0.0175174474670731,0.1910144725987778,0.1961313563073333,3.2845333511400003,0.2201147874,0.0032072762638345,0.0230860493368181,0.0379484076202631,100.0,100.0,100.0,100.0,100.0,100.0,100.0,99.53379953379954,100.0,100.0,100.0,100.0,100.0,100.0,100.0,100.0,100.0,100.0,100.0,0.0,100.0,100.0,100.0,0.0,0.0,100.0,100.0,100.0,100.0,40.0,100.0,100.0,100.0,100.0,temporal2,0
0.0160271042994822,0.0189769288042816,2.166029846666667,4.363059997558594e-05,4.163999908333333,0.0084437098751736,2.70767867,0.1020940476098897,0.011150091506886,0.0058647083038929,0.0185795584773037,0.0919259547988999,0.0681477286996202,0.0051786620329639,0.0508987360294936,0.0127802881909972,0.0201602398370793,0.126036435722405,0.0722797792051898,3.0039561925,0.42328608029,0.41740002627,0.0610759469417721,3.548999878,0.011257052415,0.3148718118199999,0.016713954220886,0.2052028726885057,0.15966274735,3.6510768959538464,0.2633224327666666,0.002269501588053,0.020595777032,0.0378427505447058,100.0,100.0,100.0,100.0,100.0,100.0,100.0,100.0,100.0,100.0,100.0,100.0,100.0,100.0,100.0,100.0,100.0,100.0,100.0,0.0,100.0,100.0,100.0,0.0,0.0,100.0,100.0,100.0,100.0,61.53846153846154,100.0,100.0,100.0,100.0,temporal2,0
0.015324552281318,0.0205655595502739,2.97554087,4.349946975708008e-05,3.695333358333333,0.010222271373647,3.012422735,0.0962251248350952,0.00877216656884,0.0068127258555378,0.0176777903195733,0.0960248576111111,0.0658759466705333,0.0051717290245607,0.0599466800577333,0.0161335543670993,0.0101589063779166,0.1212568473652,0.0888234815951315,3.0142139533333334,0.3736735714333333,0.3636666668333334,0.0702399825933333,4.556499935,0.01555395126,0.2659280564655555,0.0174266401882666,0.1955128031683132,0.1641044086377777,3.88660003669,0.3102691173,0.0025568405777598,0.0213474290678571,0.0446073743985185,100.0,100.0,100.0,100.0,0.0,100.0,0.0,100.0,100.0,100.0,100.0,100.0,100.0,100.0,100.0,100.0,100.0,100.0,100.0,0.0,100.0,100.0,100.0,0.0,0.0,100.0,100.0,100.0,100.0,20.0,100.0,100.0,100.0,100.0,temporal2,0
0.0151871816325115,0.0224084941744189,2.0513780075,4.348158836364746e-05,3.4104000020000003,0.0094981704418214,2.505368705,0.0973393187873966,0.0099974547806354,0.0060644815542826,0.0171865001283124,0.0785172419036363,0.0664589181427083,0.0052878243073014,0.0495312511861458,0.0129937806205311,0.0154841831723714,0.1131646185911458,0.070476462431875,3.007954295,0.3406693934909091,0.3487272695454546,0.0592291826902083,3.5517500575,0.011257052415,0.2463370452727273,0.0178976431441666,0.1898885717488679,0.1626879301645454,3.115818106836364,0.308444797925,0.004723501204601,0.0209100484803333,0.0427988202894736,100.0,100.0,100.0,100.0,100.0,100.0,100.0,100.0,100.0,100.0,100.0,100.0,100.0,100.0,100.0,100.0,100.0,100.0,100.0,0.0,100.0,100.0,100.0,0.0,0.0,100.0,100.0,100.0,100.0,63.63636363636363,100.0,100.0,100.0,100.0,temporal2,0
0.016437618097102,0.0213142755047929,1.30265068645,4.347562789916992e-05,1.4359999873,0.0077129205057142,1.44358277015,0.1005062760911703,0.010452878582899,0.005886984367226,0.0190903659221651,0.11448243258875,0.0642210977798165,0.0051579870229171,0.0499816465722935,0.015842427498146,0.014453045861968,0.1264341380368807,0.0720113192645794,3.0166552766666666,0.429508268775,0.4265000223375,0.0598440454531192,3.6016666833333333,0.01392495632,0.324821054875,0.0179182814619626,0.1968022771705785,0.2085658907562499,2.5180000049125,0.2599278688,0.0040179307632954,0.0237727815431818,0.0400365761291836,100.0,100.0,100.0,100.0,100.0,100.0,100.0,100.0,100.0,100.0,100.0,100.0,100.0,100.0,100.0,100.0,100.0,100.0,100.0,0.0,100.0,100.0,100.0,0.0,0.0,100.0,100.0,100.0,100.0,62.5,100.0,100.0,100.0,100.0,temporal2,0
0.0166334010224595,0.0191132863336218,2.96762394,4.341006278991699e-05,3.717499845,0.0066096081447058,3.010361425,0.1032629657092646,0.0093912748171999,0.0063980409006228,0.0190818603172461,0.11806714531875,0.0700915226453846,0.0051040316131505,0.0670307672827692,0.0160207691041529,0.0129607157247727,0.1313611103649231,0.0934224752098461,3.0049574325,0.3887744843374999,0.37287500495,0.0774923177730769,3.5412499850000003,0.01564157009,0.2461433410175,0.0186034569336923,0.2159637311695833,0.11039903757625,3.4498749949125003,0.3015863895,0.0029547924682126,0.0222070117766666,0.0417856953304545,100.0,100.0,100.0,100.0,0.0,100.0,0.0,100.0,100.0,100.0,100.0,100.0,100.0,100.0,100.0,100.0,100.0,100.0,100.0,0.0,100.0,100.0,100.0,0.0,0.0,100.0,100.0,100.0,100.0,25.0,100.0,100.0,100.0,100.0,temporal2,0
0.0158355133767042,0.0202534146898937,1.6142900754499998,4.432797431945801e-05,2.326428544157143,0.0086447626845677,1.902820857328572,0.1017775351653935,0.0085917636737187,0.0060805322499153,0.0203912729964583,0.0764212437959285,0.0664481669560416,0.0038252332625367,0.0467499866978124,0.0156889984351133,0.0137492736152833,0.1140393440712499,0.0646304885444791,3.014614755,0.3390066623214286,0.3324285404571428,0.0566979174698958,3.5915000375,0.01391601562,0.2323319741357143,0.0169032982369387,0.1862182684291509,0.1483121599078571,2.905785744742857,0.2315476337499999,0.0026829336192436,0.0229367679996296,0.0379531264252499,100.0,100.0,100.0,100.0,85.71428571428571,100.0,85.71428571428571,100.0,100.0,100.0,100.0,100.0,100.0,100.0,100.0,100.0,100.0,100.0,100.0,0.0,100.0,100.0,100.0,0.0,0.0,100.0,100.0,100.0,100.0,64.28571428571428,100.0,100.0,100.0,100.0,temporal2,0
0.0193901965792592,0.0207551168179111,0.2608616352,4.259347915649414e-05,3.596999995,0.007322810943238,3.038385385,0.1045436174717013,0.0097632548365294,0.0069211971598788,0.0171249123137451,0.10950511691625,0.0628987971393137,0.0044400006117191,0.0564901992263725,0.0172580841333107,0.0184885899195777,0.1256567590152941,0.0766729616984999,3.026368293333333,0.41542299585,0.4132499396125,0.0672156810627451,3.5709999175,0.014005541795,0.31277340645,0.0159198482398019,0.193312431818407,0.1912401318175,3.848571364257143,0.06625008583,0.0037251901613844,0.022810536265,0.04172236322825,100.0,100.0,100.0,100.0,0.0,100.0,0.0,100.0,100.0,100.0,100.0,100.0,100.0,100.0,100.0,100.0,100.0,100.0,100.0,0.0,100.0,100.0,100.0,0.0,0.0,100.0,100.0,100.0,100.0,14.285714285714292,100.0,100.0,100.0,100.0,temporal2,0
0.014410424229745,0.0217335176752175,1.26068720668,4.308223724365234e-05,2.0982856375285714,0.00813816070472,1.9514287850714285,0.101213732272704,0.0099719469995263,0.0058836910422095,0.0182444798278333,0.081409788116,0.0694710120725438,0.0042639281369457,0.0532368442368421,0.0155921099953874,0.0167923229049523,0.1250531526714912,0.0747251426825438,3.012344628571429,0.2908476352266667,0.2887999534,0.0635087803705263,3.556999984285714,0.0156420469225,0.2002046584719999,0.0175346060872973,0.2014952944566141,0.1140800157953333,3.298933343633333,0.27627778048,0.0040697271998166,0.0247995231430434,0.0403583685511111,100.0,100.0,100.0,100.0,71.42857142857143,100.0,71.42857142857143,99.82174688057042,100.0,100.0,100.0,100.0,100.0,100.0,100.0,100.0,100.0,100.0,100.0,0.0,100.0,100.0,100.0,0.0,0.0,100.0,100.0,100.0,100.0,40.0,100.0,100.0,100.0,100.0,temporal2,0
0.0165562349177871,0.0205245059082194,0.7815183368,4.434585571289063e-05,2.0863333522,0.009735640056734,1.9062597709666669,0.100285143994506,0.0104159712776184,0.0066945684659674,0.0195915981306842,0.113431185465,0.0680906050986842,0.0043644596022407,0.0504341941044736,0.0159610678168267,0.0121867733586774,0.1148791940324999,0.0712710493393421,3.011047978,0.4233102201875,0.4190000593125,0.060618431930921,3.565833326666666,0.011257052415,0.30272027845,0.0182822942688157,0.1907172543257143,0.18515962358625,3.842125025,0.37631285185,0.0032537380844896,0.0238921188142857,0.0402541160537142,100.0,100.0,100.0,100.0,66.66666666666666,100.0,66.66666666666666,98.07228915662652,100.0,100.0,100.0,100.0,100.0,100.0,100.0,100.0,100.0,100.0,100.0,0.0,100.0,100.0,100.0,0.0,0.0,100.0,100.0,100.0,100.0,25.0,100.0,100.0,100.0,100.0,temporal2,0
0.01951970286,0.0231556021938807,1.96953351765,4.355112711588541e-05,2.1002857313428573,0.0066096081447058,2.0748739189666665,0.1056790899723258,0.0093774137811264,0.0065734788149982,0.0210306315545287,0.0798604488253846,0.0677128468341379,0.005483338502317,0.0480574684486206,0.0153960847588226,0.0139322467848235,0.1158507335943678,0.0660190719170115,3.0062130266666665,0.3492551583,0.3505384554692308,0.0580115098947126,3.557666616666667,0.01689696311,0.2388361049992307,0.0183835139171264,0.1932122980185416,0.15467275104,2.543642858814285,0.262338678,0.0061122377702178,0.0244095636426086,0.0456292960302777,100.0,100.0,100.0,100.0,100.0,100.0,100.0,100.0,100.0,100.0,100.0,100.0,100.0,100.0,100.0,100.0,100.0,100.0,100.0,0.0,100.0,100.0,100.0,0.0,0.0,100.0,100.0,100.0,100.0,78.57142857142857,100.0,100.0,100.0,100.0,temporal2,0
0.0172989915596721,0.0185052606268506,0.2608616352,4.2879581451416014e-05,4.944666616666667,0.00991888045885,3.00980663,0.1156481050610873,0.0113876238447656,0.006324660167904,0.0179122202046093,0.130439519865,0.0664096809817187,0.0058091256919782,0.056390613304375,0.0174535279480507,0.0121610959337666,0.1550984568603125,0.0773169658932812,3.003074765,0.4720419634666666,0.48383339165,0.0665781348817187,3.5646665866666667,0.01397252082,0.36671797375,0.0167681014857575,0.2297201458432394,0.1406673192699999,3.57666666945,0.06625008583,0.0039513618380489,0.0228901306766666,0.0415355908189473,100.0,100.0,100.0,100.0,0.0,100.0,0.0,100.0,100.0,100.0,100.0,100.0,100.0,100.0,100.0,100.0,100.0,100.0,100.0,0.0,100.0,100.0,100.0,0.0,0.0,100.0,100.0,100.0,100.0,33.33333333333333,100.0,100.0,100.0,100.0,temporal2,0
0.014452642281589,0.0187837155899375,1.9540002703833328,5.428791046142578e-05,2.0860000021666667,0.009149335321875,2.098401662166667,0.0988206943066099,0.0095515613298101,0.0057716773955906,0.0189459685986329,0.1106029987199999,0.0692530342191139,0.00422935657609,0.0471772302473417,0.0155418914477031,0.012295653419375,0.110907307136962,0.0645108222845569,3.00299191,0.41261587138,0.40939996238,0.0577848198916455,3.53350007,0.01559996604,0.30454814429,0.0165646589211392,0.1866867733650574,0.1870287656449999,2.80280000781,0.2427458762666666,0.0029715585702195,0.0210676101511538,0.0402857727419444,100.0,100.0,100.0,100.0,100.0,100.0,100.0,99.52038369304556,100.0,100.0,100.0,100.0,100.0,100.0,100.0,100.0,100.0,100.0,100.0,0.0,100.0,100.0,100.0,0.0,0.0,100.0,100.0,100.0,100.0,80.0,100.0,100.0,100.0,100.0,temporal2,0
0.0152880212858843,0.0170746392516641,2.32829213,4.423260688781738e-05,2.45799994,0.0083721213866666,2.47077107,0.0960087879987092,0.0097823260243606,0.0062624613433196,0.0156045116320163,0.219928503,0.0671663166906557,0.0036605181313932,0.0507540859085245,0.0138151192150414,0.0124140898353999,0.1226270472121311,0.0705589661734426,2.861806836470588,0.6553664207,0.6610000133,0.0612786793237705,3.5610001,0.01534605026,0.4804265499,0.0167231794211475,0.1910630920004411,0.2269241809,3.56099987,0.3019542694,0.0018201432322216,0.0212751967542857,0.037895788745,100.0,100.0,100.0,100.0,100.0,100.0,100.0,100.0,100.0,100.0,100.0,100.0,100.0,100.0,100.0,100.0,100.0,100.0,100.0,0.0,100.0,100.0,100.0,0.0,0.0,100.0,100.0,100.0,100.0,100.0,100.0,100.0,100.0,100.0,temporal2,0
0.0148629329166318,0.021864383184958,1.7173663164571429,4.249811172485352e-05,1.8169999432142856,0.0095134354536442,1.829479725642857,0.0989918884574318,0.0096156867032169,0.0058195320592357,0.0188842516980943,0.0692833132149999,0.064190538415,0.00498021761502,0.0594245330241509,0.0148193432474068,0.0168836514126923,0.1090830856701886,0.0819657995884905,3.0028965016666667,0.2979756063277777,0.2909444305222222,0.0699811386495283,4.130428614285714,0.0154119729949999,0.2062524026761111,0.0186160285472641,0.1871035037536752,0.1352180507227777,2.67272219105,0.2637578418714285,0.0025927786723171,0.0222955005489285,0.0411304077966037,100.0,100.0,100.0,100.0,100.0,100.0,100.0,100.0,100.0,100.0,100.0,100.0,100.0,100.0,100.0,100.0,100.0,100.0,100.0,0.0,100.0,100.0,100.0,0.0,0.0,100.0,100.0,100.0,100.0,66.66666666666666,100.0,100.0,100.0,100.0,temporal2,0
0.0169493960378456,0.0192949232039319,1.3072354772,4.298090934753418e-05,1.6249998798499998,0.0096590152128205,1.62637578995,0.0982243003905457,0.0093736540172424,0.0069526293564044,0.017903902309303,0.1017943620558333,0.0658435929792424,0.0052138161145106,0.046166643945303,0.0143776936002147,0.0241570621670416,0.11378994131,0.0648537393728358,3.00758676,0.5582732749583333,1.3394285944500002,0.0564696969313636,3.925333335,0.011257052415,0.3374569806583334,0.0165892116904545,0.1902625658357534,0.2154301603341667,3.0403333605416667,0.2416760921,0.0021105269162442,0.0267458438845,0.0405213137416666,100.0,100.0,100.0,100.0,100.0,100.0,100.0,100.0,100.0,100.0,100.0,100.0,100.0,100.0,100.0,100.0,100.0,100.0,100.0,0.0,100.0,100.0,100.0,0.0,0.0,100.0,100.0,100.0,100.0,58.333333333333336,100.0,100.0,100.0,100.0,temporal2,0
0.0160809124596511,0.0191191619811086,0.2608616352,4.278421401977539e-05,4.388200038,0.0066096081447058,3.01102584,0.1092261662774619,0.0118406896704383,0.0061218558260655,0.0184529448158493,0.0920616785508333,0.0670155760243835,0.0042665948952673,0.0484657777363013,0.0184005320569912,0.0200852626948372,0.142099746259452,0.0655897307955405,3.00361736,0.3180574972916667,0.315166711775,0.0588904047538356,3.5536665866666666,0.01474404335,0.2282333373808333,0.0173252224876315,0.216851490697375,0.1304782032808333,2.9108333549083336,0.06625008583,0.0038673927378954,0.0212575495216666,0.0450088652654545,100.0,100.0,100.0,100.0,0.0,100.0,0.0,100.0,100.0,100.0,100.0,100.0,100.0,100.0,100.0,100.0,100.0,100.0,100.0,0.0,100.0,100.0,100.0,0.0,0.0,100.0,100.0,100.0,100.0,41.66666666666666,100.0,100.0,100.0,100.0,temporal2,0
0.0169213925302279,0.0194752485825347,1.036826687,4.6086311340332034e-05,1.1866665657666666,0.0068359984895116,1.1909517431333332,0.106810876791952,0.0099898370097466,0.0065797554216852,0.01742682774444,0.1404983400975,0.0653438059405333,0.0054698012691308,0.0627199999337733,0.0158611840640134,0.0130951303085957,0.1175408585593333,0.0866803199812,2.861806836470588,0.468248307675,0.459750115825,0.0727466613874666,3.5610001,0.0158940156233333,0.334634006,0.0163700993812,0.2052663865595181,0.191352546185,1.71240009962,0.2700987656333333,0.0023308676107984,0.021726552643,0.0405005467518421,100.0,100.0,100.0,100.0,100.0,100.0,100.0,99.50372208436724,100.0,100.0,100.0,100.0,100.0,100.0,100.0,100.0,100.0,100.0,100.0,0.0,100.0,100.0,100.0,0.0,0.0,100.0,100.0,100.0,100.0,100.0,100.0,100.0,100.0,100.0,temporal2,0
0.016295491700615,0.0200652950653905,1.302987035675,4.358291625976563e-05,1.4122499783000002,0.0079333847204181,1.4274581039749998,0.097922606998352,0.0088596838002072,0.0057572279346209,0.0166603316015405,0.0926642417846666,0.0689844827272972,0.0055146502238742,0.0420810768127027,0.01520181657667,0.0110894161086176,0.1105881445882883,0.0605333023138738,3.004300256,0.33922422722,0.33260002132,0.0523964005467567,3.93359999,0.0161347985225,0.23980277374,0.0157754846936607,0.1881949125853658,0.1376797516906666,2.362000016473333,0.2294896244249999,0.0028974965754191,0.0204696763622727,0.0388726515602564,100.0,100.0,100.0,100.0,100.0,100.0,100.0,100.0,100.0,100.0,100.0,100.0,100.0,100.0,100.0,100.0,100.0,100.0,100.0,0.0,100.0,100.0,100.0,0.0,0.0,100.0,100.0,100.0,100.0,66.66666666666666,100.0,100.0,100.0,100.0,temporal2,0
0.0169193247924479,0.0191506661024253,2.30384206,4.382133483886719e-05,2.53400015,0.0079888262826509,2.54905748,0.0994929860452534,0.0088421723913975,0.006262469221021,0.017458809423759,0.1917151450739999,0.06778174135,0.0050817497628487,0.0487108489043734,0.0128801820682949,0.0151878637892321,0.1238258890104819,0.0643816195245783,3.00554013,0.97524814526,1.52880000898,0.0587108565992771,3.53900003,0.01493724187,0.4647382258999999,0.0163499648269879,0.1961530524357609,0.263296937904,3.12459997988,0.2398595809,0.0023346969049895,0.0223942637419999,0.0393452420778124,100.0,100.0,100.0,100.0,100.0,100.0,100.0,100.0,100.0,100.0,100.0,100.0,100.0,100.0,100.0,100.0,100.0,100.0,100.0,0.0,100.0,100.0,100.0,0.0,0.0,100.0,100.0,100.0,100.0,80.0,100.0,100.0,100.0,100.0,temporal2,0
0.0158560079594279,0.0204947082406532,1.3132625801833335,5.022883415222168e-05,1.4163333559166666,0.0096553151836822,1.4290915294166668,0.1018794777255665,0.0101352358844895,0.0059963439364119,0.0171837235452083,0.070965830472,0.06810161966875,0.0052539618565808,0.0581666504230208,0.0172383037902748,0.0201091941630147,0.1214703668875,0.0820383702582291,3.0303130125,0.4685729817733333,0.46993331842,0.0691041772436458,4.0775001025,0.0205146074249999,0.2736007210839999,0.0171798591767708,0.200761567830283,0.1953442255393333,2.4640667381066668,0.2609877585833333,0.0066366338718857,0.022198593614,0.0376306867563999,100.0,100.0,100.0,100.0,100.0,100.0,100.0,99.59100204498978,100.0,100.0,100.0,100.0,100.0,100.0,100.0,100.0,100.0,100.0,100.0,0.0,100.0,100.0,100.0,0.0,0.0,100.0,100.0,100.0,100.0,73.33333333333333,100.0,100.0,100.0,100.0,temporal2,0
0.0154496081915948,0.0207599393102798,1.3165193753,4.4792890548706055e-05,4.032833353766667,0.0082932151847812,2.6959764442400003,0.0958431569190408,0.0088259132149126,0.0058553319691406,0.0181298788272815,0.0730881541926875,0.0640128029102912,0.0066472733760349,0.0448349748938834,0.0153394671426695,0.0211167277326097,0.103129002638932,0.0578645386652427,3.02408941,0.3270525782875,0.318374976475,0.0545339723157281,3.574333343333333,0.014076113695,0.22177617248125,0.0169006435576699,0.1819556666232743,0.140921339370625,3.71837499386875,0.26661074155,0.0026993703835162,0.02268299886,0.0387039184525,100.0,100.0,100.0,100.0,16.66666666666667,100.0,20.0,100.0,100.0,100.0,100.0,100.0,100.0,100.0,100.0,100.0,100.0,100.0,100.0,0.0,100.0,100.0,100.0,0.0,0.0,100.0,100.0,100.0,100.0,31.25,100.0,100.0,100.0,100.0,temporal2,0
0.0166714821399772,0.0217403130528973,0.3673615455,4.538893699645996e-05,0.5139999389,0.0113914992096249,0.5223493576,0.1005575027686932,0.0099973502896,0.0062477639949305,0.0187771395596947,0.0744018187792307,0.067169952382421,0.0053113654799037,0.0470421188677894,0.0146699177423147,0.0195266087819,0.1136331507816841,0.0587379405297894,3.008441206666667,0.3190233523461538,0.3123846237,0.0567578917965263,4.138571457142858,0.0158650279,0.2186848199776922,0.0169525724427272,0.1900085516955238,0.1406881808869231,2.2459230771,0.2255532741,0.0054904292602212,0.0228272318819999,0.0400381448083018,100.0,100.0,100.0,100.0,100.0,100.0,100.0,100.0,100.0,100.0,100.0,100.0,100.0,100.0,100.0,100.0,100.0,100.0,100.0,0.0,100.0,100.0,100.0,0.0,0.0,100.0,100.0,100.0,100.0,61.53846153846154,100.0,100.0,100.0,100.0,temporal2,0
0.016044609927287,0.0192457543921956,1.15699458,4.380345344543457e-05,2.95400011,0.0114134252052499,2.60724568,0.0946961527460626,0.0103331537374776,0.0065825419727336,0.0185129108671194,0.12270045279,0.0629614787176119,0.0037730593424736,0.0552985205483582,0.0131909772978786,0.0308122855602407,0.1006705440464179,0.0732764368333333,3.0168198275,0.4703628484111111,0.4637499738,0.0652835796007462,3.6340001175,0.01665210723,0.341722100925,0.0167006154811111,0.170867346382027,0.2051658331874999,3.103888878033333,0.302886486,0.0020025720192266,0.0216213176965517,0.0407182943214285,100.0,100.0,100.0,100.0,50.0,100.0,50.0,100.0,100.0,100.0,100.0,100.0,100.0,100.0,100.0,100.0,100.0,100.0,100.0,0.0,100.0,100.0,100.0,0.0,0.0,100.0,100.0,100.0,100.0,44.44444444444444,100.0,100.0,100.0,100.0,temporal2,0
0.015207516060606,0.0194321892442354,1.9781186545,4.176497459411621e-05,2.2399999654833334,0.0076618836463846,2.13456420434,0.1031887669148368,0.0099656684043857,0.0063748579570143,0.0185938187956142,0.08366757630375,0.0631486756335714,0.0043580969979387,0.0474000045159,0.0136316584195385,0.0169038061470701,0.1147079705975714,0.0645363569124285,3.009403663333333,0.3081252574375,0.2999375462125,0.0576285770861428,4.198666683333333,0.01980098088,0.2147806435349999,0.0178033419978571,0.1886423996066233,0.125541090935625,2.6081764945176467,0.26018958088,0.0028371658725848,0.0216814279507692,0.0457910941130769,100.0,100.0,100.0,100.0,100.0,100.0,100.0,100.0,100.0,100.0,100.0,100.0,100.0,100.0,100.0,100.0,100.0,100.0,100.0,0.0,100.0,100.0,100.0,0.0,0.0,100.0,100.0,100.0,100.0,70.58823529411765,100.0,100.0,100.0,100.0,temporal2,0
0.0150396969828571,0.0225265639536311,1.48504528538,4.311203956604004e-05,1.60740003408,0.0084308660931538,1.61085128412,0.1026025729716818,0.0078713266461278,0.0057543606803424,0.0180979384476992,0.0693961779230555,0.0659172319729323,0.0043878328226825,0.0448872092902255,0.0145933421017061,0.0156482846212558,0.1181485240412781,0.0634291990931297,3.008756315,0.3303708328352941,0.3328333695277778,0.0549774474574436,4.161285734285714,0.018845438955,0.2322312063349999,0.0175728051670992,0.191122215512585,0.1542616155066666,2.4284444367333338,0.2495693683199999,0.003909562762159,0.0222846212809523,0.0412057967851063,100.0,100.0,100.0,100.0,100.0,100.0,100.0,100.0,100.0,100.0,100.0,100.0,100.0,100.0,100.0,100.0,100.0,100.0,100.0,0.0,100.0,100.0,100.0,0.0,0.0,100.0,100.0,100.0,100.0,66.66666666666666,100.0,100.0,100.0,100.0,temporal2,0
0.015680348715909,0.0242725932158236,2.52886629,4.405975341796875e-05,2.65699982,0.0085545293101337,2.67120766,0.0934686742946711,0.0089193531429714,0.0059861120692074,0.0165856684912571,0.100905203809,0.0662924970799285,0.0043794419243823,0.0431857109018571,0.0130676107744111,0.0134488921775876,0.1034507070082143,0.0612183996508571,3.014428451666667,0.41536872383,0.4121999740199999,0.0535714251582857,3.5558333333333336,0.0144023299175,0.30333881373,0.0184337505354347,0.1743355133233333,0.198683285666,3.16389998998,0.3454227447,0.0034795183871687,0.0220443531840625,0.0408955370887037,100.0,100.0,100.0,100.0,100.0,100.0,100.0,100.0,100.0,100.0,100.0,100.0,100.0,100.0,100.0,100.0,100.0,100.0,100.0,0.0,100.0,100.0,100.0,0.0,0.0,100.0,100.0,100.0,100.0,40.0,100.0,100.0,100.0,100.0,temporal2,0
0.0153270276493096,0.0203160145478335,1.89562639904,4.280805587768555e-05,3.083142880842857,0.0091985702492166,2.1797052183666668,0.1006542019583844,0.0110553188121603,0.0063098655402324,0.0177095431158679,0.06678517162125,0.0686751064164151,0.0052509450905266,0.0576792482972924,0.0157835787895031,0.013949717558315,0.1202867075924528,0.0797380546198113,3.0034847680000003,0.29415060575,0.29181250924375,0.0680282790579245,4.2169999633333335,0.0176731745333333,0.20577408369,0.0149268136795283,0.1962648619560683,0.13470782337125,2.8631250091062497,0.2564718246,0.0044448749678934,0.022229897974,0.0396841019347916,100.0,100.0,100.0,100.0,71.42857142857143,100.0,83.33333333333333,100.0,100.0,100.0,100.0,100.0,100.0,100.0,100.0,100.0,100.0,100.0,100.0,0.0,100.0,100.0,100.0,0.0,0.0,100.0,100.0,100.0,100.0,62.5,100.0,100.0,100.0,100.0,temporal2,0
0.0150764731655566,0.0237727001650359,1.7877854969,3.837943077087402e-05,1.955444463977778,0.0076493476986896,1.8982996903,0.0993139932640903,0.0094735522214033,0.0050140753308202,0.0180098669831764,0.0716259864011612,0.0667378574485833,0.0053853140148294,0.0397374957731666,0.0134615585109092,0.0129521218183909,0.1255312750504583,0.0605993232326209,3.0140263186666667,0.3483662763733333,0.3482580876612903,0.0498125006654166,3.562799961,0.0170524120266666,0.2480276630274193,0.0175380254053164,0.1974808287428679,0.1565570523293548,3.1399142619914286,0.259167492325,0.0099404958559314,0.0215666670510526,0.037622910732375,100.0,100.0,100.0,100.0,100.0,100.0,100.0,99.81549815498155,100.0,100.0,100.0,100.0,100.0,100.0,100.0,100.0,100.0,100.0,100.0,0.0,100.0,100.0,100.0,0.0,0.0,100.0,100.0,100.0,100.0,45.71428571428572,100.0,100.0,100.0,100.0,temporal2,0
0.0196823737170784,0.0220199776897983,1.14014196,4.710555076599121e-05,1.944,0.0086900980567391,1.94875288,0.1150772034537589,0.0087288137054561,0.0061067625409862,0.0177763658613333,0.062752151484,0.0685004079429824,0.0041910394828037,0.0534473699332456,0.0139101831684352,0.0160137045921547,0.1622919825791228,0.0703404451571929,3.00870251,0.3745515346,0.3644999503499999,0.0632543940151754,3.5639998866666667,0.0147233804,0.273369002318,0.0173538442201754,0.23452685536096,0.204462099033,1.99220003885,0.3482739925,0.0033860298291037,0.0214316348208333,0.0402465221676595,100.0,100.0,100.0,100.0,100.0,100.0,100.0,100.0,100.0,100.0,100.0,100.0,100.0,100.0,100.0,100.0,100.0,100.0,100.0,0.0,100.0,100.0,100.0,0.0,0.0,100.0,100.0,100.0,100.0,70.0,100.0,100.0,100.0,100.0,temporal2,0
0.0165383136797571,0.0202959304205501,2.3615885533333336,5.132555961608887e-05,2.4860000566666667,0.008375377829266,2.4990665066666664,0.1037937641883618,0.0088659017382376,0.0059773698628329,0.0187382934074455,0.081024378528125,0.064391589390891,0.0051016967560939,0.0483663459743564,0.0144832195861609,0.0127585051941234,0.1366539071973267,0.0659284567947524,3.017244775714286,0.3348438262333333,0.3371249585937499,0.058079212010396,3.603571408571428,0.0145587126366666,0.24090029293125,0.0171537832739393,0.2051054270529203,0.155160531365,2.873999958193333,0.2877001166,0.0034726133523161,0.0216781111297058,0.038549004527317,100.0,100.0,100.0,100.0,100.0,100.0,100.0,100.0,100.0,100.0,100.0,100.0,100.0,100.0,100.0,100.0,100.0,100.0,100.0,0.0,100.0,100.0,100.0,0.0,0.0,100.0,100.0,100.0,100.0,53.333333333333336,100.0,100.0,100.0,100.0,temporal2,0
0.0158184790226882,0.0244767704911594,1.4910083255,4.201531410217285e-05,1.6204000455999998,0.0095192167480888,1.6234709711400002,0.0992876866678959,0.008917710996303,0.0056631766627836,0.0175646940829646,0.070747653635,0.065811850795606,0.0049382211460106,0.0480252456089898,0.0146321037881575,0.0143616199463785,0.1120024810942929,0.0635406062040098,3.01338198125,0.3309826055708333,0.3284166554125,0.0575050476704545,4.005333333333334,0.0175067186325,0.23507834470375,0.0173940997458823,0.1846582921812785,0.1588223774925,2.3260833394375,0.24921221728,0.006061088652535,0.0238016207973333,0.0409658903033734,100.0,100.0,100.0,100.0,100.0,100.0,100.0,100.0,100.0,100.0,100.0,100.0,100.0,100.0,100.0,100.0,100.0,100.0,100.0,0.0,100.0,100.0,100.0,0.0,0.0,100.0,100.0,100.0,100.0,66.66666666666666,100.0,100.0,100.0,100.0,temporal2,0
0.0176204832161196,0.0230925983273714,1.6492102919,4.460811614990234e-05,1.7723333005999995,0.0082083501305789,1.7829452316333334,0.0962277085458748,0.0105961657842342,0.0060066707822237,0.0202448518369639,0.0641013453841176,0.06576421057183,0.0050576678063179,0.048928115874183,0.0166615357976057,0.0117986938507058,0.1160007302056209,0.0686796934051923,3.0075287475000003,0.3163474400333333,0.3172940926941176,0.0586470669278431,3.56087496375,0.01488399505,0.2308883245764705,0.0163712272236538,0.1883154959004142,0.1612545742329411,2.555888888255556,0.2522468566333333,0.0066508115336409,0.022980070111,0.0412021800820312,100.0,100.0,100.0,100.0,100.0,100.0,100.0,100.0,100.0,100.0,100.0,100.0,100.0,100.0,100.0,100.0,100.0,100.0,100.0,0.0,100.0,100.0,100.0,0.0,0.0,100.0,100.0,100.0,100.0,55.55555555555556,100.0,100.0,100.0,100.0,temporal2,0
0.0155058460780054,0.0193901883427642,0.2608616352,4.320740699768066e-05,4.778400019999999,0.0075624499982857,3.0059787,0.0982877388250648,0.0091247679297215,0.0060287738536812,0.017895798134481,0.0900807163799091,0.065717449662405,0.0060509862114144,0.0518607610286075,0.0138295744631655,0.0147538760586034,0.1156975558874683,0.0710863463367088,3.00338133,0.3415035767545454,0.3371818065090908,0.0623164538973417,3.533333293333333,0.018094420425,0.2333100925372727,0.0165946936256962,0.1933922136929884,0.1353009613854545,3.352818181927273,0.06625008583,0.0032142996780364,0.0219536034934782,0.0413167391442857,100.0,100.0,100.0,100.0,0.0,100.0,0.0,100.0,100.0,100.0,100.0,100.0,100.0,100.0,100.0,100.0,100.0,100.0,100.0,0.0,100.0,100.0,100.0,0.0,0.0,100.0,100.0,100.0,100.0,36.36363636363637,100.0,100.0,100.0,100.0,temporal2,0
0.018587080283848,0.0216137531160632,1.6193404959666668,6.0278177261352536e-05,1.937250012425,0.0084146347589565,1.7505394614333334,0.1034788798818821,0.0100456489590898,0.0062856788018268,0.0167394889836067,0.080353832238,0.0702727698105618,0.006200164794176,0.0557977456625842,0.016852476647788,0.0124629906216825,0.11347302156,0.0889817784152809,3.0038910475,0.37010657782,0.36369996065,0.0654943766092134,4.305000106,0.02182269096,0.27762911314,0.0178103768379775,0.1949866620470408,0.1876852988879999,2.885545445618182,0.2324876785,0.0052218580238993,0.0222075581525,0.0470114174944117,100.0,100.0,100.0,100.0,100.0,100.0,100.0,100.0,100.0,100.0,100.0,100.0,100.0,100.0,100.0,100.0,100.0,100.0,100.0,0.0,100.0,100.0,100.0,0.0,0.0,100.0,100.0,100.0,100.0,63.63636363636363,100.0,100.0,100.0,100.0,temporal2,0
0.0157658874706008,0.02039471804373,1.616107698033333,4.383137351588199e-05,1.7569998868,0.0079710987509349,1.7703159631666665,0.0969986263794108,0.0095308174192718,0.0058578317219727,0.0168246968235145,0.1041424804133333,0.0666811026298058,0.0041270028969455,0.0477281612010679,0.0153752958176819,0.0108631571649041,0.09521492475,0.0712256884451,3.00343084,0.4319915175125,0.4382222483555555,0.0576310759517475,3.5610001,0.0168296496,0.3257876501522222,0.0168805287572277,0.1678710987342982,0.2162895202177777,1.7732221808666668,0.2324380874333333,0.0041307935519554,0.0232376787366666,0.0407825147358823,100.0,100.0,100.0,100.0,100.0,100.0,100.0,100.0,100.0,100.0,100.0,100.0,100.0,100.0,100.0,100.0,100.0,100.0,100.0,0.0,100.0,100.0,100.0,0.0,0.0,100.0,100.0,100.0,100.0,88.88888888888889,100.0,100.0,100.0,100.0,temporal2,0
0.0155035823852227,0.0208940748090586,2.288045592,4.2939186096191405e-05,2.39440002,0.0086226463293488,2.407620808,0.0954728451064351,0.0081673833442159,0.0060072716133639,0.0199310508601818,0.0806118079461428,0.0653471052542045,0.0062286164601796,0.045988630159659,0.0173242832722999,0.01203715801,0.1025065752426136,0.066580157375909,3.004998678333333,0.3351121799928571,0.3351428167714286,0.0559090755081818,3.5538334000000003,0.011970877645,0.2332653828571428,0.0180287821686363,0.1787793271039796,0.1467303037357143,3.0905714002357145,0.26258516308,0.002544274329084,0.0201187644639285,0.0429933865817777,100.0,100.0,100.0,100.0,100.0,100.0,100.0,99.78021978021978,100.0,100.0,100.0,100.0,100.0,100.0,100.0,100.0,100.0,100.0,100.0,0.0,100.0,100.0,100.0,0.0,0.0,100.0,100.0,100.0,100.0,57.142857142857146,100.0,100.0,100.0,100.0,temporal2,0
0.0158406541105446,0.0231123500366,0.2608616352,4.52578067779541e-05,3.585000035,0.0082702401422171,3.00229382,0.0993482704112672,0.009580007450192,0.0056027496362228,0.0165930189006556,0.086073191946,0.0642527491745033,0.004765082513893,0.0428675515708609,0.0149086202816416,0.0115065375935357,0.1013365833786755,0.0633016220606666,3.0042746,0.63925530066,1.02543745865,0.0523973553299999,3.5150001,0.01576042175,0.3851221871093333,0.0174162707828859,0.1737916711897006,0.2842769937733333,1.7771999342,0.06625008583,0.0040441061306079,0.024435672756,0.041305252840851,100.0,100.0,100.0,100.0,0.0,100.0,0.0,100.0,100.0,100.0,100.0,100.0,100.0,100.0,100.0,100.0,100.0,100.0,100.0,0.0,100.0,100.0,100.0,0.0,0.0,100.0,100.0,100.0,100.0,80.0,100.0,100.0,100.0,100.0,temporal2,0
0.0157726743066666,0.0227734552636629,0.2608616352,4.364252090454102e-05,2.44099998,0.0141640765047709,0.4397904872,0.0940570066976457,0.0109643192451192,0.0064312351458611,0.0168386796155871,0.0575027806304285,0.0680771967548623,0.0050616015009019,0.0568623914522018,0.014472481799103,0.0161647641786623,0.1095786925686238,0.0801086127575,3.009224328333333,0.3437965256285714,0.3397142886571428,0.0670275316201834,4.130285701428571,0.01487398147,0.2496617861728571,0.0169450674376415,0.1850796579944166,0.1779247692385714,4.067571398571429,0.06625008583,0.0043980701285976,0.0222886204695833,0.0396965531694117,100.0,100.0,100.0,100.0,100.0,100.0,100.0,99.8158379373849,100.0,100.0,100.0,100.0,100.0,100.0,100.0,100.0,100.0,100.0,100.0,0.0,100.0,100.0,100.0,0.0,0.0,100.0,100.0,100.0,100.0,14.285714285714292,100.0,100.0,100.0,100.0,temporal2,0
0.016165165169429,0.0218854853794407,0.2608616352,4.4286251068115234e-05,4.372500016666667,0.0087917447077884,3.010936542,0.1019545505768161,0.0083125701607107,0.0061438693832112,0.0186061070927272,0.0866126219259999,0.0668316852824793,0.0047061333070173,0.0422975287887603,0.0139583849704055,0.0173865983481358,0.1437401495347934,0.0609537451614876,3.028967566,0.3674640655066666,0.3619999885066667,0.0533636404357851,4.310000046666667,0.0137449502883333,0.26764488214,0.0160442600521487,0.2125487932139552,0.1681630611026666,3.435200003793333,0.06625008583,0.0060117678197297,0.0224937959122727,0.039418849073409,100.0,100.0,100.0,100.0,0.0,100.0,0.0,100.0,100.0,100.0,100.0,100.0,100.0,100.0,100.0,100.0,100.0,100.0,100.0,0.0,100.0,100.0,100.0,0.0,0.0,100.0,100.0,100.0,100.0,33.33333333333333,100.0,100.0,100.0,100.0,temporal2,0
0.0159936509353468,0.0183702252103197,1.3005046020666666,4.408359527587891e-05,2.7497142347857144,0.0085245534464901,2.440753864228572,0.1010413789637449,0.0103286150324054,0.0059598149643302,0.0201256081815945,0.0824639797146153,0.069010289931081,0.0044166771861509,0.0600675537677026,0.0156366288065511,0.024727164084054,0.1123462593068918,0.0885641370348571,3.00385951,0.3344810558769232,0.3292307486461538,0.0707973080586486,3.59299993,0.01816153526,0.2427740830184615,0.016627144809,0.1952203221085365,0.1545747793261538,2.4486923182461533,0.2739369868666666,0.003558238347066,0.0210291809477777,0.0420742034863636,100.0,100.0,100.0,100.0,42.85714285714285,100.0,42.85714285714285,100.0,100.0,100.0,100.0,100.0,100.0,100.0,100.0,100.0,100.0,100.0,100.0,0.0,100.0,100.0,100.0,0.0,0.0,100.0,100.0,100.0,100.0,61.53846153846154,100.0,100.0,100.0,100.0,temporal2,0
0.015173194204013,0.0197661292354775,2.342185413333333,4.194974899291992e-05,2.445666706666666,0.0074232925057454,2.4455711800000004,0.0985412815711396,0.008291328653196,0.0061933348505696,0.0187765850697745,0.0766929279563636,0.0655790964665686,0.0042328948837397,0.0473529591195098,0.0159170160925601,0.0197613510180681,0.1348935575760784,0.0646335424053921,3.0037015050000004,0.3617192831363636,0.3585454116727273,0.0576666663583333,3.558249945,0.0177239179549999,0.2635538577590908,0.0153198592761764,0.2045742684020354,0.1847604187690909,2.6624545794181818,0.2692752678333333,0.0026343803769507,0.0225725620959375,0.0387086205972222,100.0,100.0,100.0,100.0,100.0,100.0,100.0,99.61013645224172,100.0,100.0,100.0,100.0,100.0,100.0,100.0,100.0,100.0,100.0,100.0,0.0,100.0,100.0,100.0,0.0,0.0,100.0,100.0,100.0,100.0,63.63636363636363,100.0,100.0,100.0,100.0,temporal2,0
0.0151008072095043,0.0231256740395704,1.6010943020375,4.2957067489624026e-05,1.710624928525,0.0079722019918951,1.720734117075,0.1007132284538988,0.0099504100271146,0.0060665814926393,0.0172378333468662,0.0714687975881818,0.0651977107663694,0.005034623641457,0.0520382155166878,0.017034001022947,0.0162332757863119,0.1307098440010828,0.0766519648533117,3.0087898133333333,0.3070676001136363,0.3001363168636363,0.0625222837726751,3.559499895,0.01454055309,0.2147938337686363,0.0165101671791025,0.2014517218717919,0.141105337545,2.213478260408696,0.2385689615875,0.004227706362664,0.0228718072125,0.0395029674831818,100.0,100.0,100.0,100.0,100.0,100.0,100.0,99.7289972899729,100.0,100.0,100.0,100.0,100.0,100.0,100.0,100.0,100.0,100.0,100.0,0.0,100.0,100.0,100.0,0.0,0.0,100.0,100.0,100.0,100.0,73.91304347826087,100.0,100.0,100.0,100.0,temporal2,0
0.0153500547878041,0.0211584363996902,1.5116806008428572,4.315972328186035e-05,1.6068571945,0.0077460273609892,1.6144642468714288,0.1032291631314187,0.0092253368207202,0.0055207312350381,0.0172383118300279,0.0636007505264705,0.0654517437068531,0.0043854431557044,0.0422307744652447,0.0174005007610834,0.0175957699420578,0.1477992617111189,0.0579761331908904,3.0067065200000003,0.3421165015499999,0.3345293998235294,0.0529580366260139,3.557600016,0.015566468235,0.2469817329411765,0.0161802395631972,0.2164513294392405,0.180959378937647,2.4088235568764707,0.2549098900142857,0.003617252621051,0.0230614785766666,0.0361365596396666,100.0,100.0,100.0,100.0,100.0,100.0,100.0,100.0,100.0,100.0,100.0,100.0,100.0,100.0,100.0,100.0,100.0,100.0,100.0,0.0,100.0,100.0,100.0,0.0,0.0,100.0,100.0,100.0,100.0,70.58823529411765,100.0,100.0,100.0,100.0,temporal2,0
0.0168533518845378,0.0195769367023778,0.6405251802999999,4.456043243408203e-05,2.3061666072166664,0.00934951782124,2.0336217048333336,0.0991848977898002,0.0092172282070259,0.0056405081993201,0.0182286702141818,0.075449784585,0.0672400276268831,0.0047616652387247,0.0520519621868831,0.0153139159275913,0.0233173715855942,0.1205835342158441,0.0753127909197402,3.007934325,0.3279050389416666,0.32333332295,0.0617532482266233,3.573499915,0.01133012771,0.2365267077683333,0.0183232418854545,0.1946478675029412,0.15546546376,2.444416678475,0.2702781359,0.0038769149770976,0.0208878040285,0.0414006088047826,100.0,100.0,100.0,100.0,50.0,100.0,50.0,99.75550122249388,100.0,100.0,100.0,100.0,100.0,100.0,100.0,100.0,100.0,100.0,100.0,0.0,100.0,100.0,100.0,0.0,0.0,100.0,100.0,100.0,100.0,58.333333333333336,100.0,100.0,100.0,100.0,temporal2,0
0.0154282344275354,0.0185571230655935,0.2608616352,4.322528839111328e-05,5.6630001,0.0081322616989777,3.00336027,0.0959119731517344,0.0111764606664736,0.0058848176671039,0.0171594243260526,0.13671759195,0.0641485327068421,0.0049238536084907,0.0501052737157894,0.014091957314847,0.0209768289703604,0.1298690375239473,0.066500751588421,3.0088489,0.4751630850714286,0.4667143139999999,0.0606710314652631,3.544666603333333,0.01425536473,0.3694437230714285,0.0159118332319736,0.2017422800585714,0.2257490498128571,3.165000062571429,0.06625008583,0.0020721554748079,0.0217552847311111,0.0400360707248387,100.0,100.0,100.0,100.0,0.0,100.0,0.0,100.0,100.0,100.0,100.0,100.0,100.0,100.0,100.0,100.0,100.0,100.0,100.0,0.0,100.0,100.0,100.0,0.0,0.0,100.0,100.0,100.0,100.0,42.85714285714285,100.0,100.0,100.0,100.0,temporal2,0
0.0167104250414332,0.018101251690115,0.2608616352,4.370808601379394e-05,2.44099998,0.0088447311437017,0.4397904872,0.1006698928729244,0.0103208505173846,0.0061107400919419,0.0175780773120153,0.08749657868,0.0642582526484615,0.0037181326132043,0.0550461548943076,0.0145901918393603,0.0124442577328214,0.1405523189887692,0.0780356810526154,3.01590907,0.3765366673125,0.3791249989999999,0.0656000027147692,3.5597499575,0.01532006263,0.28146997089625,0.0172961675161538,0.2077791822872222,0.19226452703625,2.4769999950000003,0.06625008583,0.0022477763031957,0.0204929470995,0.0392919182717857,100.0,100.0,100.0,100.0,100.0,100.0,100.0,100.0,100.0,100.0,100.0,100.0,100.0,100.0,100.0,100.0,100.0,100.0,100.0,0.0,100.0,100.0,100.0,0.0,0.0,100.0,100.0,100.0,100.0,50.0,100.0,100.0,100.0,100.0,temporal2,0
0.0156030372484466,0.0253533742368156,1.8420018789571428,4.177689552307129e-05,2.23500000865,0.0085707936951387,2.163050020125,0.1025853002542486,0.0086973458513291,0.0055716964783047,0.01793288290115,0.0642760431014705,0.065882403639875,0.0053077066638147,0.0538083354180124,0.0146522426855891,0.0123891975794695,0.1229977905369583,0.0779502322065975,3.011820056875,0.2972551163,0.2938235156147059,0.0639666695909583,3.8168823252941184,0.0154168605759999,0.205961031027647,0.0169562502030672,0.1977919235607924,0.1335646755247058,2.899941167479412,0.2809550080428571,0.0054100476760379,0.021440494058,0.0406428150691954,100.0,100.0,100.0,100.0,87.5,100.0,87.5,99.81515711645102,100.0,100.0,100.0,100.0,100.0,100.0,100.0,100.0,100.0,100.0,100.0,0.0,100.0,100.0,100.0,0.0,0.0,100.0,100.0,100.0,100.0,50.0,100.0,100.0,100.0,100.0,temporal2,0
0.0161640769112458,0.0183308414180156,2.28328633,4.338622093200684e-05,4.36000001,0.008552507558,2.84412479,0.0954680435948281,0.0088867023570781,0.006532942044679,0.0187808349679531,0.1193751493944444,0.0670045651410937,0.0044273941406086,0.0521249994540625,0.0142662399892329,0.0112673555081428,0.1080262660807812,0.0707695736898484,3.020169413333333,0.37612152094,0.3712221781,0.0624062567815625,3.803666743333333,0.0174870491,0.2701966762111111,0.0169607169555223,0.1835142155388732,0.1455941464966667,3.0427999951,0.2539479732,0.0030347235653347,0.0224741895966666,0.03889355659,100.0,100.0,100.0,100.0,25.0,100.0,33.33333333333333,100.0,100.0,100.0,100.0,100.0,100.0,100.0,100.0,100.0,100.0,100.0,100.0,0.0,100.0,100.0,100.0,0.0,0.0,100.0,100.0,100.0,100.0,50.0,100.0,100.0,100.0,100.0,temporal2,0
0.0151594414641196,0.0228488098707464,2.295485015,5.400180816650391e-05,2.424499865,0.0087984487402312,2.42126345,0.0991098291000204,0.0094343730881666,0.0057613276703521,0.0183862086459924,0.0871669544788235,0.0676037831626515,0.0042174800905265,0.0463030229846969,0.0173223655793266,0.0175526762363495,0.1265510248141666,0.0618892384189393,3.010720805,0.4881663177941177,0.485000021217647,0.0562727198368181,3.6687143142857135,0.0148197015066666,0.3079940570317646,0.017741721683409,0.1983121420849315,0.2110304271017646,2.389823517988236,0.2693569659333333,0.0038540651049266,0.0213602781272222,0.0415495880674137,100.0,100.0,100.0,100.0,100.0,100.0,100.0,100.0,100.0,100.0,100.0,100.0,100.0,100.0,100.0,100.0,100.0,100.0,100.0,0.0,100.0,100.0,100.0,0.0,0.0,100.0,100.0,100.0,100.0,64.70588235294117,100.0,100.0,100.0,100.0,temporal2,0
0.0168338699444444,0.0186675124664763,0.9770355220666668,4.514058430989584e-05,1.1183333373,0.0083965496577727,1.130757249666667,0.1021152811723264,0.0098978598903,0.0064752001349099,0.0206169406520499,0.097416102874375,0.0662556648141666,0.0042500170789659,0.0458833257286666,0.0106129365518764,0.0319740230341969,0.1250083128393333,0.0623281240336666,3.0044887025,0.4103276133125,0.4173749684875,0.0559833168933333,3.55075001,0.04194688796,0.29307219382625,0.0181864062898333,0.1968644839201492,0.19089990850375,2.8354443925,0.2632118860333333,0.0023863112665011,0.0205067892841666,0.0388233741083333,100.0,100.0,100.0,100.0,100.0,100.0,100.0,99.41176470588236,100.0,100.0,100.0,100.0,100.0,100.0,100.0,100.0,100.0,100.0,100.0,0.0,100.0,100.0,100.0,0.0,0.0,100.0,100.0,100.0,100.0,55.55555555555556,100.0,100.0,100.0,100.0,temporal2,0
0.0164518033958275,0.0205241690786032,2.26864588,4.4679641723632814e-05,2.467000005,0.0139614045603571,2.47728204,0.0963737904752046,0.0087340106343936,0.0061113914252186,0.0171573035216595,0.1360255717979999,0.0651135064105319,0.0088174912448059,0.0453297736734042,0.0170723240129408,0.0178964985704999,0.0992714217174468,0.0706150988189361,3.00447809,0.46193904872,0.4638000487599999,0.0548085151767021,4.818333379999999,0.0148976643833333,0.3626502513399999,0.0168055371992553,0.1767560953886538,0.224907302834,3.6591999484,0.23344230645,0.0044703070925651,0.0238182544669444,0.0380965567878378,100.0,100.0,100.0,100.0,100.0,100.0,100.0,100.0,100.0,100.0,100.0,100.0,100.0,100.0,100.0,100.0,100.0,100.0,100.0,0.0,100.0,100.0,100.0,0.0,0.0,100.0,100.0,100.0,100.0,60.0,100.0,100.0,100.0,100.0,temporal2,0
0.014918325583631,0.0226110791638917,2.284739828571429,4.526376724243164e-05,2.3682499775,0.0076095634026111,2.382579627142857,0.0982720646711773,0.0078105391588525,0.0057048231472946,0.0164847450337115,0.0633503969917647,0.0656263981023718,0.0050435900676318,0.0392756462036538,0.0126655108701062,0.0115489933198666,0.1321140558034615,0.0544895071157692,3.012432094,0.2943603431,0.2911764452941177,0.049602549801923,4.243499991666666,0.01879469553,0.2100567396535294,0.0160862879832692,0.2013376354737791,0.1422231197058823,2.818444420177778,0.2463258334,0.0037422899913526,0.0203657547593333,0.0391047283706779,100.0,100.0,100.0,100.0,100.0,100.0,100.0,100.0,100.0,100.0,100.0,100.0,100.0,100.0,100.0,100.0,100.0,100.0,100.0,0.0,100.0,100.0,100.0,0.0,0.0,100.0,100.0,100.0,100.0,72.22222222222223,100.0,100.0,100.0,100.0,temporal2,0
0.0169055068423432,0.0195072728825536,1.900688803333333,4.457235336303711e-05,2.5562500325,0.0087856804871111,2.421615715,0.1025589410505269,0.0107176415593124,0.0069966557259199,0.0183315724094687,0.077364206301,0.070409614580625,0.0040004823512934,0.043703109018125,0.0141980404131446,0.0138370410784594,0.1355931870375,0.0641591139060937,3.0111522625,0.3391055344999999,0.33809998031,0.0534687377426562,4.389200014,0.011257052415,0.2448078631989999,0.0187301225914062,0.2094793620512676,0.163667774158,3.4033999409100004,0.2947815258666666,0.0023649086545625,0.0336974978415,0.044012088036923,100.0,100.0,100.0,100.0,75.0,100.0,75.0,100.0,100.0,100.0,100.0,100.0,100.0,100.0,100.0,100.0,100.0,100.0,100.0,0.0,100.0,100.0,100.0,0.0,0.0,100.0,100.0,100.0,100.0,50.0,100.0,100.0,100.0,100.0,temporal2,0
0.0159223574617251,0.0196627449757764,2.321363805,4.447102546691895e-05,2.454499955,0.006922940949054,2.46665811,0.098661850894602,0.0095944597903783,0.0060790628408856,0.0173253755273243,0.13238515851,0.0736486073998648,0.0056618639059313,0.0385946067544594,0.0124369895493619,0.0114146850295909,0.1139307859552702,0.0552833144671621,3.0079042066666664,0.3909352619833333,0.39220004076,0.0488648543424324,4.584749915,0.011257052415,0.281284856772,0.0175369528938961,0.2012305170979012,0.1471918582619999,3.75249993295,0.230900526,0.0018899339302608,0.02396682898,0.0367958043705263,100.0,100.0,100.0,100.0,100.0,100.0,100.0,100.0,100.0,100.0,100.0,100.0,100.0,100.0,100.0,100.0,100.0,100.0,100.0,0.0,100.0,100.0,100.0,0.0,0.0,100.0,100.0,100.0,100.0,50.0,100.0,100.0,100.0,100.0,temporal2,0
0.015632742438124,0.0236080132962528,1.77594983105,4.377365112304688e-05,1.8797498909,0.0085992232824656,1.8878464086,0.0984078725808115,0.0082027158415741,0.0057792402284386,0.0169937333709483,0.1010400397307142,0.0666632175330322,0.0037094632234383,0.0460129076367741,0.014679645892157,0.0176912045105217,0.1196446680053548,0.0654189386580645,3.0049089725,0.4553036518857142,0.4521428346071428,0.0559870935165806,4.08899998,0.02045416831,0.3515416383214285,0.0178690602655483,0.18908307841269,0.2061661140857143,2.5193571499928566,0.2195599078499999,0.0046567448535406,0.0239461193826086,0.0390761054878688,100.0,100.0,100.0,100.0,100.0,100.0,100.0,100.0,100.0,100.0,100.0,100.0,100.0,100.0,100.0,100.0,100.0,100.0,100.0,0.0,100.0,100.0,100.0,0.0,0.0,100.0,100.0,100.0,100.0,71.42857142857143,100.0,100.0,100.0,100.0,temporal2,0
0.0161641939562328,0.0211992176100146,1.8514685069,4.473328590393066e-05,2.020272728690909,0.0082669448146594,2.00433384912,0.0975520332134282,0.0091623142349375,0.0055934104148963,0.0174294883968333,0.064614379394,0.0683633138634375,0.0053919133009411,0.0548333302035416,0.0129900719311793,0.0186737935525773,0.1020457669908333,0.0778267997920618,3.0090116633333337,0.2967642306849999,0.2937500118799999,0.0643645698707291,3.925818179090909,0.0157347321475,0.20110695358,0.0182517667570833,0.1813942058646226,0.1292077421905,3.305652241191304,0.2582245402444444,0.002186906337064,0.0225008400977272,0.0405331156930232,100.0,100.0,100.0,100.0,100.0,100.0,100.0,100.0,100.0,100.0,100.0,100.0,100.0,100.0,100.0,100.0,100.0,100.0,100.0,0.0,100.0,100.0,100.0,0.0,0.0,100.0,100.0,100.0,100.0,56.52173913043478,100.0,100.0,100.0,100.0,temporal2,0
0.0149678319079248,0.0201956087859842,1.2947162372499998,4.451274871826172e-05,1.4450000495,0.0082323897958181,1.4481247645000002,0.0980297344792779,0.0084484730434071,0.0056563704092887,0.0176286118333928,0.07517513361,0.0663745130705714,0.004292141198485,0.0409714187817142,0.0141083127768078,0.0149406406339345,0.1216211131391428,0.0604320133333088,3.01399966,0.3314904030857143,0.3265454768636364,0.0509214213841428,3.5559999600000003,0.012377023695,0.2323752315986363,0.0153465165766911,0.1933718727115483,0.1535768725322727,1.9991303919173915,0.26072812075,0.0039091110218727,0.0224547386145,0.0359489999925862,100.0,100.0,100.0,100.0,100.0,100.0,100.0,100.0,100.0,100.0,100.0,100.0,100.0,100.0,100.0,100.0,100.0,100.0,100.0,0.0,100.0,100.0,100.0,0.0,0.0,100.0,100.0,100.0,100.0,65.21739130434783,100.0,100.0,100.0,100.0,temporal2,0
0.0168033519233098,0.0215454585535387,1.531023022875,4.361271858215332e-05,2.5449999931666665,0.0087257525951147,2.3664940153333336,0.1001522009963424,0.0087643823306989,0.0066999756616472,0.0201436652890322,0.0783233642472222,0.0666623807638709,0.0051969559514087,0.0496989116785053,0.0136116318974294,0.0119422546423928,0.1184235106025806,0.0746727092155914,3.012382505,0.3883241546888888,0.3855555586777777,0.0594946440734408,3.54199993,0.015423417085,0.26534716282,0.0176029974370967,0.18983366852375,0.1805149183988889,3.263444446788889,0.28966307635,0.0027085145303665,0.022463639573,0.0438074429762222,100.0,100.0,100.0,100.0,66.66666666666666,100.0,66.66666666666666,100.0,100.0,100.0,100.0,100.0,100.0,100.0,100.0,100.0,100.0,100.0,100.0,0.0,100.0,100.0,100.0,0.0,0.0,100.0,100.0,100.0,100.0,55.55555555555556,100.0,100.0,100.0,100.0,temporal2,0
0.0149503195503837,0.0222181790079223,1.22182703,4.4679641723632814e-05,4.198333312222222,0.0066096081447058,2.979298518571429,0.0966983000765152,0.0079739483021224,0.0059005790147291,0.0175354699664591,0.0609724322916666,0.0667769470870408,0.0052426967058695,0.0475000045638775,0.0117158064352372,0.0203157884067962,0.1170467478656122,0.0668769216429999,3.01746785,0.3290905157166666,0.3272500037833333,0.0578469208192857,3.55200016,0.01804089546,0.2297394871333333,0.0177600018786734,0.1917146200321296,0.1657022237458333,3.745999990669231,0.3382451534,0.0038925027838242,0.0235879054392307,0.0411461035366666,100.0,100.0,100.0,100.0,33.33333333333333,100.0,14.285714285714292,100.0,100.0,100.0,100.0,100.0,100.0,100.0,100.0,100.0,100.0,100.0,100.0,0.0,100.0,100.0,100.0,0.0,0.0,100.0,100.0,100.0,100.0,38.46153846153846,100.0,100.0,100.0,100.0,temporal2,0
0.0154978852306901,0.0235422951077212,1.4935705637,4.33504581451416e-05,1.58260001636,0.0086401968948449,1.59335865836,0.1012037931141923,0.0094344938102972,0.0064205677791651,0.0187481963916283,0.0653082446005263,0.0659713712787838,0.0051867793181462,0.0618783622041216,0.0163630321708954,0.019247499601802,0.1182080281462837,0.0818568790129729,3.015321583,0.3181803225947368,0.3136315847263158,0.0716959463452027,3.920181790909091,0.016307294365,0.2237195466278947,0.0158623231385135,0.1924145424875,0.1558258282189474,3.099473661068421,0.25193705554,0.003429232981071,0.0231282711006666,0.0382461901007407,100.0,100.0,100.0,100.0,100.0,100.0,100.0,100.0,100.0,100.0,100.0,100.0,100.0,100.0,100.0,100.0,100.0,100.0,100.0,0.0,100.0,100.0,100.0,0.0,0.0,100.0,100.0,100.0,100.0,47.36842105263158,100.0,100.0,100.0,100.0,temporal2,0
0.0192268212966742,0.021429000976147,2.29533521,4.230737686157226e-05,2.38366667,0.0084447279931923,2.39165242,0.1043034941866097,0.0083577067568041,0.0059704135714115,0.0180495006482164,0.06650486859,0.0666274065706185,0.006131085164927,0.0387010377653608,0.0157297711342401,0.0191307108939655,0.1461695026869072,0.0560590163885567,3.0097078833333337,0.3424673730272727,0.3411818417272727,0.048432984295567,4.121000041428572,0.01877278089,0.2522167292,0.0166836251864948,0.2184757227814953,0.182926264640909,3.5063636482636364,0.2820866902,0.0044039698196545,0.0220737655933333,0.0402287786611363,100.0,100.0,100.0,100.0,100.0,100.0,100.0,100.0,100.0,100.0,100.0,100.0,100.0,100.0,100.0,100.0,100.0,100.0,100.0,0.0,100.0,100.0,100.0,0.0,0.0,100.0,100.0,100.0,100.0,45.45454545454545,100.0,100.0,100.0,100.0,temporal2,0
0.0175629536466514,0.0251309053917221,0.9849024199166668,4.3886899948120114e-05,1.0791666084333331,0.0084749688478571,1.0897042320666668,0.1055346660277618,0.0093832755895862,0.0059554468842738,0.0179600703852857,0.0659575336768421,0.0668545027557142,0.0047662913587628,0.0549162526330049,0.0145891732270415,0.0134396868567352,0.1291473780692118,0.080133568462463,3.012447592,0.3586173057166666,0.3547368049210526,0.0647389289657142,3.623799986,0.0145262990625714,0.2613563662673684,0.0179470376173762,0.2017610941296,0.1928522837431578,2.008473631405263,0.2913580621428572,0.0048864001303542,0.0238653207379487,0.0415094738201408,100.0,100.0,100.0,100.0,100.0,100.0,100.0,100.0,100.0,100.0,100.0,100.0,100.0,100.0,100.0,100.0,100.0,100.0,100.0,0.0,100.0,100.0,100.0,0.0,0.0,100.0,100.0,100.0,100.0,73.6842105263158,100.0,100.0,100.0,100.0,temporal2,0
0.0177466041808495,0.0199016515999484,2.280996555,4.297494888305664e-05,2.404999965,0.007749071826358,2.4079921200000003,0.1081144365482099,0.0083910650661333,0.0065805704827643,0.0170987182155444,0.1067835262757142,0.0619923803421111,0.0050765551045615,0.0540777815625555,0.0141509884425115,0.0186091774953214,0.14371565445,0.0758525722761052,3.014366145,0.4003931113142857,0.3981428145857143,0.0640555514102222,3.570499895,0.01535701751,0.2956702027628571,0.0163381444038888,0.2101434111257999,0.1865548065328572,2.4765714549142857,0.2458361386999999,0.0039577913272641,0.0225968085761538,0.0412213748106818,100.0,100.0,100.0,100.0,100.0,100.0,100.0,100.0,100.0,100.0,100.0,100.0,100.0,100.0,100.0,100.0,100.0,100.0,100.0,0.0,100.0,100.0,100.0,0.0,0.0,100.0,100.0,100.0,100.0,71.42857142857143,100.0,100.0,100.0,100.0,temporal2,0
0.0147938955371988,0.0201651838992882,2.30185246,4.38690185546875e-05,2.60400009,0.00843001365488,2.59778261,0.097879923414625,0.0114670625087435,0.0063576844952455,0.017367787846141,0.11107194423,0.0678828526692307,0.0056717374098818,0.0476666597129487,0.0122059938242167,0.0136543837436363,0.1143548641302564,0.0633447013318421,3.004145776666667,0.33162975305,0.3653333186833333,0.0582179625738461,3.5643332733333337,0.0133690834,0.2606629331525,0.0189850689572602,0.192692523741279,0.1475297013541666,2.341750024275,0.2179596424,0.0029145503522536,0.0220319399442307,0.0422147379933333,100.0,100.0,100.0,100.0,100.0,100.0,100.0,99.75490196078432,100.0,100.0,100.0,100.0,100.0,100.0,100.0,100.0,100.0,100.0,100.0,0.0,100.0,100.0,100.0,0.0,0.0,100.0,100.0,100.0,100.0,62.5,100.0,100.0,100.0,100.0,temporal2,0
0.0155787610611776,0.0213041855708097,1.5316317651,4.379749298095703e-05,2.13699993634,0.0076591639678965,2.03481683342,0.0976948754738204,0.0085140877745775,0.0053671201898486,0.0193708436197068,0.0620629489276874,0.0680019074381896,0.004775400568067,0.0624310456345689,0.0148894270935331,0.0188062279281666,0.1067867895437068,0.0875633338255172,3.009218177142857,0.31497408445,0.30743749435625,0.0718103544318965,3.5647143942857147,0.01443099975,0.21574865276875,0.0182795586216379,0.1859893723924219,0.15177112814375,2.9035624828312505,0.276784777575,0.0027725788253185,0.021808660028,0.039119634624,100.0,100.0,100.0,100.0,80.0,100.0,80.0,100.0,100.0,100.0,100.0,100.0,100.0,100.0,100.0,100.0,100.0,100.0,100.0,0.0,100.0,100.0,100.0,0.0,0.0,100.0,100.0,100.0,100.0,50.0,100.0,100.0,100.0,100.0,temporal2,0
0.0161277341814571,0.0198895635829399,2.26995007,4.240274429321289e-05,2.36933334,0.0069854179997666,2.37620544,0.1010596453762475,0.0098704083747333,0.0065237465928178,0.0190733750614666,0.096713137615,0.0669753551378666,0.0038734106252242,0.0544133249813333,0.0144858288346078,0.0124530438997962,0.1294173971589333,0.0773652966658666,3.03364677,0.34121060366,0.33629996772,0.0646666622068,3.5820000120000004,0.01596093177,0.235801505999,0.0189342792673972,0.2005485195303614,0.1358057022,3.2238999811,0.2591935792666667,0.0040764659635388,0.0236917275623076,0.0419281959492,100.0,100.0,100.0,100.0,100.0,100.0,100.0,100.0,100.0,100.0,100.0,100.0,100.0,100.0,100.0,100.0,100.0,100.0,100.0,0.0,100.0,100.0,100.0,0.0,0.0,100.0,100.0,100.0,100.0,50.0,100.0,100.0,100.0,100.0,temporal2,0
0.0162811899040671,0.0233477555896996,1.8674133983,4.4065713882446286e-05,1.9667499913875,0.0090221194692121,1.9762608970875,0.1019915392442124,0.0098824289095,0.0055160309048346,0.0179113811873833,0.0632081857053846,0.0659760179853809,0.0047173670353571,0.0425619011770285,0.0134031776454662,0.0130214165486929,0.1293909356453333,0.0629361332217874,3.013245006,0.3061016247384615,0.3011538890153846,0.0522142887024761,3.5575,0.0151300032883333,0.2106870228984615,0.0169042967794711,0.2011087332293073,0.1421328599307692,2.639192284319231,0.2405364810874999,0.0049856730855241,0.0239857584202083,0.0378471402520588,100.0,100.0,100.0,100.0,100.0,100.0,100.0,99.76525821596243,100.0,100.0,100.0,100.0,100.0,100.0,100.0,100.0,100.0,100.0,100.0,0.0,100.0,100.0,100.0,0.0,0.0,100.0,100.0,100.0,100.0,61.53846153846154,100.0,100.0,100.0,100.0,temporal2,0
0.0153750310576272,0.0256335154189535,1.7246536156714285,4.333257675170898e-05,1.830571442757143,0.0084211668208275,2.07589665745,0.102560876339115,0.0095976551024285,0.0057307096464878,0.0168567264744537,0.0708483405656521,0.0663943761531687,0.0046332181361865,0.0492345756855967,0.0141269499006399,0.0139627960985961,0.1358937078700823,0.067419365347364,3.0098640542857145,0.316891120773913,0.3126521939347826,0.0595514460232921,3.5735715071428573,0.0158417441590909,0.2243924969769565,0.0175506509958995,0.207701809301194,0.1477414732108695,2.314739141473913,0.2390243666,0.0062071213335233,0.023190748688,0.0413779417610752,100.0,100.0,100.0,100.0,100.0,100.0,100.0,100.0,100.0,100.0,100.0,100.0,100.0,100.0,100.0,100.0,100.0,100.0,100.0,0.0,100.0,100.0,100.0,0.0,0.0,100.0,100.0,100.0,100.0,69.56521739130434,100.0,100.0,100.0,100.0,temporal2,0
0.0150831767466089,0.0234859050809663,1.994764767628572,4.32431697845459e-05,2.1031428037,0.0088686407816326,2.1149446239571428,0.0999368992108425,0.0085278082179182,0.0059067701028505,0.0173757586052138,0.0742899656155,0.0665203745147798,0.0047317139228475,0.0527044122240251,0.0121858342011357,0.0142468997989549,0.1244912132267924,0.0732652568081169,3.0077800357142856,0.328875076715,0.32369996305,0.0628050318193081,3.979499933000001,0.0134667555466666,0.23618662353,0.0171188492887096,0.1992407198939428,0.157936108073,2.864285704552381,0.2506707735857142,0.0049900556421193,0.0230008158165517,0.0382642373392187,100.0,100.0,100.0,100.0,100.0,100.0,100.0,100.0,100.0,100.0,100.0,100.0,100.0,100.0,100.0,100.0,100.0,100.0,100.0,0.0,100.0,100.0,100.0,0.0,0.0,100.0,100.0,100.0,100.0,61.90476190476191,100.0,100.0,100.0,100.0,temporal2,0
0.017846634829774,0.0200719252845689,1.28545796605,4.255465972117888e-05,1.34999990125,0.0140209784254262,1.36321389645,0.1087192503162698,0.0222945025065,0.006502532218714,0.0186202494683026,0.1009416844955555,0.0703438834015789,0.0050188921104259,0.059065774855921,0.0182802820668737,0.0177860516733538,0.1261661523048684,0.0820702847523684,3.0099727080000003,0.3365217049333333,0.3386666509333333,0.0697105307181579,3.565833286666667,0.01592993736,0.2455262342688889,0.0179261972986842,0.2076343439482142,0.1385520564033333,2.9968888982555555,0.22907805435,0.0025449196488678,0.0236729498806451,0.0405951286137931,100.0,100.0,100.0,100.0,100.0,100.0,100.0,100.0,100.0,100.0,100.0,100.0,100.0,100.0,100.0,100.0,100.0,100.0,100.0,0.0,100.0,100.0,100.0,0.0,0.0,100.0,100.0,100.0,100.0,44.44444444444444,100.0,100.0,100.0,100.0,temporal2,0
0.0160521305342896,0.0183517341902747,1.9594698693666668,4.339814186096192e-05,2.9444999944,0.0066213077958518,2.3050708139125,0.0987852190845819,0.0099083076810779,0.0062678704498804,0.0187104955854805,0.0955452368715384,0.0681553475176623,0.0045736382852568,0.0518571370498701,0.015051969690364,0.0152013687494264,0.1149403243683116,0.0732994915457142,3.0169682466666665,0.3239702077461538,0.3200769240461538,0.0613896165463636,3.5586667833333334,0.0143189430199999,0.22523630578,0.0163745075035064,0.1903240203461176,0.1264781768230769,2.9072307762384617,0.23375980055,0.0024692465855238,0.0234170456708333,0.0369929190558064,100.0,100.0,100.0,100.0,75.0,100.0,75.0,100.0,100.0,100.0,100.0,100.0,100.0,100.0,100.0,100.0,100.0,100.0,100.0,0.0,100.0,100.0,100.0,0.0,0.0,100.0,100.0,100.0,100.0,69.23076923076923,100.0,100.0,100.0,100.0,temporal2,0
0.0159655812951051,0.0190087932702282,1.32141053285,4.326105117797851e-05,1.4450000493,0.0086359439340215,1.4487845851,0.0947796146629921,0.0097353021849295,0.006443843320668,0.0174337944471267,0.1004983054099999,0.0637723324942253,0.0031620206180776,0.056929591667183,0.0143384111715129,0.0137513819162619,0.1131153643732394,0.0810032931716901,3.0022023875,0.3549121750111111,0.3448888990111111,0.0665070338867605,3.5652499775,0.01718401908,0.2494561142033333,0.0168074923456338,0.1812239839629114,0.1427168580944444,2.608111113077777,0.27977466575,0.0021905948708631,0.0212589318911538,0.0367362598529166,100.0,100.0,100.0,100.0,100.0,100.0,100.0,100.0,100.0,100.0,100.0,100.0,100.0,100.0,100.0,100.0,100.0,100.0,100.0,0.0,100.0,100.0,100.0,0.0,0.0,100.0,100.0,100.0,100.0,55.55555555555556,100.0,100.0,100.0,100.0,temporal2,0
0.0165012650162499,0.020303774760534,0.2698483467,4.476308822631836e-05,3.056333338066666,0.0091761538845614,2.51164717346,0.1015828345100324,0.010479120645897,0.0065099228080569,0.0181434470015588,0.0944719791248,0.0665276611488235,0.0076920265940937,0.0397352996930882,0.0148097067425748,0.0259088435229245,0.1260806286782353,0.0577761881405882,3.00358271,0.36595995421,0.3648999928899999,0.0494852907438235,3.53699994,0.02203989028,0.257730054819,0.0184037720416176,0.2078809229133333,0.158316111528,2.725545424963636,0.1890921592,0.003008690285561,0.0223923356889473,0.04431971311,100.0,100.0,100.0,100.0,16.66666666666667,100.0,20.0,100.0,100.0,100.0,100.0,100.0,100.0,100.0,100.0,100.0,100.0,100.0,100.0,0.0,100.0,100.0,100.0,0.0,0.0,100.0,100.0,100.0,100.0,45.45454545454545,100.0,100.0,100.0,100.0,temporal2,0
0.0170679289420351,0.0256116255230699,1.9004479842,4.416704177856445e-05,1.98399996578,0.0085812190780603,2.3870488925,0.1034602355116788,0.0086941666294778,0.0056479362148886,0.0173071833799513,0.0641222518369565,0.0644306144761504,0.0054583322773282,0.0418230041924778,0.0149391298249241,0.0139839433827032,0.1200204285659291,0.0598657664384649,3.004811081666667,0.3501060526695652,0.3443478293478261,0.0512964567166371,3.660500003333333,0.018467950816,0.2573038287373913,0.017665105392,0.1908575101007968,0.1885416196317391,2.072782597795652,0.2791928449833333,0.0057515584485118,0.022168171403,0.0412926360754545,100.0,100.0,100.0,100.0,100.0,100.0,100.0,100.0,100.0,100.0,100.0,100.0,100.0,100.0,100.0,100.0,100.0,100.0,100.0,0.0,100.0,100.0,100.0,0.0,0.0,100.0,100.0,100.0,100.0,73.91304347826087,100.0,100.0,100.0,100.0,temporal2,0
0.0160863136056179,0.0222013158526486,1.6223132579,5.1087141036987306e-05,1.7533333255333332,0.0092277060757518,1.900306758975,0.096370045626137,0.0091927812866974,0.0058695602407878,0.0162597003061092,0.0952483415504,0.0637525570405042,0.0039265569807185,0.0485966345779831,0.0143616468929981,0.0163839718048113,0.1197465728103361,0.068201485217295,3.009465215,0.3517756461545454,0.38070001597,0.0579495770499999,3.5879999925000003,0.01438903808,0.27527935499,0.0175497746811475,0.1887121655123664,0.167716741523,2.456214272685714,0.2394170760333333,0.0040175194994812,0.023353642425862,0.0395505686016216,100.0,100.0,100.0,100.0,100.0,100.0,100.0,99.65870307167236,100.0,100.0,100.0,100.0,100.0,100.0,100.0,100.0,100.0,100.0,100.0,0.0,100.0,100.0,100.0,0.0,0.0,100.0,100.0,100.0,100.0,71.42857142857143,100.0,100.0,100.0,100.0,temporal2,0
0.0161430971504113,0.0202750936814705,2.310872905,4.3451786041259766e-05,2.42999994,0.0079224724914838,2.43232524,0.0991751698045983,0.008939963666582,0.0067669621816972,0.0208766389210447,0.105454826346,0.0659080263265671,0.0068978058652947,0.0546268633876119,0.0118973455460263,0.0109672424086153,0.1065681265155223,0.0741553911370149,3.00588536,0.37717146868,0.3703999041999999,0.06464178881,3.55500006,0.01679682731,0.2831877231,0.0196495554298507,0.1873558114964864,0.176007366138,2.41740002182,0.2520949839999999,0.0029155497848776,0.0247147227736363,0.044101892194,100.0,100.0,100.0,100.0,100.0,100.0,100.0,100.0,100.0,100.0,100.0,100.0,100.0,100.0,100.0,100.0,100.0,100.0,100.0,0.0,100.0,100.0,100.0,0.0,0.0,100.0,100.0,100.0,100.0,80.0,100.0,100.0,100.0,100.0,temporal2,0
0.0161739452021534,0.0216505620600714,0.2804603576,4.369616508483887e-05,2.9306000680999995,0.0091072601411764,2.376533742125,0.098428338937443,0.0095938958893522,0.0060843190280891,0.017677196044159,0.0638240178366666,0.0658526393384091,0.0047719702117265,0.0545340993076136,0.0124476051182676,0.0185068553302075,0.1127509203605681,0.07560775224625,3.010686635,0.3537660174555556,0.3534444437666666,0.0642613416240909,3.570000045,0.014408588405,0.2585222190688889,0.0187002095267045,0.1883411796355101,0.1914968225166666,2.91099998502,0.250455141,0.0025958061208634,0.0217691262533333,0.0413341006656756,100.0,100.0,100.0,100.0,20.0,100.0,25.0,99.78021978021978,100.0,100.0,100.0,100.0,100.0,100.0,100.0,100.0,100.0,100.0,100.0,0.0,100.0,100.0,100.0,0.0,0.0,100.0,100.0,100.0,100.0,40.0,100.0,100.0,100.0,100.0,temporal2,0
0.0170707067513537,0.0205691177493323,1.6766170002199998,5.32894599728468e-05,3.0866250327375,0.0079673065068055,2.260427708128572,0.0998369991510393,0.01088350057471,0.0058542819784614,0.01955997705049,0.0624517310681818,0.0675227522749999,0.0038075481136999,0.0493999862591,0.0152441108498758,0.0122914686767812,0.1103425478747,0.0718540200970297,3.009686585,0.3348414102666666,0.3310909270727272,0.0592500185867,3.5932499725,0.0135183334333333,0.2413145845118182,0.017096192225,0.1843890688213636,0.1696747216118181,3.526499981983333,0.2748407522166666,0.0025105063723289,0.0217777093223333,0.0384595136327027,100.0,100.0,100.0,100.0,62.5,100.0,71.42857142857143,99.80353634577604,100.0,100.0,100.0,100.0,100.0,100.0,100.0,100.0,100.0,100.0,100.0,0.0,100.0,100.0,100.0,0.0,0.0,100.0,100.0,100.0,100.0,50.0,100.0,100.0,100.0,100.0,temporal2,0
0.0161356214575757,0.0212281461944901,2.2937403850000004,4.344582557678223e-05,3.578666603333333,0.0113887344074285,2.6346423533333336,0.0977683931289786,0.0084174769975851,0.0066924045921123,0.0172233885868936,0.0831000988223076,0.0672507159130851,0.0045810831119925,0.043989361595,0.0114521563750795,0.0228240820046923,0.1101457768095744,0.058929566324421,3.007613575,0.3279449572307692,0.32246155,0.0541595727742553,4.12399999,0.01638054847,0.2352180297223077,0.0164982942787234,0.1855994921050961,0.1438327018723076,3.298153855723077,0.21014571185,0.0034352636331295,0.0212560296032142,0.0391077430578947,100.0,100.0,100.0,100.0,66.66666666666666,100.0,66.66666666666666,99.79166666666669,100.0,100.0,100.0,100.0,100.0,100.0,100.0,100.0,100.0,100.0,100.0,0.0,100.0,100.0,100.0,0.0,0.0,100.0,100.0,100.0,100.0,46.15384615384615,100.0,100.0,100.0,100.0,temporal2,0
0.0154783313944989,0.0217039071817992,1.792518312375,4.43875789642334e-05,1.99620003446,0.0071357488624999,1.916219287775,0.0998227453700385,0.0099079631827884,0.0060811264624709,0.0181011901414326,0.0850398356992307,0.0650058847124038,0.0041182798302094,0.0523269222255096,0.0161459566055082,0.0127190474774655,0.1228951926197115,0.0767125487204807,3.009810085,0.3602182497846154,0.3598461517384616,0.0623173048727884,3.549166715,0.013491988175,0.2629641385769231,0.0174890206358653,0.1953603246513043,0.1729970344792308,2.57246670578,0.27196788785,0.0039751903672177,0.023041576145,0.0400079714235135,100.0,100.0,100.0,100.0,100.0,100.0,100.0,100.0,100.0,100.0,100.0,100.0,100.0,100.0,100.0,100.0,100.0,100.0,100.0,0.0,100.0,100.0,100.0,0.0,0.0,100.0,100.0,100.0,100.0,66.66666666666666,100.0,100.0,100.0,100.0,temporal2,0
0.0154052533815984,0.0229452531616521,1.3669220646307694,3.94284725189209e-05,1.459153850676923,0.0084366249947507,1.4685429595846151,0.0994418803818047,0.0092519638953032,0.0051507668320448,0.0169622927374385,0.0760124836589285,0.0668874881193442,0.0037225491853058,0.0436188500377459,0.0124539922175081,0.011429583086455,0.1321221990411885,0.057504430099551,3.012524838333334,0.3320518816714286,0.3288928355,0.0537991797238934,4.107999975,0.0148544652071428,0.2388192074139285,0.015480121942439,0.2011092571388432,0.1593297464182142,2.264517238472413,0.2614105087857142,0.0057417705861552,0.0203878688768,0.0368400494213333,100.0,100.0,100.0,100.0,100.0,100.0,100.0,100.0,100.0,100.0,100.0,100.0,100.0,100.0,100.0,100.0,100.0,100.0,100.0,0.0,100.0,100.0,100.0,0.0,0.0,100.0,100.0,100.0,100.0,75.86206896551724,100.0,100.0,100.0,100.0,temporal2,0
0.0154008271073273,0.0224857566222879,2.013612005263637,4.23729419708252e-05,2.8084285690285715,0.008274658960875,2.3414461759769227,0.1001522813898254,0.0089078827892763,0.0058032042111917,0.0177033371005131,0.0625136693277777,0.0662607472073684,0.004426824825,0.0407565863424342,0.0134355016285971,0.0124042690987244,0.1204175195926316,0.0562781274612418,3.010314407777777,0.2894561466814814,0.2874814757148148,0.0510394792719736,3.57250001,0.020169973365,0.2021010009955555,0.0163460326779605,0.1924733093393452,0.1343743271059259,3.089111103488889,0.2507181600636363,0.0050467581572042,0.0228331930458823,0.0400012095725,100.0,100.0,100.0,100.0,78.57142857142857,100.0,84.61538461538461,100.0,100.0,100.0,100.0,100.0,100.0,100.0,100.0,100.0,100.0,100.0,100.0,0.0,100.0,100.0,100.0,0.0,0.0,100.0,100.0,100.0,100.0,59.25925925925926,100.0,100.0,100.0,100.0,temporal2,0
0.0157893127697612,0.0198936363029978,2.30844402,4.2879581451416014e-05,2.44099998,0.0101451657022727,2.43401265,0.1021366102514057,0.0094885914403086,0.0062148818580042,0.0183542893212716,0.1185908317483333,0.0682321212807407,0.004217156266053,0.0548518616376543,0.0143358571963013,0.0116590305579629,0.1227797166538271,0.0787145286292207,3.006920493333333,0.46395635598,0.4471666812333333,0.0654691177998765,3.564666663333333,0.014014530178,0.3324549992333333,0.017611351605,0.1984241597686517,0.2120052973016666,3.0204999425333336,0.2842316627,0.0021198789269043,0.0217616367312,0.0401425626483333,100.0,100.0,100.0,100.0,100.0,100.0,100.0,99.53379953379954,100.0,100.0,100.0,100.0,100.0,100.0,100.0,100.0,100.0,100.0,100.0,0.0,100.0,100.0,100.0,0.0,0.0,100.0,100.0,100.0,100.0,50.0,100.0,100.0,100.0,100.0,temporal2,0
0.01601324810156,0.0223179868714502,1.2842723106,4.157653221717248e-05,2.72359995554,0.0083055224320877,2.38535442126,0.1088813203301447,0.0089381851549315,0.0058960812123771,0.0175306829641232,0.071356594554,0.0671369131175342,0.0046840179526333,0.0467397203108904,0.0164370792983456,0.0146800999807187,0.1511549002199315,0.0686109980369863,3.010289901111111,0.335204720445,0.330300021125,0.0573904122289725,3.5539167074999995,0.01533102989,0.236848151641,0.0164743171935616,0.2219003997782715,0.1592626452159999,2.982150002925,0.2642332315,0.0044873680973355,0.0223481337206666,0.0396966934155357,100.0,100.0,100.0,100.0,40.0,100.0,40.0,100.0,100.0,100.0,100.0,100.0,100.0,100.0,100.0,100.0,100.0,100.0,100.0,0.0,100.0,100.0,100.0,0.0,0.0,100.0,100.0,100.0,100.0,40.0,100.0,100.0,100.0,100.0,temporal2,0
0.0159317681020327,0.0232199335599609,0.9721244947333332,4.324913024902344e-05,1.1083332675666666,0.0102630812537931,1.1174433998333335,0.1029655839263212,0.0091176381063868,0.0057810424891914,0.0188484887968905,0.083301969925,0.0666819105941605,0.0050423837071295,0.0541459870073722,0.0140713386165778,0.0163011185407518,0.1341567700539416,0.0821694415994117,3.007107533333333,0.3331321307214285,0.33271430215,0.0637299387869343,3.5621428442857144,0.0142290592099999,0.2372813394678571,0.0171160014191911,0.2064192547325828,0.1521825108892857,2.4988571200071434,0.2453967729666667,0.0050629377350828,0.0231399225130434,0.0416641625427272,100.0,100.0,100.0,100.0,100.0,100.0,100.0,100.0,100.0,100.0,100.0,100.0,100.0,100.0,100.0,100.0,100.0,100.0,100.0,0.0,100.0,100.0,100.0,0.0,0.0,100.0,100.0,100.0,100.0,57.142857142857146,100.0,100.0,100.0,100.0,temporal2,0
0.0194266063796428,0.0190792047310249,1.2436339007666668,4.433989524841309e-05,2.175750012,0.0080506529117142,2.0438167427,0.102126984857317,0.0082862014339565,0.0057892890942912,0.0188288636783804,0.07699787616,0.0671682383577173,0.0054167509068602,0.0473369385807608,0.0147546248535794,0.0214325338571249,0.1112525333318478,0.0675144739625,3.01216197,0.3402764399333333,0.3366667031666666,0.0572282568155434,3.5610001,0.0144660472849999,0.2516932685716667,0.0160893398284615,0.1844687669840776,0.1697320937766666,1.699749984125,0.2874299684333333,0.0028224084883085,0.0231115250323809,0.0377164965535714,100.0,100.0,100.0,100.0,75.0,100.0,75.0,100.0,100.0,100.0,100.0,100.0,100.0,100.0,100.0,100.0,100.0,100.0,100.0,0.0,100.0,100.0,100.0,0.0,0.0,100.0,100.0,100.0,100.0,83.33333333333333,100.0,100.0,100.0,100.0,temporal2,0
0.0159012181076212,0.0216729835199609,2.2867289333333334,4.387497901916504e-05,2.406666593333333,0.0094029754375,2.4178733766666665,0.1102920654188012,0.0091519431047684,0.0061402597232715,0.0186475126325684,0.09028003612,0.0674827500289473,0.0044346014650888,0.0517473521898947,0.0151021926687199,0.0124601859281346,0.1634402324991579,0.0742757521074736,3.003806204,0.3584096232583333,0.3614999850166667,0.0620631795082105,3.55020003,0.01566346486,0.2577386895516667,0.0163181530761052,0.2337897164101904,0.1628660956725,2.82550002815,0.2716795603,0.0025702317544473,0.0228435420959999,0.0420242006087878,100.0,100.0,100.0,100.0,100.0,100.0,100.0,100.0,100.0,100.0,100.0,100.0,100.0,100.0,100.0,100.0,100.0,100.0,100.0,0.0,100.0,100.0,100.0,0.0,0.0,100.0,100.0,100.0,100.0,58.333333333333336,100.0,100.0,100.0,100.0,temporal2,0
0.0150586428327743,0.0208649766824925,1.5173353631400002,4.393458366394043e-05,1.61799993176,0.0072176538651724,1.6338654003200002,0.0976355773487767,0.0075349085909908,0.0059531943770789,0.0209853189757064,0.0607971350304666,0.0652836747041284,0.0051267693747898,0.0597614629449541,0.0171598750254789,0.0118035793275999,0.1101669193174312,0.0833488210490825,3.0375261249999994,0.33179375326,0.32786666548,0.0695321078559633,3.583166595,0.013015985485,0.235258563312,0.0166743323869523,0.182781802678595,0.1713715552846666,2.6811333459266664,0.27913904186,0.0027876554741938,0.0215077499525,0.039183198076,100.0,100.0,100.0,100.0,100.0,100.0,100.0,100.0,100.0,100.0,100.0,100.0,100.0,100.0,100.0,100.0,100.0,100.0,100.0,0.0,100.0,100.0,100.0,0.0,0.0,100.0,100.0,100.0,100.0,60.0,100.0,100.0,100.0,100.0,temporal2,0
0.0156082111956854,0.0208053334522163,2.082234802644445,4.3720006942749023e-05,2.180777811655556,0.0085169902209423,2.1921691585222223,0.0975360433436043,0.0092781457017727,0.0059564582313767,0.0183801434211181,0.062554234545238,0.0678556550515454,0.0039910319478544,0.0528727271266363,0.0167193151200875,0.0240412793625789,0.0989014712104545,0.0757142435304545,3.0212231816666666,0.3065081550476191,0.2984285694619047,0.0622363588915454,3.7070000116666666,0.0190072059575,0.2157469817133333,0.0165746818846363,0.1777594812194262,0.142094566677619,2.660809502028572,0.2706188288181818,0.0036742378155226,0.0219998034536363,0.0406091089856896,100.0,100.0,100.0,100.0,100.0,100.0,100.0,100.0,100.0,100.0,100.0,100.0,100.0,100.0,100.0,100.0,100.0,100.0,100.0,0.0,100.0,100.0,100.0,0.0,0.0,100.0,100.0,100.0,100.0,71.42857142857143,100.0,100.0,100.0,100.0,temporal2,0
0.0154943611801696,0.0232455564976066,1.619533097933333,4.382729530334472e-05,1.7229999675166667,0.0090434218141801,1.73352535275,0.0977636608725524,0.0083476136358487,0.0059046483101813,0.0165055030688731,0.0756079272168421,0.0661600775730731,0.0040847784913667,0.0418390343750731,0.011739377198582,0.0156015337299315,0.1158115735646829,0.0578848854813043,3.005987965,0.365623807865,0.3570000121052631,0.0519512153168292,3.5558889400000004,0.01589099566,0.2600472851273684,0.0154207578475121,0.186402372513761,0.1804761133394736,2.6352000083200005,0.2685511509,0.0063455258630304,0.0238507666202439,0.037945538027439,100.0,100.0,100.0,100.0,100.0,100.0,100.0,100.0,100.0,100.0,100.0,100.0,100.0,100.0,100.0,100.0,100.0,100.0,100.0,0.0,100.0,100.0,100.0,0.0,0.0,100.0,100.0,100.0,100.0,60.0,100.0,100.0,100.0,100.0,temporal2,0
0.0173418902456325,0.0177967569630577,2.06327688,4.36246395111084e-05,2.424750025,0.0082638847057553,2.43736052,0.1101051017742715,0.0099029713771304,0.0061357158431052,0.0199695670054492,0.1211460828633333,0.0636757145668115,0.0048725015100618,0.0512753569456521,0.013116538067058,0.0112359523746666,0.1616309828468115,0.0752789144749275,2.861806836470588,0.4810289938666667,0.4768333832166667,0.0606666647734782,3.5610001,0.01222491264,0.36342740055,0.01627441246875,0.2308621154793421,0.2380545138833333,2.5001666915333334,0.2811492084749999,0.0022553801528382,0.021815383432,0.0378207034491666,100.0,100.0,100.0,100.0,100.0,100.0,100.0,99.73890339425589,100.0,100.0,100.0,100.0,100.0,100.0,100.0,100.0,100.0,100.0,100.0,0.0,100.0,100.0,100.0,0.0,0.0,100.0,100.0,100.0,100.0,100.0,100.0,100.0,100.0,100.0,temporal2,0
0.0155640502282325,0.0243887656989054,1.7520146068222224,4.117488861083984e-05,2.54549998034,0.0086701532060496,2.0296755059222225,0.1011433813334198,0.0091163536995226,0.0054484114381851,0.017237923249015,0.0659941911645,0.0662048402031155,0.0053414776121696,0.0412361873395979,0.013530260404883,0.0153929573616397,0.1285860586185427,0.0590607270865365,3.020102972,0.3492231368449999,0.34570003743,0.0514773843192462,3.584399982,0.0150139331766666,0.2533419012549999,0.0178200801170588,0.1986119194039545,0.181640469989,2.6959545554818183,0.2786680592,0.005441600274792,0.0219179422379487,0.0386156471102631,100.0,100.0,100.0,100.0,100.0,100.0,100.0,100.0,100.0,100.0,100.0,100.0,100.0,100.0,100.0,100.0,100.0,100.0,100.0,0.0,100.0,100.0,100.0,0.0,0.0,100.0,100.0,100.0,100.0,77.27272727272728,100.0,100.0,100.0,100.0,temporal2,0
0.0173087490091603,0.0208347015348398,1.90916566628,4.358291625976563e-05,1.9887999504,0.0108927911314516,2.00844831242,0.109305410204231,0.0109846339490235,0.0060184722554083,0.018802973799447,0.06519447962,0.0680360204891764,0.0071436294826198,0.0435058818083529,0.0125580369062045,0.0156415757650634,0.1240887501421176,0.0658404209919999,3.0229577971428574,0.3019001483333333,0.3017333348,0.0536705774282352,4.09237496625,0.0140360196366666,0.2040218670666666,0.0177397110841176,0.2005615766019148,0.133957783358,3.180799972673333,0.2661970138,0.0051640491088475,0.0271408081035,0.0399022996371874,100.0,100.0,100.0,100.0,100.0,100.0,100.0,99.77477477477476,100.0,100.0,100.0,100.0,100.0,100.0,100.0,100.0,100.0,100.0,100.0,0.0,100.0,100.0,100.0,0.0,0.0,100.0,100.0,100.0,100.0,53.333333333333336,100.0,100.0,100.0,100.0,temporal2,0
0.015790192568597,0.0221954483058229,1.49209289306,4.621744155883789e-05,1.6202000118200002,0.0077670113782758,1.6300074539600005,0.1005497584375519,0.009529276716187,0.006244046218216,0.0193081845438273,0.069189220661875,0.0640121123666906,0.0041310669745566,0.0564172799520143,0.0136139731084969,0.0136933299899325,0.1265794424357554,0.0812170471051798,3.0130771600000004,0.33309677236875,0.3296874910124999,0.0670791272514388,4.277833363333333,0.013583230966,0.23699763410625,0.0161555474645255,0.194921404276258,0.164170622785625,2.4868124701625,0.2328574180199999,0.006003260611221,0.0236628330646153,0.0400833498709434,100.0,100.0,100.0,100.0,100.0,100.0,100.0,99.69924812030077,100.0,100.0,100.0,100.0,100.0,100.0,100.0,100.0,100.0,100.0,100.0,0.0,100.0,100.0,100.0,0.0,0.0,100.0,100.0,100.0,100.0,68.75,100.0,100.0,100.0,100.0,temporal2,0
0.0208266422178063,0.0217409892482638,2.310861186666666,4.3904781341552736e-05,2.40099994,0.007911931301609,2.4120815566666667,0.1095194884587446,0.0089326917582035,0.0058264047152562,0.0187340035861858,0.0818107763839999,0.0681151752871681,0.0050323142761801,0.049407066489115,0.0146597324894667,0.0136543499765368,0.1137210541944247,0.0686489649469026,3.0141806950000003,0.3428669124375,0.3149333476466666,0.0594336247974336,3.560571427142857,0.011257052415,0.2248740513813333,0.0173189409950877,0.1895107974604,0.1367253303233333,2.57940001234,0.2603312333,0.004554884105352,0.0248290408718181,0.0390356222748888,100.0,100.0,100.0,100.0,100.0,100.0,100.0,100.0,100.0,100.0,100.0,100.0,100.0,100.0,100.0,100.0,100.0,100.0,100.0,0.0,100.0,100.0,100.0,0.0,0.0,100.0,100.0,100.0,100.0,60.0,100.0,100.0,100.0,100.0,temporal2,0
0.0154466107457072,0.0237166050465947,2.2974617416666665,4.279613494873047e-05,2.38783331,0.0083656396683353,2.398487403333333,0.1040910301088358,0.0077569870378382,0.0058222887590446,0.018947871287397,0.0946399718399999,0.0645607622133088,0.0047476502748749,0.0388235344544117,0.0169107307802347,0.0134871110786483,0.1459110378930146,0.0567736516394656,3.0053977933333336,0.6871563590199999,1.1426110924222224,0.0497720521981617,3.565333323333333,0.0151033401433333,0.354322075233125,0.0180219703209629,0.2165312464594666,0.2504798620525,3.6056000363466665,0.2349123159666666,0.0073360399752042,0.022977399824,0.0425569309847058,100.0,100.0,100.0,100.0,100.0,100.0,100.0,100.0,100.0,100.0,100.0,100.0,100.0,100.0,100.0,100.0,100.0,100.0,100.0,0.0,100.0,100.0,100.0,0.0,0.0,100.0,100.0,100.0,100.0,60.0,100.0,100.0,100.0,100.0,temporal2,0
0.015665121352,0.018088066783852,2.33374905,4.302263259887695e-05,2.46500015,0.007699385284375,2.47743177,0.1017431570024168,0.0113439398813243,0.0063909028372096,0.0169753222816216,0.095967411975,0.0696649293522972,0.0038408760747169,0.0603918996901351,0.0160770183279572,0.0176170468298529,0.1145765652275675,0.0792013267283117,3.0133149100000005,0.4267728805,0.4199999808699999,0.070810827037027,3.554400056,0.0160498619,0.326450228656,0.0151694594156756,0.1924508228141463,0.173261165592,2.8350909369000004,0.2108595371,0.0029170951055666,0.0238744020430769,0.038506375414074,100.0,100.0,100.0,100.0,100.0,100.0,100.0,99.49622166246851,100.0,100.0,100.0,100.0,100.0,100.0,100.0,100.0,100.0,100.0,100.0,0.0,100.0,100.0,100.0,0.0,0.0,100.0,100.0,100.0,100.0,54.54545454545455,100.0,100.0,100.0,100.0,temporal2,0
0.016350849437132,0.0254597541222055,2.1032881044636365,4.311203956604004e-05,2.189363626827273,0.0085014773568691,2.1978328199727275,0.1052298770553142,0.0081282576038146,0.0054884584108628,0.0187185412353354,0.0698613932173684,0.0643668570705431,0.0058913782729438,0.0466102220672843,0.0134162851788311,0.013074762818195,0.1337461014253354,0.0625730684063461,3.0087667192307688,0.2705572445722222,0.2659999821815789,0.0562396270270926,3.576076925384615,0.017432785028,0.1789749295613158,0.016894750437258,0.2032521962791618,0.1026662838881578,2.524432429754054,0.2416333555583333,0.0084159440442479,0.0221257686595,0.0384058351391869,100.0,100.0,100.0,100.0,100.0,100.0,100.0,100.0,100.0,100.0,100.0,100.0,100.0,100.0,100.0,100.0,100.0,100.0,100.0,0.0,100.0,100.0,100.0,0.0,0.0,100.0,100.0,100.0,100.0,64.86486486486487,100.0,100.0,100.0,100.0,temporal2,0
0.0158163490582921,0.021257059683189,1.800942656425,4.3791532516479495e-05,1.907500026775,0.0076348972312,1.912034031575,0.1022209355736045,0.0099351740314953,0.0061308364196287,0.0174996295783457,0.0705736194214285,0.0668092642907476,0.0049510081074172,0.0421495303868504,0.0169482509808319,0.0128940293453802,0.1171525928239252,0.0588618346523809,3.006954869999999,0.3335770606733333,0.3378571612071428,0.0521121359214018,3.5691428828571428,0.01317429542,0.2494149378,0.0177074944166055,0.1926700098695762,0.1732149804992857,2.7474999834625,0.260219693125,0.0027264310751965,0.0246999474105882,0.0387473984728947,100.0,100.0,100.0,100.0,100.0,100.0,100.0,100.0,100.0,100.0,100.0,100.0,100.0,100.0,100.0,100.0,100.0,100.0,100.0,0.0,100.0,100.0,100.0,0.0,0.0,100.0,100.0,100.0,100.0,56.25,100.0,100.0,100.0,100.0,temporal2,0
0.0159566566077345,0.0230995697099385,1.789223130375,4.341602325439453e-05,1.916999993075,0.0082210616057368,1.928920622675,0.0976170406536817,0.00835518538825,0.0063590543301903,0.0180041491938854,0.0716276327706666,0.0663242190986458,0.0051904250587647,0.045416673018177,0.0188280511491569,0.0155367655267534,0.1051664824120833,0.0657008935904791,3.01395654,0.3252981662199999,0.3207999864733333,0.0550833344364583,4.56299996,0.01416409015,0.2195066610433333,0.0184067487676041,0.1820823156257547,0.139486408214,1.7894666963266663,0.243404328775,0.003149266242309,0.0211802720988461,0.0467466032723255,100.0,100.0,100.0,100.0,100.0,100.0,100.0,100.0,100.0,100.0,100.0,100.0,100.0,100.0,100.0,100.0,100.0,100.0,100.0,0.0,100.0,100.0,100.0,0.0,0.0,100.0,100.0,100.0,100.0,86.66666666666667,100.0,100.0,100.0,100.0,temporal2,0
0.0157257805532054,0.0205091925402539,2.31460499,4.4280290603637694e-05,2.45049989,0.0083048316701186,2.462174055,0.0979389360684746,0.0099193271311428,0.0058529491945892,0.0172842692312857,0.0796455542122222,0.0638375574098979,0.0049301126720579,0.0479285619612244,0.0144415695495517,0.0114429369541875,0.1223425135005101,0.0704863942935483,3.00772112,0.3728224038625,0.4048888947777778,0.05817345696,3.55449998,0.01815199851,0.2906097570444444,0.0167403098194845,0.1921562419600926,0.2038758860288888,3.147750045675,0.22970604895,0.0035259819020313,0.0204183730186363,0.0396684408139473,100.0,100.0,100.0,100.0,100.0,100.0,100.0,100.0,100.0,100.0,100.0,100.0,100.0,100.0,100.0,100.0,100.0,100.0,100.0,0.0,100.0,100.0,100.0,0.0,0.0,100.0,100.0,100.0,100.0,50.0,100.0,100.0,100.0,100.0,temporal2,0
0.0183275305556886,0.0266851683818255,1.8472035436333327,4.372596740722656e-05,1.9383333751666665,0.0103246409206912,1.9483945866222223,0.1020620789867091,0.0084474960532146,0.006165367753222,0.0180227793908691,0.0619491958536,0.0645132767276328,0.0044583151832164,0.0579661816097584,0.0158767755148498,0.0119430912046567,0.1194680036340579,0.0858115609502955,3.0063622525,0.3129165867458334,0.311359977676,0.0676618486084058,3.56725001,0.013813400264,0.2202337360027999,0.017396971795169,0.1900705611142105,0.1536571597736,1.9305200358480008,0.2466949886333333,0.0046820433227304,0.0242404310286842,0.0411468299416417,100.0,100.0,100.0,100.0,100.0,100.0,100.0,100.0,100.0,100.0,100.0,100.0,100.0,100.0,100.0,100.0,100.0,100.0,100.0,0.0,100.0,100.0,100.0,0.0,0.0,100.0,100.0,100.0,100.0,84.0,100.0,100.0,100.0,100.0,temporal2,0
0.0147542998307523,0.0212556993599482,1.2970109363166666,3.9625167846679685e-05,1.4090000385666668,0.0080800902157245,1.4152469593666668,0.0947669009699171,0.0080378581726275,0.0052812501575445,0.0186741467141793,0.0709949561485714,0.0660126340692413,0.0040993422990682,0.0385103455821586,0.0172047731145655,0.0135579109162808,0.1176056006622758,0.0559293582428276,3.007245376666667,0.3723825897,0.3626428501428571,0.0487310327255172,3.546333386666667,0.01616764068,0.27712578429,0.0158315510542758,0.187604264883,0.2035285234007142,2.076714256764286,0.2261468568666667,0.0032152262588668,0.0227301120734999,0.039463561508913,100.0,100.0,100.0,100.0,100.0,100.0,100.0,100.0,100.0,100.0,100.0,100.0,100.0,100.0,100.0,100.0,100.0,100.0,100.0,0.0,100.0,100.0,100.0,0.0,0.0,100.0,100.0,100.0,100.0,78.57142857142857,100.0,100.0,100.0,100.0,temporal2,0
0.0153672621047175,0.0194520230916958,0.9542296315333334,4.38690185546875e-05,1.0513333456666667,0.0080412247814841,1.0601293627333332,0.0957513897345506,0.0083159490622368,0.0059206566807863,0.0176029299396973,0.12297868727,0.0636701050435526,0.0050882410111944,0.0505526285331579,0.0133967875712481,0.0115298380420625,0.1133234688860526,0.072801267934935,3.037424636666667,0.763706943390909,1.2465833615916666,0.0615394711405263,3.5947499225,0.01575303077,0.4286039307363636,0.0164352498511842,0.1876903544939285,0.2967488115081818,3.086999961533333,0.2581049997833333,0.0030559651986176,0.0197445021705555,0.04257783719,100.0,100.0,100.0,100.0,100.0,100.0,100.0,99.75308641975307,100.0,100.0,100.0,100.0,100.0,100.0,100.0,100.0,100.0,100.0,100.0,0.0,100.0,100.0,100.0,0.0,0.0,100.0,100.0,100.0,100.0,75.0,100.0,100.0,100.0,100.0,temporal2,0
0.0153613715497062,0.0235218758449728,1.8465366326444448,4.187226295471192e-05,1.948444416633333,0.0096428925427128,1.9567620184222223,0.1002688061220961,0.0087417178924029,0.0056222686768963,0.0191384912642427,0.0647249879451724,0.0649706912166504,0.0045157946688571,0.0476699048959708,0.0142954573219675,0.0142980067678861,0.1181051719287864,0.066183621167198,3.006056219090909,0.3222138552344827,0.3203103788413793,0.0578495113505825,3.904000012500001,0.01273155212,0.2270000802631034,0.0155356221044878,0.1894303078872806,0.1538956576103448,2.692862079168965,0.2603509690555555,0.0051380141819408,0.0219712018926666,0.0378633829210769,100.0,100.0,100.0,100.0,100.0,100.0,100.0,99.8931623931624,100.0,100.0,100.0,100.0,100.0,100.0,100.0,100.0,100.0,100.0,100.0,0.0,100.0,100.0,100.0,0.0,0.0,100.0,100.0,100.0,100.0,62.06896551724138,100.0,100.0,100.0,100.0,temporal2,0
0.0201812358097777,0.0202899923831165,2.3309376166666667,4.344582557678223e-05,2.416000125,0.0085503321404615,2.450436506666667,0.1029570729602274,0.0103859034437878,0.0063204551984863,0.0173168218451666,0.1396758026311111,0.0670555938280303,0.0058301129228617,0.054606061985909,0.015040248030203,0.0127122345393333,0.1309664249157575,0.0802665768143939,3.005376096666667,0.6590003429000001,1.26589999166,0.0644393870218181,3.547333396666667,0.01424002647,0.415406994911111,0.0188653216171212,0.2083064562257534,0.2644470002688888,3.3960908941909094,0.2644117672666666,0.0020236563169564,0.0218912959075,0.0422092330025806,100.0,100.0,100.0,100.0,100.0,100.0,100.0,100.0,100.0,100.0,100.0,100.0,100.0,100.0,100.0,100.0,100.0,100.0,100.0,0.0,100.0,100.0,100.0,0.0,0.0,100.0,100.0,100.0,100.0,72.72727272727272,100.0,100.0,100.0,100.0,temporal2,0
0.0183514551492965,0.0218172073327927,0.2608616352,4.361867904663086e-05,3.5599998566666664,0.0080479383451923,3.0035404333333333,0.1019646034280121,0.0084837675082118,0.0059232716670172,0.0171706817879152,0.0789731951227058,0.0625951835560169,0.0042902001408373,0.0429237232307627,0.0154066980997747,0.0162532274716666,0.1338445351980508,0.0621827699242372,3.0075184866666667,0.3230364602705882,0.3178823554705882,0.0534067800402542,3.574166648333333,0.0122340917549999,0.2284851214029412,0.0166588698366949,0.2025703741566923,0.1427394361805882,2.555882353088235,0.06625008583,0.0038918009333766,0.0220620185078125,0.0396098633965957,100.0,100.0,100.0,100.0,0.0,100.0,0.0,99.8266897746967,100.0,100.0,100.0,100.0,100.0,100.0,100.0,100.0,100.0,100.0,100.0,0.0,100.0,100.0,100.0,0.0,0.0,100.0,100.0,100.0,100.0,47.05882352941177,100.0,100.0,100.0,100.0,temporal2,0
0.0154740821453953,0.0214492740877987,1.29532360795,4.357099533081055e-05,3.655249937725,0.0090709573169487,1.9602414734,0.102421654236877,0.0105863099388723,0.0063712987582031,0.0180411719221595,0.0585789150611111,0.0668662177641489,0.0060521293030597,0.0531489316380106,0.0164896895404209,0.0167017502631025,0.1165415504896808,0.0750926758259574,3.0044284633333334,0.3689018885,0.3654445011888889,0.062946811625,3.5463333066666665,0.0145843028966666,0.2516534592777777,0.0159083249676595,0.1926979490949038,0.1883613533044444,2.8907777181333336,0.28229093545,0.0046315622323587,0.023150956628,0.0407027006082352,100.0,100.0,100.0,100.0,50.0,100.0,66.66666666666666,100.0,100.0,100.0,100.0,100.0,100.0,100.0,100.0,100.0,100.0,100.0,100.0,0.0,100.0,100.0,100.0,0.0,0.0,100.0,100.0,100.0,100.0,55.55555555555556,100.0,100.0,100.0,100.0,temporal2,0
0.0153457635123648,0.0226469730945287,2.2802906,4.497766494750977e-05,2.45499992,0.0080507386398867,2.44129109,0.0915435833759024,0.0092001788456224,0.006098392673698,0.0167009222218979,0.0677472678045454,0.0657148823336734,0.0042717750516231,0.0443775386162551,0.0134441358895585,0.0164039267404166,0.1043057295561224,0.063664638255102,3.007221515,0.3674533366636364,0.3627273169090909,0.0550102141330612,3.590499935,0.01955235004,0.2742370041418182,0.0172629696931632,0.1782273296555555,0.2046750458281818,2.2180909225454544,0.2191152572,0.0045345020284117,0.0235882949812,0.0420343554892307,100.0,100.0,100.0,100.0,100.0,100.0,100.0,99.6,100.0,100.0,100.0,100.0,100.0,100.0,100.0,100.0,100.0,100.0,100.0,0.0,100.0,100.0,100.0,0.0,0.0,100.0,100.0,100.0,100.0,63.63636363636363,100.0,100.0,100.0,100.0,temporal2,0
0.0150797989961861,0.0196124025260298,1.9824403866666669,4.251599311828613e-05,3.921285688571429,0.00859474797439,2.768032164,0.099638680522543,0.0094803991439154,0.0066786051544482,0.0176789861286338,0.0764007121215,0.0686846417332394,0.0085801909658181,0.0458591588709859,0.0144679785111805,0.01210973517975,0.100157381768169,0.0630036340550704,3.00495624125,0.32090923185,0.3137500136625,0.0563662018484507,4.004399962,0.03246247768,0.21962682897625,0.0164996670966197,0.1874272700728205,0.128491044025625,3.9698420770157896,0.3073728878666666,0.004061166275465,0.0247736153733333,0.0475632647625,100.0,100.0,100.0,100.0,71.42857142857143,100.0,60.0,100.0,100.0,100.0,100.0,100.0,100.0,100.0,100.0,100.0,100.0,100.0,100.0,0.0,100.0,100.0,100.0,0.0,0.0,100.0,100.0,100.0,100.0,42.10526315789474,100.0,100.0,100.0,100.0,temporal2,0
0.0159783048322323,0.0210543984006593,0.9616914571333336,4.2331218719482425e-05,1.062999962933333,0.0089101642363124,1.068898677,0.0981754690843497,0.0084416497603092,0.0059770892357612,0.0184713319362577,0.0778470039299999,0.0652809118380412,0.0054185442670437,0.0389072157615463,0.0137438247315719,0.0163967262577818,0.1174118346552577,0.0567808222665,3.009798609090909,0.2899933141352941,0.2870000109588235,0.049144314728969,3.906230773846154,0.01574206352,0.201287073217647,0.0154247726316494,0.192755754785514,0.1163708742682352,3.2958235845352943,0.2418673038,0.0033512306201636,0.0237392645580769,0.0383025369290322,100.0,100.0,100.0,100.0,100.0,100.0,100.0,100.0,100.0,100.0,100.0,100.0,100.0,100.0,100.0,100.0,100.0,100.0,100.0,0.0,100.0,100.0,100.0,0.0,0.0,100.0,100.0,100.0,100.0,35.294117647058826,100.0,100.0,100.0,100.0,temporal2,0
0.0155161964796212,0.0228387897190308,2.1299139113636363,4.785656929016113e-05,2.266142859242857,0.0070334959628354,2.2459023607818183,0.1009744098328724,0.0093800496014086,0.0049206751202619,0.0172229620679677,0.0726862079115789,0.0667900914323202,0.004585005920573,0.0472287516101307,0.0121175302398392,0.0128835450205309,0.1435517236043137,0.0659012287931045,2.9589280425,0.2737063566384615,0.2665789566052631,0.0570914963387581,3.428500011666666,0.014603257175,0.1741322215778947,0.0157528218662214,0.2114516176120648,0.0947151309405263,2.3405952593023804,0.2776983517307692,0.006518850585683,0.0210153330904347,0.0359020819378688,100.0,100.0,100.0,100.0,100.0,100.0,100.0,100.0,100.0,100.0,100.0,100.0,100.0,100.0,100.0,100.0,100.0,100.0,100.0,16.66666666666667,100.0,100.0,100.0,16.66666666666667,0.0,100.0,100.0,100.0,100.0,76.19047619047619,100.0,100.0,100.0,100.0,temporal2,0
0.0151903562010501,0.0233553912153373,1.49140004868,4.462003707885742e-05,2.830428595214286,0.0089434829958333,1.8594533969,0.0985904772375595,0.0092458133023103,0.005964982437578,0.0185368899594758,0.0669154840294117,0.066523084957931,0.0045200766580146,0.0466413908908276,0.015974660977813,0.0185645679337532,0.1130287186622758,0.067105012092,3.0157259814285715,0.3373155873941176,0.3385882096588235,0.0563586202073103,3.5614285757142854,0.0156856377866666,0.2460379740399999,0.0167815257720689,0.1863837837791875,0.1710161180635294,3.026705864076471,0.25493264194,0.00830588738009,0.0245176076865,0.0395736982036206,100.0,100.0,100.0,100.0,71.42857142857143,100.0,83.33333333333333,100.0,100.0,100.0,100.0,100.0,100.0,100.0,100.0,100.0,100.0,100.0,100.0,0.0,100.0,100.0,100.0,0.0,0.0,100.0,100.0,100.0,100.0,52.94117647058823,100.0,100.0,100.0,100.0,temporal2,0
0.0168664987396418,0.0192140805490063,0.2608616352,4.425048828125e-05,5.90599989,0.008538195065,3.00368881,0.0995061847673922,0.0106873389989743,0.0059464311804315,0.0189619003161282,0.12597382067,0.0695335131314102,0.0032496669070363,0.053256386357564,0.0147710930500509,0.0248898756774359,0.1257384892982051,0.0755040095266666,3.00394845,0.4196999370625,0.411500006875,0.0628974498751282,3.58299994,0.014428377145,0.2960773407875,0.0175260335925641,0.2008511825625581,0.16229602690625,1.9138749827375,0.06625008583,0.0020506241732343,0.0216321945166666,0.0419973532314285,100.0,100.0,100.0,100.0,0.0,100.0,0.0,100.0,100.0,100.0,100.0,100.0,100.0,100.0,100.0,100.0,100.0,100.0,100.0,0.0,100.0,100.0,100.0,0.0,0.0,100.0,100.0,100.0,100.0,75.0,100.0,100.0,100.0,100.0,temporal2,0
0.0151700307873226,0.0221830939520388,2.44234561,4.44948673248291e-05,3.1009999500000003,0.0066096081447058,2.79624724,0.1001793331616514,0.0082984442501041,0.0059464112415944,0.0190801347252291,0.0637251933358333,0.0660834188159375,0.0046212603055661,0.0463541621906562,0.0145838333300785,0.0126098135221739,0.1130565404736458,0.0638718604962499,3.00245658,0.3376867770583333,0.3358333507666667,0.0560521061155208,3.7763333266666654,0.0167992909733333,0.2418402234366666,0.0170405556719791,0.1873403989635849,0.1763025323291666,2.113583364258333,0.3260353803,0.0026765871037027,0.0199525424362857,0.0416458334175,100.0,100.0,100.0,100.0,50.0,100.0,50.0,99.79508196721312,100.0,100.0,100.0,100.0,100.0,100.0,100.0,100.0,100.0,100.0,100.0,0.0,100.0,100.0,100.0,0.0,0.0,100.0,100.0,100.0,100.0,66.66666666666666,100.0,100.0,100.0,100.0,temporal2,0
0.0166869464143141,0.0220334121122272,2.2875691025,4.566311836242676e-05,2.36699998,0.011045337630687,2.3739339075,0.1000252705489741,0.00908028602469,0.0063547354686347,0.01766976594403,0.08052994987,0.0654871964368,0.0037750482551571,0.0469200110352,0.0135885220653669,0.0218214057351093,0.1190249895787999,0.0614380097288999,3.003522946666666,0.3445224544818182,0.3449091043818182,0.056819996826,3.55566668,0.016663074485,0.2496541846272728,0.0155341672852,0.1925141095693636,0.1595782149663636,2.5514545636,0.261409878675,0.004511203765058,0.0231899704232142,0.0388578609945454,100.0,100.0,100.0,100.0,100.0,100.0,100.0,100.0,100.0,100.0,100.0,100.0,100.0,100.0,100.0,100.0,100.0,100.0,100.0,0.0,100.0,100.0,100.0,0.0,0.0,100.0,100.0,100.0,100.0,72.72727272727272,100.0,100.0,100.0,100.0,temporal2,0
0.0152269729104854,0.0181757109472319,0.2608616352,4.373788833618164e-05,5.602499955,0.010786155482566,3.0034381100000003,0.0976935216476462,0.0113315105418769,0.0065303493530245,0.0163199534741538,0.18764710423,0.0701360298930769,0.0046177756395483,0.0462461361432307,0.0163338345761215,0.0221952644711791,0.1204431093426153,0.068985638240923,3.01730322,0.4764799276666667,0.4769999980666666,0.0567384793112307,3.60599994,0.017282962795,0.3402210076,0.0162334845578461,0.1983180244355555,0.1507760683066666,5.812666566666667,0.06625008583,0.0027720268730124,0.0233203814557692,0.0413011268296296,100.0,100.0,100.0,100.0,0.0,100.0,0.0,100.0,100.0,100.0,100.0,100.0,100.0,100.0,100.0,100.0,100.0,100.0,100.0,0.0,100.0,100.0,100.0,0.0,0.0,100.0,100.0,100.0,100.0,0.0,100.0,100.0,100.0,100.0,temporal2,0
0.0165788483589,0.0199620554735807,0.2608616352,4.380941390991211e-05,2.44099998,0.0088605752538279,0.4397904872,0.0984514993932311,0.0095078068204482,0.0064646320055431,0.0187605715296666,0.10142305492,0.0678123523377011,0.0064499396967244,0.0539999857589655,0.0120955458148222,0.0216708706616219,0.1110967931812643,0.0730395728014942,3.0053855533333333,0.40479734535,0.3966249823125,0.0639885156910344,3.54633331,0.019650459285,0.2962659597087499,0.0164513286455172,0.1861259568193814,0.1808855235175,2.0654999595875,0.06625008583,0.0044542312612204,0.0223415184,0.0420923550876666,100.0,100.0,100.0,100.0,100.0,100.0,100.0,100.0,100.0,100.0,100.0,100.0,100.0,100.0,100.0,100.0,100.0,100.0,100.0,0.0,100.0,100.0,100.0,0.0,0.0,100.0,100.0,100.0,100.0,62.5,100.0,100.0,100.0,100.0,temporal2,0
0.0148914438625247,0.0206381669377612,1.9511172723,4.7379732131958006e-05,2.05800002505,0.0057522058485,2.069456635725,0.0847719375761666,0.0075349085909908,0.0053928730551804,0.0156045116320163,0.0798477042690909,0.0699783510527777,0.0062727763089615,0.0420444461967777,0.0129287035950168,0.0154401623434285,0.1144602298528889,0.0612004809825555,3.009359673333333,0.5942372407363637,1.17216664535,0.0525222274933333,3.5636665733333337,0.010574579234,0.3678953857445454,0.0182121594705555,0.1934504913888,0.230634862690909,3.170666650358333,0.2620388865,0.0054293632496393,0.0215608278871428,0.038708209986,100.0,100.0,100.0,100.0,100.0,100.0,100.0,100.0,100.0,100.0,100.0,100.0,100.0,100.0,100.0,100.0,100.0,100.0,100.0,0.0,100.0,100.0,100.0,0.0,0.0,100.0,100.0,100.0,100.0,75.0,100.0,100.0,100.0,100.0,low_traffic,1
0.0150511625301463,0.0203120834858908,0.8660456783285715,4.714131355285645e-05,0.9755714269142856,0.0096446673028571,0.9768870884,0.0843520286354754,0.0075349085909908,0.0056928569698433,0.0156045116320163,0.0681483378730769,0.0639983622809782,0.0056802594288712,0.0384347905241304,0.0152244981583757,0.0141566341539772,0.1201712074267391,0.0599956382802173,3.0093866166666667,0.3642924565076922,0.3559230657384615,0.0488260932515217,3.5659999,0.0190410614,0.2654336231923077,0.0166320878480434,0.1907947998083333,0.152131465736923,2.0892307734384614,0.2349701608428571,0.004663224219199,0.0199217682761904,0.0346087557878571,100.0,100.0,100.0,100.0,100.0,100.0,100.0,100.0,100.0,100.0,100.0,100.0,100.0,100.0,100.0,100.0,100.0,100.0,100.0,0.0,100.0,100.0,100.0,0.0,0.0,100.0,100.0,100.0,100.0,76.92307692307692,100.0,100.0,100.0,100.0,low_traffic,1
0.0153305351418309,0.0222246381936074,2.294808956,4.649758338928223e-05,2.384199948,0.0083766762083877,2.39475388,0.1120327827453324,0.0075349085909908,0.0235518750711831,0.0156045116320163,0.069418787952,0.0682652975236842,0.0051587793553037,0.0462315609498947,0.0174415783330297,0.1552192346899464,0.1090117956223157,0.0640866379892631,3.00370812,0.3802011966299999,0.38170001503,0.0566736898803157,3.592,0.012583017346,0.28997261519,0.017807689462,0.1847128617953333,0.21406126018,2.30189995479,0.2535936832,0.0035178334097323,0.0217562293972,0.0353138148741666,100.0,100.0,100.0,100.0,100.0,100.0,100.0,99.79338842975208,100.0,100.0,100.0,100.0,100.0,100.0,100.0,100.0,100.0,100.0,100.0,0.0,100.0,100.0,100.0,0.0,0.0,100.0,100.0,100.0,100.0,90.0,100.0,100.0,100.0,100.0,low_traffic,1
0.0153110349463063,0.0219629304716849,1.47691325698,5.607008934020997e-05,1.59400009852,0.0084211677305625,1.59932145812,0.144600346422984,0.0075349085909908,0.0385895751034251,0.0156045116320163,0.0906325408252143,0.0632154631499999,0.0046843460620714,0.0445200037890999,0.0200639555200759,0.1884065689252321,0.1361013339877,0.0652880692384,3.012654824,0.3356842994214286,0.3333570956714285,0.0551900076777999,3.5519999920000003,0.0102515220635,0.2372556754121428,0.0175981306976,0.2058371196155454,0.1428141253078571,2.54728570575,0.23811340328,0.0024131679526373,0.019678914023913,0.0373831636723529,100.0,100.0,100.0,100.0,100.0,100.0,100.0,100.0,100.0,100.0,100.0,100.0,100.0,100.0,100.0,100.0,100.0,100.0,100.0,0.0,100.0,100.0,100.0,0.0,0.0,100.0,100.0,100.0,100.0,64.28571428571428,100.0,100.0,100.0,100.0,low_traffic,1
0.01480258226045,0.0215617027098194,1.7877849890625,5.9717893600463866e-05,1.901874955025,0.0096268788180704,1.9116576896875,0.1048727660378949,0.0075349085909908,0.0173989137706746,0.0156045116320163,0.0628006628528571,0.0687529363319318,0.006374744697539,0.0444886359251136,0.01173014456494,0.0299670020354339,0.1289132155965908,0.0649514685885227,3.0043433433333333,0.338077477,0.3319285766928571,0.0546817996192045,3.540000036666666,0.00957345962325,0.2336486066714286,0.0174083357460227,0.2036187015838775,0.1644031830921428,2.566357132178571,0.2509681880125,0.0025497604812017,0.0210779990439285,0.0365522030028205,100.0,100.0,100.0,100.0,100.0,100.0,100.0,99.78118161925602,100.0,100.0,100.0,100.0,100.0,100.0,100.0,100.0,100.0,100.0,100.0,0.0,100.0,100.0,100.0,0.0,0.0,100.0,100.0,100.0,100.0,78.57142857142857,100.0,100.0,100.0,100.0,low_traffic,1
0.0146975036029357,0.02234695562354,2.28189748,4.950165748596192e-05,2.3895000175,0.008947145020923,2.398449,0.0864084858582626,0.0082174767825851,0.006744545250212,0.0178787733606914,0.062567318177647,0.0644137428051063,0.0065226999669552,0.0512127774728723,0.0126583136158636,0.0156883478132333,0.1040126034364893,0.0738966590328421,3.005003184,0.283873572017647,0.2808235672882353,0.0619680982849999,4.31776921923077,0.011257052415,0.1920679737152941,0.0171532580145744,0.1903243820158654,0.1254493208229412,3.7131666968166654,0.2591959476,0.0038231086721005,0.020177464733421,0.0383604381719642,100.0,100.0,100.0,100.0,100.0,100.0,100.0,100.0,100.0,100.0,100.0,100.0,100.0,100.0,100.0,100.0,100.0,100.0,100.0,0.0,100.0,100.0,100.0,0.0,0.0,100.0,100.0,100.0,100.0,38.888888888888886,100.0,100.0,100.0,100.0,low_traffic,2
0.0156960497563948,0.0231422836862079,1.97790364964,4.845261573791504e-05,2.10859999302,0.0100208371857708,2.11054725272,0.0892101197438681,0.0088742298641089,0.0072288452248758,0.0179070977847326,0.053821508696923,0.0692178282295049,0.0074358595167092,0.0532574157813861,0.0133158500477676,0.0178143753164528,0.1136873358298019,0.0803215834029703,3.0056979200000007,0.2987943428769231,0.2923845877461538,0.0645346735837623,3.5813333550000004,0.0102404355975,0.2043025309746154,0.0180463082674257,0.1970664724163963,0.136084758286923,3.1838461201230763,0.24431502815,0.0076675274776261,0.0203066534408333,0.0348657568255555,100.0,100.0,100.0,100.0,100.0,100.0,100.0,99.01574803149606,100.0,99.1869918699187,100.0,100.0,100.0,100.0,100.0,100.0,96.22641509433964,100.0,100.0,0.0,100.0,100.0,100.0,0.0,0.0,100.0,100.0,100.0,100.0,53.84615384615385,100.0,98.03921568627452,100.0,100.0,low_traffic,2
0.0167261552905774,0.0253435848434264,1.9883192576428568,4.838705062866211e-05,2.4047778143333334,0.0097410456016822,2.288617051733333,0.0923829635720124,0.0072695425102191,0.0108020900310292,0.0170085299449178,0.066330230231,0.0638285146094174,0.0057230796003706,0.0556893279164077,0.0155932789737767,0.0271177871772432,0.1142745943660194,0.0806061156625242,3.0044367666666667,0.292570531325,0.28830003733,0.0661456353364077,3.571666635,0.008810997009,0.201107418489,0.0169023587818446,0.1888974324345133,0.129122531389,2.8386666404857146,0.2546072005571428,0.0242778158147104,0.0211720296278571,0.0344161247334482,100.0,100.0,100.0,100.0,77.77777777777777,100.0,77.77777777777777,96.93486590038314,100.0,97.50566893424036,100.0,100.0,100.0,100.0,100.0,100.0,89.1891891891892,100.0,100.0,0.0,100.0,100.0,100.0,0.0,0.0,100.0,100.0,100.0,100.0,61.90476190476191,100.0,94.0,100.0,100.0,low_traffic,2
0.0157390044535483,0.0250491145571647,2.3141481833333333,4.819035530090332e-05,3.009999986,0.009181730560923,2.8016641580000003,0.0842182454512441,0.0128794193257999,0.0090671412666338,0.014939212794,0.067656707758,0.0671394056402912,0.0052058346613076,0.0529028998910679,0.0149775972734471,0.0203987184075737,0.1033202559996116,0.0766558322997087,3.011930695,0.3471383571199999,0.34360003466,0.0636602026653398,3.57200002,0.011257052415,0.25282278057,0.0181303903850485,0.1790892697676991,0.183032298059,2.92350003463,0.2239163716333333,0.0072124050171714,0.0230686399583333,0.0353792190506666,100.0,100.0,100.0,100.0,60.0,100.0,60.0,97.65625,100.0,98.07909604519774,100.0,100.0,100.0,100.0,100.0,100.0,93.44262295081968,100.0,100.0,0.0,100.0,100.0,100.0,0.0,0.0,100.0,100.0,100.0,100.0,60.0,100.0,96.15384615384616,100.0,100.0,low_traffic,2
0.0159215200069058,0.0221900361395624,1.35628008665,4.914999008178711e-05,1.48699986465,0.0066096081447058,1.4920425403,0.0835989865250767,0.009392678736125,0.0065167197265617,0.0161090046120208,0.09070126214,0.0726096108421874,0.0066165100113455,0.0578854034244791,0.0149356787492485,0.0138148894628461,0.1072269653052083,0.0811479861419791,3.01302087,0.7070099105833334,0.9664285862714286,0.0687604149027083,3.55649995,0.0108597278566666,0.4406403684666666,0.01697081078625,0.1892691670340565,0.3325440474166667,2.7761666338000004,0.30855274195,0.002512850760773,0.0197080969765909,0.0401659890168421,100.0,100.0,100.0,100.0,100.0,100.0,100.0,98.78787878787878,100.0,100.0,100.0,100.0,100.0,100.0,100.0,100.0,100.0,100.0,100.0,0.0,100.0,100.0,100.0,0.0,0.0,100.0,100.0,100.0,100.0,66.66666666666666,100.0,100.0,100.0,100.0,low_traffic,2
0.0145326886498584,0.0219828172463162,1.5974710751333332,4.913210868835449e-05,1.7200000281333334,0.0098748731582,1.722181555933333,0.0888671936301053,0.007042829805967,0.0063597645528447,0.0161252886351538,0.0642178654616666,0.0638880703398901,0.0051420553941755,0.051131882500989,0.014450615649569,0.0158238049675757,0.138152392333956,0.0753861442917582,3.0080651,0.3940020600583334,0.3916666904583333,0.0623626289673626,4.155142811428571,0.01229000091,0.2975223064083334,0.017313556351978,0.2055222515589109,0.1842684745299999,3.15441665805,0.2012263138666666,0.0043805980670545,0.020793216565,0.0360397046202272,100.0,100.0,100.0,100.0,100.0,100.0,100.0,100.0,100.0,100.0,100.0,100.0,100.0,100.0,100.0,100.0,100.0,100.0,100.0,0.0,100.0,100.0,100.0,0.0,0.0,100.0,100.0,100.0,100.0,50.0,100.0,100.0,100.0,100.0,low_traffic,3
0.0193198550797727,0.0227260907461068,0.70276608338,6.123185157775879e-05,0.80179996296,0.0086964149857142,0.81082849304,0.0917910921007261,0.0083191670855473,0.0066373804965505,0.0160493323639789,0.06006493568,0.0651026926438947,0.0057178426661555,0.0506947316516842,0.0211363069170811,0.013466509902,0.1319082259832631,0.0726445574402105,3.0051255166666664,0.33298997872,0.3255000114,0.0614631451968421,3.5366667066666664,0.009237527844,0.2374657153629999,0.0164685098705263,0.2025316079094286,0.174028587303,2.144363659127273,0.24762578008,0.0027633810033785,0.022320355136129,0.0402204920217647,100.0,100.0,100.0,100.0,100.0,100.0,100.0,100.0,100.0,100.0,100.0,100.0,100.0,100.0,100.0,100.0,100.0,100.0,100.0,0.0,100.0,100.0,100.0,0.0,0.0,100.0,100.0,100.0,100.0,72.72727272727272,100.0,100.0,100.0,100.0,low_traffic,3
0.0142042941662557,0.0344786838189564,0.3006043434,4.938244819641113e-05,0.4549999237,0.0083469622057575,0.4702396392,0.095175749531762,0.0082870659058947,0.0127191767737859,0.0157898777374421,0.1013991567655555,0.0662424890518947,0.0081297468243777,0.0513157944857894,0.0150006545104228,0.03693627118325,0.1234985953647368,0.0703861989365263,3.0056242133333337,0.3707657389666667,0.3662221431111111,0.0617473677462105,3.573666726666667,0.011257052415,0.2625454531511111,0.0174809079377894,0.1992235751012381,0.15922829838,1.957777788711111,0.2213659286,0.0130612087218441,0.020773808159,0.0664042846494594,100.0,100.0,100.0,100.0,100.0,100.0,100.0,97.7035490605428,100.0,97.2045743329098,100.0,100.0,100.0,100.0,100.0,100.0,88.33333333333333,100.0,100.0,0.0,100.0,100.0,100.0,0.0,0.0,100.0,100.0,100.0,100.0,66.66666666666666,100.0,92.0,100.0,100.0,low_traffic,3
0.0154161528389639,0.0266485968012157,2.30913734,4.854202270507813e-05,2.41199994,0.0075101511808571,2.42456793,0.091502684646167,0.0086365515971875,0.0111160879574921,0.0162976831159166,0.0646490812249999,0.0644257316852083,0.0067327022540735,0.0497083440364583,0.0120721830413212,0.0290061618520892,0.1228604763489583,0.0741210703933333,3.00871328,0.34705321784,0.33809998031,0.0602083280563541,3.5676666433333337,0.009758949279,0.254678010893,0.0164431631517708,0.1979732962901887,0.1858002662289999,3.07720000466,0.2658839225,0.0127461481066768,0.021405588493409,0.0466417444093103,100.0,100.0,100.0,100.0,100.0,100.0,100.0,96.28865979381445,100.0,96.73776662484316,100.0,100.0,100.0,100.0,100.0,100.0,83.92857142857143,100.0,100.0,0.0,100.0,100.0,100.0,0.0,0.0,100.0,100.0,100.0,100.0,40.0,100.0,92.0,100.0,100.0,low_traffic,3
0.0156465172726086,0.0233940753038616,0.2608616352,4.944205284118652e-05,4.67300009,0.0087523107159259,3.00882768,0.0898831154989124,0.0076842097666176,0.0077299297077037,0.0205106244322058,0.16897431012125,0.0681580641885869,0.0050691889984015,0.045858686376413,0.0133313072705678,0.0121933972363333,0.1384020084061956,0.0650679417181521,3.0081849625,0.7123062607124999,1.72060003202,0.0565000150427173,3.541599986,0.011257052415,0.4645787472624999,0.017988199768913,0.2096245592199019,0.2890136241575,4.3253750460875,0.06625008583,0.0027306985846666,0.0208767950495833,0.0420628104846428,100.0,100.0,100.0,100.0,0.0,100.0,0.0,99.35897435897436,100.0,99.6005326231691,100.0,100.0,100.0,100.0,100.0,100.0,100.0,100.0,100.0,0.0,100.0,100.0,100.0,0.0,0.0,100.0,100.0,100.0,100.0,25.0,100.0,100.0,100.0,100.0,low_traffic,3
0.0149568538016513,0.0220817202919076,1.33590159022,5.609393119812012e-05,1.9008333658000005,0.0057415008525999,1.8169427662166668,0.0835791281817322,0.0073665638213378,0.0059518626417049,0.0161023945384054,0.094138438866923,0.0672039173890425,0.0044516716424701,0.0484468150525531,0.011364580926541,0.0116527772694516,0.1176260658398936,0.0692225922790425,3.0201566200000003,0.5253535230615384,0.9512856856428572,0.0589042445331914,4.5557500675,0.009818553923,0.3247259209823077,0.0161063620339361,0.190842990614423,0.2151696864992307,3.146500073378572,0.28771691316,0.002467524770654,0.0214836938017142,0.0382161210499999,100.0,100.0,100.0,100.0,83.33333333333333,100.0,83.33333333333333,99.5850622406639,100.0,100.0,100.0,100.0,100.0,100.0,100.0,100.0,100.0,100.0,100.0,0.0,100.0,100.0,100.0,0.0,0.0,100.0,100.0,100.0,100.0,64.28571428571428,100.0,100.0,100.0,100.0,low_traffic,4
0.0154954441997297,0.0226150561034549,2.28423047,5.35428524017334e-05,2.52199983,0.0101559843297142,2.53353381,0.0838462868886996,0.0073460297907142,0.0061636845934865,0.0158301719564107,0.086799216258,0.063223566315204,0.0051654300819855,0.0482040838235714,0.0129590557358556,0.010886559880625,0.1174838640069387,0.0683112849855102,3.00472402,0.35486502643,0.3448999642799999,0.0591428596045918,3.5764999925,0.01063346862,0.2463011026,0.0161407115462244,0.1889002102010185,0.157832145653,2.36420001741,0.2774534225,0.0027243249551377,0.0212206556654761,0.0365583653306122,100.0,100.0,100.0,100.0,100.0,100.0,100.0,99.7983870967742,100.0,100.0,100.0,100.0,100.0,100.0,100.0,100.0,100.0,100.0,100.0,0.0,100.0,100.0,100.0,0.0,0.0,100.0,100.0,100.0,100.0,60.0,100.0,100.0,100.0,100.0,low_traffic,4
0.0161399852013063,0.025100993755953,2.2980967725,4.793405532836914e-05,2.3792499275,0.0090776347405755,2.39199203,0.1088772972611378,0.0074491947877395,0.020242873874258,0.0162062843607291,0.0823680162308333,0.0684930557897916,0.0053047081995514,0.0518854310010416,0.0164630055160996,0.0385291576333,0.1133217364309375,0.0755319843547916,3.006751864,0.4095393418666666,0.401916682675,0.0622291838005208,4.20916676,0.00899541378,0.305424670325,0.0199247325408333,0.1911098079451887,0.1743273138641666,3.2210833395750007,0.2698667049,0.0028310897299086,0.0225029611556,0.0448179895154545,100.0,100.0,100.0,100.0,100.0,100.0,100.0,100.0,100.0,100.0,100.0,100.0,100.0,100.0,100.0,100.0,100.0,100.0,100.0,0.0,100.0,100.0,100.0,0.0,0.0,100.0,100.0,100.0,100.0,58.333333333333336,100.0,100.0,100.0,100.0,low_traffic,4
0.0191333413088181,0.0218750706392085,1.7905313899,5.051493644714356e-05,1.945999974975,0.0079722023004,1.949359713525,0.100401245341291,0.0080860112830526,0.0167718697962863,0.0159185760859684,0.0879402160562499,0.0643679141915789,0.0057488441460518,0.0478842032513684,0.0142081537770918,0.0339718965362051,0.0990354562847368,0.0670769490573684,3.00390577,0.4268067776625,0.4251249730124999,0.0585473687942105,3.52699995,0.01012587547,0.3139124214125,0.0166133253155789,0.172391457748,0.2178759276524999,2.2152500109,0.236567378,0.0024179647544232,0.0230658142579629,0.0325217106711764,100.0,100.0,100.0,100.0,100.0,100.0,100.0,100.0,100.0,100.0,100.0,100.0,100.0,100.0,100.0,100.0,100.0,100.0,100.0,0.0,100.0,100.0,100.0,0.0,0.0,100.0,100.0,100.0,100.0,87.5,100.0,100.0,100.0,100.0,low_traffic,4
0.0151074314983018,0.0215123591496877,0.3279618024,4.8267841339111325e-05,0.4569998979499999,0.0098091443334,0.46952927105,0.0893706088231781,0.0078563742573516,0.0108460399789897,0.0156313560772307,0.1005288759708333,0.0702369134384615,0.0054194417609923,0.0509120867705494,0.0123434701330899,0.0316535873645217,0.0961821996081318,0.0710322286610869,3.008429481666667,0.5503350091416667,0.9988461638999998,0.0616483583445054,3.763285768571429,0.009812951087,0.3474347982908333,0.0177603422906593,0.1743465838675247,0.2341102560058333,3.0109166672500005,0.2720256645666666,0.0027560091010644,0.0209382353572972,0.032452670890204,100.0,100.0,100.0,100.0,100.0,100.0,100.0,100.0,100.0,100.0,100.0,100.0,100.0,100.0,100.0,100.0,100.0,100.0,100.0,0.0,100.0,100.0,100.0,0.0,0.0,100.0,100.0,100.0,100.0,50.0,100.0,100.0,100.0,100.0,low_traffic,4
0.0151638273759174,0.0224517174582073,2.94492959,4.657506942749023e-05,3.594857141428572,0.0087402842218636,3.01048493,0.0859114505126422,0.0081184924906382,0.0062963657981767,0.0174095478421808,0.0874698672892857,0.063495334149468,0.0062378680516343,0.0546382792364893,0.0148948475566598,0.0133762882949999,0.1189133664155319,0.0805263341607446,3.003113218,0.3973187037428571,0.3952142680928571,0.0651276568040425,3.967399974,0.009056448936,0.2953026464357143,0.0173117860787234,0.1920541662020192,0.1670503445714285,3.7598000008,0.2417664527,0.0026839542380215,0.023045428090625,0.0386803668434782,100.0,100.0,100.0,100.0,0.0,100.0,0.0,100.0,100.0,100.0,100.0,100.0,100.0,100.0,100.0,100.0,100.0,100.0,100.0,0.0,100.0,100.0,100.0,0.0,0.0,100.0,100.0,100.0,100.0,20.0,100.0,100.0,100.0,100.0,low_traffic,5
0.0140279072944534,0.0242751125173064,0.2608616352,4.775524139404297e-05,3.57324999,0.008628166953931,3.01922893,0.0888637433171926,0.008471478235764,0.0098727778330206,0.0149995316242022,0.0622123347344444,0.0678734645304494,0.0053958726476279,0.0465168524248314,0.0139538390834431,0.0189138806352608,0.124141433237528,0.0670338801991011,3.012860115,0.3998968335777778,0.3962221939888889,0.057438207467191,3.5502500475,0.0110568046512,0.2754862838,0.0163442659873033,0.1963040081764646,0.2029802534044444,3.64219996619,0.06625008583,0.0038502597800742,0.0239749585841176,0.040866113170196,100.0,100.0,100.0,100.0,0.0,100.0,0.0,96.96969696969695,100.0,97.48603351955308,100.0,100.0,100.0,100.0,100.0,100.0,95.65217391304348,100.0,100.0,0.0,100.0,100.0,100.0,0.0,0.0,100.0,100.0,100.0,100.0,20.0,100.0,100.0,100.0,100.0,low_traffic,5
0.01459592439218,0.0263863192617295,1.02274513,4.892945289611816e-05,4.142000004000001,0.0129664597427808,2.701368745,0.093224576438537,0.0075349085909908,0.0133202968487322,0.0156045116320163,0.0718470720042307,0.0649893057858947,0.0057923511208962,0.0512842102962105,0.0161244255484341,0.0382704269532926,0.1255558339922105,0.0768114516493684,3.01180988,0.316902802476923,0.3061538475692308,0.0621157771573684,3.6027500575,0.007699012756,0.21596420724,0.017529472548,0.1976008800809524,0.1357989677715385,2.907615364330769,0.2699363231,0.0090210485430504,0.0226568976987499,0.0424079333970588,100.0,100.0,100.0,100.0,20.0,100.0,25.0,93.20987654320987,100.0,94.67005076142132,100.0,100.0,100.0,100.0,100.0,100.0,85.36585365853658,100.0,100.0,0.0,100.0,100.0,100.0,0.0,0.0,100.0,100.0,100.0,100.0,46.15384615384615,100.0,92.0,100.0,100.0,low_traffic,5
0.0204190576046999,0.0261119899852509,0.2608616352,4.785656929016113e-05,3.571333406666666,0.0148166647294423,3.01179945,0.0950384240286666,0.0073978185640499,0.0106502890568033,0.0123983979192499,0.14298740027375,0.0689432210710752,0.007142414722624,0.0550214962192473,0.0171020878466002,0.038091009848025,0.1200900154473118,0.0784254381566666,3.00391793,0.4287140070999999,0.4236249625125,0.0656774095180645,3.534000035,0.009284973144,0.3201036154875,0.0170939994070967,0.1990766710093203,0.175367742735,2.56624996425,0.06625008583,0.015454897873303,0.0213235491160526,0.0381064672662162,100.0,100.0,100.0,100.0,0.0,96.15384615384616,0.0,97.46835443037976,100.0,96.97368421052632,100.0,100.0,100.0,100.0,100.0,100.0,87.5,100.0,100.0,0.0,100.0,100.0,100.0,0.0,0.0,100.0,100.0,100.0,100.0,50.0,100.0,90.0,100.0,100.0,low_traffic,5
0.0150060557322727,0.0224298043006002,0.2608616352,4.921555519104004e-05,3.55599999,0.0104290346295833,3.00085639,0.0870231877987867,0.0080290323198214,0.0066323314115955,0.0156406902094047,0.0845695733949999,0.0647476581706383,0.0051932334888582,0.0445638235501276,0.0132050954754178,0.0151012127187307,0.1333986926370212,0.0661309678382978,3.0056736425,0.3632933795,0.3537500500125,0.0550212783920212,3.55349999,0.009595513343,0.2575865387525,0.0168030997501063,0.2037251270341346,0.16731658573125,2.9571249446375,0.06625008583,0.0039727641976453,0.0197525301623255,0.0344042272233333,100.0,100.0,100.0,100.0,0.0,100.0,0.0,99.58419958419958,100.0,100.0,100.0,100.0,100.0,100.0,100.0,100.0,100.0,100.0,100.0,0.0,100.0,100.0,100.0,0.0,0.0,100.0,100.0,100.0,100.0,37.5,100.0,100.0,100.0,100.0,low_traffic,5
0.0189192558776991,0.0233496876692473,1.308305797075,4.845261573791504e-05,1.4542500335750002,0.0114492248029411,1.45633560145,0.0981070076737036,0.0077217792965204,0.0060554351260508,0.0173934041197653,0.0910375484953846,0.0634758448008163,0.007422037745,0.0452244889921428,0.0132900934516613,0.0124996946381153,0.1634878624886734,0.0661512321227551,3.0102945899999995,0.4052196648923077,0.4016154178692308,0.0560204252798979,3.6466666,0.0091954469675,0.2892982042269231,0.0176793823391836,0.2336587153643518,0.1907428227515384,1.9403999928066669,0.26996831888,0.0034720754614011,0.019978218076,0.0368318955023333,100.0,100.0,100.0,100.0,100.0,100.0,100.0,99.59677419354838,100.0,100.0,100.0,100.0,100.0,100.0,100.0,100.0,100.0,100.0,100.0,0.0,100.0,100.0,100.0,0.0,0.0,100.0,100.0,100.0,100.0,80.0,100.0,100.0,100.0,100.0,low_traffic,6
0.0154083092245412,0.0213004795440837,2.3136294185714283,4.870891571044922e-05,2.3937142542857144,0.0078076744072,2.406113347142857,0.1053301665135281,0.0103878061802234,0.0139759517804775,0.0154422394737127,0.0719118780472222,0.0672774619126595,0.0063250136008432,0.0453617065415957,0.0145444593865573,0.0467272996832608,0.1462208412797872,0.0636644921285106,3.0057846250000004,0.3085773123111111,0.3017777733777777,0.0564999960714893,4.056666661111112,0.0099904537165,0.2129508786349999,0.0166728699409574,0.22035431390375,0.133726490845,3.3556666585222223,0.2660701870374999,0.0042833487184572,0.0222201100672413,0.0405387256413043,100.0,100.0,100.0,100.0,100.0,100.0,100.0,99.79123173277662,100.0,100.0,100.0,100.0,100.0,100.0,100.0,100.0,100.0,100.0,100.0,0.0,100.0,100.0,100.0,0.0,0.0,100.0,100.0,100.0,100.0,55.55555555555556,100.0,100.0,100.0,100.0,low_traffic,6
0.0146752351061607,0.0214113649625941,0.3601768016,4.791617393493652e-05,0.5060000419,0.0084777162183333,0.5159349441,0.0993733299060792,0.0082186325293298,0.016465998576755,0.0152338460509072,0.0862305760299999,0.0657738754292783,0.0059079967267007,0.0445154671721649,0.0142946311902941,0.0886654548071538,0.1137955483440206,0.0636744400769072,3.0069739,0.3693276345249999,0.3651250004249999,0.0553917540620618,3.582666633333333,0.010630488394,0.26866400237375,0.0157011587553608,0.1876909999817756,0.1715396940375,2.165999976125,0.2584526538,0.0045057439795046,0.0243690146275,0.0398584297685714,100.0,100.0,100.0,100.0,100.0,100.0,100.0,100.0,100.0,100.0,100.0,100.0,100.0,100.0,100.0,100.0,100.0,100.0,100.0,0.0,100.0,100.0,100.0,0.0,0.0,100.0,100.0,100.0,100.0,62.5,100.0,100.0,100.0,100.0,low_traffic,6
0.0156692244354629,0.0240423302867614,1.601045368033333,4.933476448059082e-05,1.70083327715,0.0089648125763358,1.7104943155333332,0.1122526163123789,0.0089224820478279,0.0197338979624768,0.0153752065438924,0.06519405046275,0.0672659899474193,0.0070819675463308,0.0670752576529032,0.0174992298245454,0.0555101142145441,0.1253240672217204,0.0858165576588172,3.00338816,0.336179196775,0.3298333088166666,0.0786666741308602,3.650666786666666,0.0111450354226666,0.2359274227966666,0.0187208549905376,0.2132039230934951,0.1660086512283333,2.4814999866666665,0.2295765876428571,0.0026339154968115,0.0234542778485714,0.0447851877887179,100.0,100.0,100.0,100.0,100.0,100.0,100.0,100.0,100.0,100.0,100.0,100.0,100.0,100.0,100.0,100.0,100.0,100.0,100.0,0.0,100.0,100.0,100.0,0.0,0.0,100.0,100.0,100.0,100.0,75.0,100.0,100.0,100.0,100.0,low_traffic,6
0.0163445135098672,0.0219030656649217,1.28954205384,4.892945289611816e-05,2.8965714544857137,0.0090682025117596,1.68945479292,0.0936326254790588,0.0074928609680102,0.006390411487105,0.0158897297683775,0.0614095846766666,0.066561029870102,0.0062784198390217,0.0582448852210204,0.0146614573195102,0.0111658225424583,0.1520936999771428,0.0883805119098979,3.008005668888889,0.3094004630466666,0.3175333340399999,0.0696530633916326,3.5478888844444443,0.009175062179,0.216717147788,0.0164020037118367,0.223468491155463,0.1432424386053333,3.67949996061875,0.2846032142,0.0034076261508846,0.0210075785417073,0.0372391317158695,100.0,100.0,100.0,100.0,100.0,100.0,100.0,100.0,100.0,100.0,100.0,100.0,100.0,100.0,100.0,100.0,100.0,100.0,100.0,0.0,100.0,100.0,100.0,0.0,0.0,100.0,100.0,100.0,100.0,43.75,100.0,100.0,100.0,100.0,low_traffic,6
0.0154293069092129,0.0226850527530422,1.303948757225,4.869699478149414e-05,1.376999911825,0.0085078583816666,1.384574351475,0.0912040794227871,0.0081358622468064,0.0063466399152336,0.0181127209769139,0.0610828637959999,0.0655694853773118,0.0052791448455187,0.052870981146129,0.0154663950336469,0.0129820346801,0.1525615286833333,0.0763909739687096,3.003600353333333,0.32362964149,0.3223000287499999,0.063473124646129,3.5590000066666665,0.0104254086796666,0.23195862765,0.0185880481505376,0.2210038749541747,0.164642500862,2.220727266872727,0.26623821255,0.0029499484034502,0.023154169314,0.0394123211817948,100.0,100.0,100.0,100.0,100.0,100.0,100.0,99.58071278825996,100.0,100.0,100.0,100.0,100.0,100.0,100.0,100.0,100.0,100.0,100.0,0.0,100.0,100.0,100.0,0.0,0.0,100.0,100.0,100.0,100.0,72.72727272727272,100.0,100.0,100.0,100.0,low_traffic,7
0.0160271717115652,0.0229417042736213,2.29584169,4.859459705841847e-05,2.450666583333333,0.0079402362591176,2.4565565533333333,0.0970681812947057,0.00976366281372,0.0086536020367834,0.0155347895579899,0.0876374027763636,0.0659619307434,0.0054172583979928,0.0537999915973,0.0149403298830652,0.0111000335798644,0.1510464452782,0.0754163884985,3.0109674275,0.3787738192636363,0.3781818692727273,0.0646899938479999,3.5612499675,0.01322976748,0.2742634686,0.0166653919173,0.2213385104065454,0.1791745315645454,2.704636354809092,0.2566134134333333,0.0026482629768893,0.0204749269854545,0.0352231083445454,100.0,100.0,100.0,100.0,100.0,100.0,100.0,100.0,100.0,100.0,100.0,100.0,100.0,100.0,100.0,100.0,100.0,100.0,100.0,0.0,100.0,100.0,100.0,0.0,0.0,100.0,100.0,100.0,100.0,63.63636363636363,100.0,100.0,100.0,100.0,low_traffic,7
0.0162294843882173,0.0239739741559545,2.29589706,4.863142967224121e-05,2.394199988,0.0075305567833888,2.40493154,0.1458435042114211,0.00800675392024,0.0377189775334283,0.01595888375913,0.0808717104046153,0.0661342096219,0.0055985059048214,0.0527799892341,0.024935233351227,0.0553385711341343,0.1508992194889999,0.0743695735786,3.0054615266666667,0.3472317548384616,0.3478461228307692,0.0634899926089,3.5613333333333337,0.01431894302,0.2399530777076923,0.0170418357805,0.2231782414293636,0.1531351712661538,2.356857195914286,0.245343267875,0.002541670798571,0.0211836632204255,0.0394045511809523,100.0,100.0,100.0,100.0,100.0,100.0,100.0,100.0,100.0,100.0,100.0,100.0,100.0,100.0,100.0,100.0,100.0,100.0,100.0,0.0,100.0,100.0,100.0,0.0,0.0,100.0,100.0,100.0,100.0,78.57142857142857,100.0,100.0,100.0,100.0,low_traffic,7
0.0156921095514601,0.0239004518636661,1.91529712346,5.692839622497559e-05,2.01740002058,0.0095687044978333,2.0262908897399994,0.1262913882846952,0.0071183662015816,0.0299289326624454,0.015765518554204,0.0684305154315384,0.0679196216510204,0.007620493568913,0.0463877575664285,0.013865610947109,0.126932074417109,0.1240134117320408,0.0737006785819387,3.009609694285714,0.3110639498461538,0.3106923286307692,0.0571326479533673,4.053124985,0.01544439792475,0.2183115115092307,0.0174684329853061,0.2015151381054629,0.14426213042,3.379500044435715,0.24511609072,0.0027161949079436,0.0215234061045833,0.0375038224254054,100.0,100.0,100.0,100.0,100.0,100.0,100.0,99.2,100.0,100.0,100.0,100.0,100.0,100.0,100.0,100.0,100.0,100.0,100.0,0.0,100.0,100.0,100.0,0.0,0.0,100.0,100.0,100.0,100.0,50.0,100.0,100.0,100.0,100.0,low_traffic,7
0.0150573953533486,0.0214845280114136,1.28717469835,4.935860633850098e-05,1.4119999984499998,0.009892889943909,1.4244552217000002,0.0891487255370666,0.0093690752974078,0.0061078887791319,0.0155807953093421,0.0712119665963636,0.0672311275464893,0.0058241068418582,0.0538510515260638,0.0149832777969093,0.0168092610669622,0.1324306447234042,0.0737730010890425,3.0052965433333334,0.3492351228,0.3400000008,0.0643936116569149,3.6446666666666654,0.011120637252,0.249790625090909,0.0171093382687234,0.2086355823329808,0.1758585192518181,2.217545461609092,0.25723538394,0.004447261491595,0.0241250498486206,0.0389439311617647,100.0,100.0,100.0,100.0,100.0,100.0,100.0,100.0,100.0,100.0,100.0,100.0,100.0,100.0,100.0,100.0,100.0,100.0,100.0,0.0,100.0,100.0,100.0,0.0,0.0,100.0,100.0,100.0,100.0,72.72727272727272,100.0,100.0,100.0,100.0,low_traffic,7
0.0152412519240654,0.0214532071859609,1.26252412,4.935264587402344e-05,4.6576666,0.0083854174359191,2.97039532,0.0892501561821999,0.0080757322507282,0.0064015895750843,0.0164045484132499,0.1190227440285714,0.0676315659957608,0.0054630402353333,0.0490869490909782,0.0189632177328665,0.0115712145519148,0.1427315551067391,0.0656311900636956,3.0084951475,0.4461193425,0.4385714190000001,0.0593152253410869,3.5560000475,0.0111625194535,0.3335911205371428,0.0169914131532608,0.2134517640734313,0.2104358332242857,4.35949998555,0.3389523029,0.0033531968401593,0.0224065592363157,0.0366812515208,100.0,100.0,100.0,100.0,66.66666666666666,100.0,50.0,100.0,100.0,100.0,100.0,100.0,100.0,100.0,100.0,100.0,100.0,100.0,100.0,0.0,100.0,100.0,100.0,0.0,0.0,100.0,100.0,100.0,100.0,37.5,100.0,100.0,100.0,100.0,low_traffic,8
0.0150921967617117,0.0224455437209618,2.38086875,4.884600639343262e-05,2.513999933333333,0.0091347694376642,2.506683346666667,0.0835314072150721,0.0076505218930208,0.0070629161685726,0.0172921319763645,0.062911402090909,0.0645209302415625,0.0064919906488014,0.0509583254575,0.0145262342961393,0.0129025054672727,0.1074014454874999,0.0739452416576041,3.007265134,0.4227426701727272,0.4237272522090909,0.0615520824867708,3.567600006,0.01092386245,0.3223347880090909,0.0157839978689583,0.1813598758418868,0.2018492438345454,3.107545460118182,0.3421496549666666,0.0034588909139608,0.0222594410737254,0.0339171110155814,100.0,100.0,100.0,100.0,100.0,100.0,100.0,100.0,100.0,100.0,100.0,100.0,100.0,100.0,100.0,100.0,100.0,100.0,100.0,0.0,100.0,100.0,100.0,0.0,0.0,100.0,100.0,100.0,100.0,54.54545454545455,100.0,100.0,100.0,100.0,low_traffic,8
0.016865597827094,0.0283802630149339,1.90061139764,4.887580871582031e-05,2.01200003238,0.0086947769359799,2.02532529398,0.0946988951585736,0.0080533775614313,0.0113057192353351,0.0156669803661568,0.0804159641157142,0.0678566483760784,0.0061125050121549,0.0458823512496078,0.0136545396930685,0.0224941603951836,0.1234243897541176,0.0640873324538235,3.010256405,0.2970878225928571,0.2998571225071428,0.0564901992286274,3.5647499525,0.01207590103,0.1977744612914285,0.0160990602786274,0.1976282574894642,0.1156268289878571,2.401142849428571,0.26113476748,0.0138264846751942,0.0232896095924324,0.0347519091146428,100.0,100.0,100.0,100.0,100.0,99.49748743718592,100.0,96.2671905697446,100.0,96.7853042479908,100.0,100.0,100.0,100.0,100.0,100.0,95.91836734693878,100.0,100.0,0.0,100.0,100.0,100.0,0.0,0.0,100.0,100.0,100.0,100.0,71.42857142857143,100.0,94.0,100.0,100.0,low_traffic,8
0.0150878965144943,0.0330590662251728,2.326389863333333,4.791021347045898e-05,2.413333413333333,0.0101193473420634,2.427542443333333,0.0911563276050458,0.0070906078682164,0.0141709705266532,0.0160693163690103,0.0813142703030769,0.0633289666448453,0.0047252543642846,0.0508659869046391,0.0159977810584325,0.0326235585004878,0.1085199621294845,0.0717467647105154,3.008230363333333,0.5241071624230769,0.5236153785230769,0.0613505324044329,3.57149998,0.010898351664,0.3218955624538461,0.0172036406874226,0.1795904413129906,0.2279688211230769,3.078923092253846,0.2489124139,0.0235753563672147,0.0231501310990625,0.0594880050977777,100.0,100.0,100.0,100.0,100.0,100.0,100.0,95.1219512195122,100.0,94.95073891625616,100.0,100.0,100.0,100.0,100.0,100.0,87.8048780487805,100.0,100.0,0.0,100.0,100.0,100.0,0.0,0.0,100.0,100.0,100.0,100.0,53.84615384615385,100.0,90.3846153846154,100.0,100.0,low_traffic,8
0.0145916014769204,0.0216568611256928,2.27817606,4.821419715881348e-05,4.39874993,0.0069393581805555,2.810896866666667,0.0854986617154037,0.0102417336560833,0.0061760458314991,0.0158961084108611,0.0688053579841176,0.0688537221116842,0.0054049491875111,0.0482842119026315,0.0155354439129155,0.012210175046186,0.1152998346765263,0.0653844030171579,3.0043559025,0.3473396580294117,0.3434117536941177,0.0587263132297894,3.5442500050000003,0.0105249086956666,0.2515045333929412,0.0166814452676842,0.1921295392633333,0.1421617900347058,2.219470583235294,0.1949665546,0.0044753456103681,0.0229901652129032,0.0384247428452631,100.0,100.0,100.0,100.0,25.0,100.0,33.33333333333333,100.0,100.0,100.0,100.0,100.0,100.0,100.0,100.0,100.0,100.0,100.0,100.0,0.0,100.0,100.0,100.0,0.0,0.0,100.0,100.0,100.0,100.0,64.70588235294117,100.0,100.0,100.0,100.0,low_traffic,8
0.0146855270883856,0.0230772290872401,1.29016125115,4.83095645904541e-05,1.48699998835,0.0082665139972727,1.50021457665,0.0842408958743463,0.0075349085909908,0.0065565751030383,0.0156045116320163,0.103466669705,0.0642711567761,0.0086441823398285,0.0454099917348999,0.0118478556346055,0.0138265436309772,0.1119671988288,0.066727113712,3.013143,0.4492328564166666,0.4466667175,0.0560600042255,4.385999866000001,0.0111503601,0.3092847664833333,0.0162380313834,0.1888034646784545,0.1721069812483333,4.087000005,0.21583700175,0.0052876059816312,0.0256645083372222,0.039871567168421,100.0,100.0,100.0,100.0,100.0,100.0,100.0,99.8015873015873,100.0,100.0,100.0,100.0,100.0,100.0,100.0,100.0,100.0,100.0,100.0,0.0,100.0,100.0,100.0,0.0,0.0,100.0,100.0,100.0,100.0,33.33333333333333,100.0,100.0,100.0,100.0,low_traffic,9
0.0158024545074311,0.0229400223546234,1.80316316825,4.84168529510498e-05,1.894500012975,0.0093388110373541,1.91068184035,0.0953311306736437,0.0075349085909908,0.0063767953339445,0.0156045116320163,0.0681499351118181,0.0692337775611224,0.0058362933162753,0.0447857306872448,0.0143221459584465,0.0130747580986326,0.1561983799093877,0.0593764416920408,3.034108515,0.3113373625818181,0.3000909198,0.0553469292862245,3.594000095,0.01043140888,0.2024279507345454,0.0179002868838775,0.229581307427037,0.1241004466872727,2.6770909018909093,0.2536001800749999,0.004246518296258,0.0239559147030555,0.0400411561074999,100.0,100.0,100.0,100.0,100.0,100.0,100.0,100.0,100.0,100.0,100.0,100.0,100.0,100.0,100.0,100.0,100.0,100.0,100.0,0.0,100.0,100.0,100.0,0.0,0.0,100.0,100.0,100.0,100.0,63.63636363636363,100.0,100.0,100.0,100.0,low_traffic,9
0.0154766918373267,0.0210495838720478,2.336181515,4.814267158508301e-05,2.52200007,0.0061299800869999,2.52313113,0.0806178194807749,0.0075349085909908,0.0062651803319734,0.0156045116320163,0.0658061844914285,0.0643333487938888,0.0066068025726461,0.0414222240385555,0.013799788744231,0.0149741389499393,0.0973358551436666,0.059181430593,3.01939511,0.4302888256428571,0.4282857349571429,0.0518999920877777,3.56933339,0.01057338714,0.3129620551285714,0.0174637653567045,0.171257545909,0.2447168826428571,3.087142838314286,0.30100321765,0.0040335475263427,0.0225747782572413,0.0385268926567857,100.0,98.46153846153848,100.0,100.0,100.0,100.0,100.0,99.56709956709956,100.0,100.0,100.0,100.0,100.0,100.0,100.0,100.0,100.0,100.0,100.0,0.0,100.0,100.0,100.0,0.0,0.0,100.0,100.0,100.0,100.0,57.142857142857146,100.0,100.0,100.0,100.0,low_traffic,9
0.0155454162932894,0.0222871437849968,1.7813997252999998,4.958510398864746e-05,2.797999975083333,0.0088431835137435,2.2602628431833334,0.085842887778135,0.0075349085909908,0.0057618960215095,0.0156045116320163,0.0651059309586666,0.0683384572660784,0.0051940226209014,0.038656861167647,0.0144663149781515,0.0154249834427674,0.1154580887381372,0.0559257853174705,3.00653141,0.3508449713133333,0.3420667011933333,0.0490784317754902,3.65425002,0.00979572534325,0.2517228444073333,0.0185798852083838,0.1917810056491071,0.1788448969146666,2.819999946373333,0.2587873935399999,0.0053198758284152,0.0211255848370833,0.0380766221407142,100.0,97.88732394366195,100.0,100.0,66.66666666666666,100.0,66.66666666666666,99.22027290448344,100.0,100.0,100.0,100.0,100.0,100.0,100.0,100.0,100.0,100.0,100.0,0.0,100.0,100.0,100.0,0.0,0.0,100.0,100.0,100.0,100.0,60.0,100.0,100.0,100.0,98.21428571428572,low_traffic,9
0.0147258147415048,0.0224375580264202,1.76136803,4.8089027404785154e-05,2.337999935,0.0098545128755316,2.34116816,0.0895433653883808,0.0075349085909908,0.0058694045165057,0.0156045116320163,0.08403444289375,0.0643281495984782,0.0062165892474772,0.0420217332579347,0.0167396011926512,0.0175273851864318,0.1388364744965217,0.0563667597880434,3.002702705,0.419020712325,0.4157500266375,0.0530543508632608,3.53499996,0.010152935979,0.3050053715125,0.0192180431355434,0.2087058880354902,0.21373441810875,2.2608749838625,0.2597467899,0.0052617692940195,0.022951787165,0.0421399135160784,100.0,100.0,100.0,100.0,100.0,100.0,100.0,100.0,100.0,100.0,100.0,100.0,100.0,100.0,100.0,100.0,100.0,100.0,100.0,0.0,100.0,100.0,100.0,0.0,0.0,100.0,100.0,100.0,100.0,75.0,100.0,100.0,100.0,100.0,low_traffic,9
0.0153038006874056,0.0223862859905665,1.7941484391250002,4.841089248657227e-05,1.894499954275,0.0080387068953658,1.89659457965,0.0845782614117533,0.0075349085909908,0.0060011779903608,0.0156045116320163,0.0683465870890909,0.0632418757896842,0.0061681058663777,0.0383473722505263,0.0126175345247743,0.0126804775639555,0.1219663117833684,0.0575988677156989,3.01590931,0.3743669769454545,0.3700909180636363,0.048599991038421,3.599166625,0.01392292976,0.2855821305445454,0.01699458423,0.1922312895051428,0.21162425384,3.4339090863909094,0.26676111216,0.003527095684044,0.0218869255409677,0.0385536078662068,100.0,100.0,100.0,100.0,100.0,100.0,100.0,100.0,100.0,100.0,100.0,100.0,100.0,100.0,100.0,100.0,100.0,100.0,100.0,0.0,100.0,100.0,100.0,0.0,0.0,100.0,100.0,100.0,100.0,45.45454545454545,100.0,100.0,100.0,100.0,low_traffic,10
0.0160533859268036,0.021460526126532,2.36417365,4.755258560180664e-05,2.47699999,0.0082911101243636,2.48024702,0.0883980324850603,0.0075349085909908,0.005562911932273,0.0156045116320163,0.107713413218,0.0667533826232323,0.0046326016343884,0.0570303189552525,0.0140606372054223,0.0122331910630185,0.1301766429055555,0.0788904063209183,3.01732289,0.41858205792,0.42060003276,0.0673030361566666,3.592499965,0.01539492607,0.3205854892,0.0171658371839583,0.2087643231955963,0.207473516406,2.72479996378,0.2820637226,0.0035812664023446,0.0203595819120689,0.0351965522712,100.0,100.0,100.0,100.0,100.0,100.0,100.0,100.0,100.0,100.0,100.0,100.0,100.0,100.0,100.0,100.0,100.0,100.0,100.0,0.0,100.0,100.0,100.0,0.0,0.0,100.0,100.0,100.0,100.0,60.0,100.0,100.0,100.0,100.0,low_traffic,10
0.0151898587485779,0.0206723796346749,1.6431501656666665,6.063580513000488e-05,1.752666549,0.0086935440692333,1.7519162438333336,0.0903329728826713,0.0075349085909908,0.0060246786428418,0.0156045116320163,0.0836493703933333,0.063885705630404,0.0049003577052589,0.0685151538357575,0.0182511919148445,0.0136250729797735,0.1475337827782828,0.0985725242086734,3.003305193333334,0.3899027505888888,0.3891110949555555,0.0792828424878787,3.54566661,0.011257052415,0.2890684339333333,0.0159452739470526,0.2197615071877981,0.2009417480566666,2.5224444033444446,0.2524950503666667,0.0049408006655821,0.0217389091825,0.0329739201406451,100.0,97.12230215827338,100.0,100.0,100.0,100.0,100.0,99.19354838709675,100.0,100.0,100.0,100.0,100.0,100.0,100.0,100.0,100.0,100.0,100.0,0.0,100.0,100.0,100.0,0.0,0.0,100.0,100.0,100.0,100.0,66.66666666666666,100.0,100.0,100.0,93.5483870967742,low_traffic,10
0.0158378570833936,0.0231058100104483,0.9689022673666666,4.794001579284668e-05,1.081999934633333,0.0081438651448461,1.0822785693333332,0.0877612029554116,0.0075349085909908,0.0063263457304297,0.0156045116320163,0.079323952006923,0.0678089604138383,0.0051807156559136,0.0517979824094949,0.0171863509969338,0.0128595740681111,0.1244949138257575,0.0781750631214,3.014591846666667,0.3175563811749999,0.3363846448230769,0.0624040377159596,3.55233335,0.0125403404176666,0.2292702564423076,0.0182053709493548,0.1981146160233945,0.1453964159776923,1.8289166472416667,0.2531017462,0.0037042140950508,0.0217113983899999,0.0380014683015789,100.0,95.68345323741008,100.0,100.0,100.0,100.0,100.0,98.79518072289156,100.0,100.0,100.0,100.0,100.0,100.0,100.0,100.0,100.0,100.0,100.0,0.0,100.0,100.0,100.0,0.0,0.0,100.0,100.0,100.0,100.0,75.0,100.0,100.0,100.0,97.36842105263158,low_traffic,10
0.0149108536132876,0.0225662148477558,2.27779054,4.841089248657227e-05,2.41700017,0.0096912069121509,2.42055201,0.0843193766363487,0.0075349085909908,0.0065659911081067,0.0156045116320163,0.0646616390728571,0.0639836252858163,0.0046401593988913,0.0531326459263265,0.0145843546472897,0.0124849119470645,0.1192036064078571,0.0778884838886734,3.0084086400000003,0.41784289475,0.3969999721571428,0.0639694028864285,3.584600012,0.014257272079,0.2965958458428571,0.0171745115355102,0.1896177154614814,0.2243583201957142,3.681750024175,0.2323298453666666,0.0030908489217373,0.0229860365314999,0.0393561408561904,100.0,100.0,100.0,100.0,100.0,100.0,100.0,100.0,100.0,100.0,100.0,100.0,100.0,100.0,100.0,100.0,100.0,100.0,100.0,0.0,100.0,100.0,100.0,0.0,0.0,100.0,100.0,100.0,100.0,37.5,100.0,100.0,100.0,100.0,low_traffic,10
0.0144480266157425,0.0212691271716366,1.29176215872,4.913210868835449e-05,1.55199994718,0.0092150422370491,1.55747737614,0.0854624211486874,0.0075349085909908,0.0060153658315177,0.0156045116320163,0.06120816866,0.0688924265320879,0.0065332896828244,0.0483956074905494,0.0152021933182075,0.014919564124625,0.118007827567912,0.0742017122282417,3.02169076,0.3291758389999999,0.3210833668166666,0.0592747363290109,3.568666693333333,0.011257052415,0.2212080359,0.0168858854351578,0.1953645295071287,0.1541605392858333,2.260916646175,0.2985105991,0.005463095271295,0.022472508746,0.0356765022598076,100.0,100.0,100.0,100.0,100.0,100.0,100.0,100.0,100.0,100.0,100.0,100.0,100.0,100.0,100.0,100.0,100.0,100.0,100.0,0.0,100.0,100.0,100.0,0.0,0.0,100.0,100.0,100.0,100.0,75.0,100.0,100.0,100.0,100.0,low_traffic,11
0.0153963667004716,0.0236466268957577,1.3070014694333334,4.950165748596192e-05,2.52849992225,0.0091120243047777,1.628088026528571,0.0874566997240743,0.0075349085909908,0.0063903652693985,0.0156045116320163,0.0890916718238889,0.0652104293217708,0.0055512715779264,0.0541562288890625,0.0148269738016074,0.0126435919213636,0.1144922127114583,0.0755955043466315,3.00807857,0.4509502781277778,0.4447777930777777,0.0652604227184375,3.56150003,0.01163101196,0.2969804203355555,0.0177835459247826,0.1908774218073584,0.1994468897738888,2.797555561816667,0.2441651423166666,0.0023987573729186,0.0227346494775,0.0390483273351851,100.0,98.50746268656717,100.0,100.0,75.0,100.0,85.71428571428571,99.58677685950413,100.0,100.0,100.0,100.0,100.0,100.0,100.0,100.0,100.0,100.0,100.0,0.0,100.0,100.0,100.0,0.0,0.0,100.0,100.0,100.0,100.0,61.11111111111112,100.0,100.0,100.0,96.29629629629628,low_traffic,11
0.0164468881466169,0.0220073786611941,1.18708062,4.788637161254883e-05,2.912999865,0.0090274166389189,2.64292526,0.0831915698729827,0.0075349085909908,0.0062237464192791,0.0156045116320163,0.0953567368571428,0.0663776216181521,0.0059000163357651,0.0498478153391304,0.0158854086125539,0.0134858718255128,0.1032067744384782,0.068256647017234,3.00345134,0.461558938,0.4564285277857142,0.0604130340567391,3.51399993,0.011165618895,0.3472497462914286,0.016901018971839,0.1781143393778431,0.1731118814785714,2.39216665305,0.3364379405,0.0026986157440578,0.0227112539335483,0.0433708906135,100.0,96.21212121212122,100.0,100.0,50.0,100.0,50.0,98.92008639308855,100.0,100.0,100.0,100.0,100.0,100.0,100.0,100.0,100.0,100.0,100.0,0.0,100.0,100.0,100.0,0.0,0.0,100.0,100.0,100.0,100.0,66.66666666666666,100.0,100.0,100.0,100.0,low_traffic,11
0.0165089308906392,0.0227372200336345,2.349645053333333,4.8559904098510745e-05,3.802799984,0.006138205528,2.618548865,0.0857394086160843,0.0075349085909908,0.0064305351155853,0.0156045116320163,0.0798983573830769,0.0665269627779591,0.005522612211471,0.0557346903464285,0.0134219149258967,0.0127585050508048,0.1161370958339796,0.0759925842187878,3.0085474385714286,0.3367113555642857,0.3206154015999999,0.0668877679378571,3.981714277142857,0.01212374369,0.2299729860169231,0.0161593690167346,0.1952138697294444,0.1454832003392307,3.660928601557144,0.270591795375,0.0026115066590861,0.0213302135402222,0.0404856646437037,100.0,99.28057553956836,100.0,100.0,60.0,100.0,75.0,99.19678714859438,100.0,100.0,100.0,100.0,100.0,100.0,100.0,100.0,100.0,100.0,100.0,0.0,100.0,100.0,100.0,0.0,0.0,100.0,100.0,100.0,100.0,42.85714285714285,100.0,100.0,100.0,100.0,low_traffic,11
0.0152280818546976,0.0227169131500317,0.2608616352,4.798173904418945e-05,3.569333386666667,0.0107164117991269,3.0160464366666666,0.0835169582927704,0.0075349085909908,0.0062638057507517,0.0156045116320163,0.0846362113837499,0.0653529316121875,0.0045044737696029,0.0466249957623958,0.0139783143976666,0.0124044496475409,0.1129090562220833,0.064705116045625,3.015780445,0.3924107550875,0.3826250135375,0.0570416649105208,3.596499915,0.01671218872,0.2851071655,0.0167090992094791,0.1838718022463207,0.18820217247125,3.06649997585,0.06625008583,0.002634988110671,0.0199641570033333,0.0388686988041666,100.0,100.0,100.0,100.0,0.0,100.0,0.0,100.0,100.0,100.0,100.0,100.0,100.0,100.0,100.0,100.0,100.0,100.0,100.0,0.0,100.0,100.0,100.0,0.0,0.0,100.0,100.0,100.0,100.0,37.5,100.0,100.0,100.0,100.0,low_traffic,11
0.0154725939694883,0.0234910074364538,1.2876173606,4.867315292358399e-05,2.15700000235,0.0087993409883333,2.025804099225,0.0909198121813196,0.0075349085909908,0.0066863930212373,0.0156045116320163,0.0703908545592857,0.061933020740625,0.0072376482616176,0.0409270971922083,0.0138115606790959,0.0125526741345223,0.1370718677588541,0.0622534950441666,3.0065142475,0.3395717994928571,0.3393570695142857,0.0523333350724999,3.6714999625,0.0115100542683333,0.2466452461921428,0.018468320365625,0.208056553315283,0.1691708223742856,2.391500027507143,0.29882979388,0.0051920039970569,0.0196908152795918,0.04230248076,100.0,100.0,100.0,100.0,75.0,100.0,75.0,99.79508196721312,100.0,100.0,100.0,100.0,100.0,100.0,100.0,100.0,100.0,100.0,100.0,0.0,100.0,100.0,100.0,0.0,0.0,100.0,100.0,100.0,100.0,64.28571428571428,100.0,100.0,100.0,100.0,low_traffic,12
0.0167346756341517,0.0251078350161541,1.6195641338666669,4.8828125e-05,1.7109999631666668,0.0091863097357567,1.7148973904000002,0.0963523835093773,0.0075349085909908,0.0067869339657455,0.0156045116320163,0.0750192006366666,0.0651603103852688,0.0075993179360751,0.0437526856625806,0.015187561234096,0.0111321285339531,0.1081648898127956,0.0657179176039785,3.01890444,0.34408724305,0.3478333949666667,0.0543548342912903,3.54899978,0.01279389858,0.2400564352166666,0.0181732702212,0.2389843763198182,0.1631640195566666,2.184999940333333,0.2667876879,0.0025375263356487,0.0216279118105555,0.0399533087164516,100.0,100.0,100.0,100.0,100.0,100.0,100.0,98.22134387351778,100.0,100.0,100.0,100.0,100.0,100.0,100.0,100.0,100.0,100.0,100.0,0.0,100.0,100.0,100.0,0.0,0.0,100.0,100.0,93.63636363636364,100.0,83.33333333333333,100.0,100.0,100.0,100.0,low_traffic,12
0.0153224945029756,0.0233026995771143,0.2608616352,4.8720836639404296e-05,2.44099998,0.008819996419388,0.4397904872,0.0976651291128896,0.0075349085909908,0.0067535875226602,0.0156045116320163,0.0575027806304285,0.0641193929046428,0.0058202320517338,0.0433809501691666,0.0119246506702898,0.011045009999037,0.1164473976197618,0.0645368893835595,2.861806836470588,0.2643344227414634,0.2590454599568181,0.0543214309685714,3.5610001,0.009067058563,0.1681612187847727,0.0182182814718478,0.2508168449255882,0.0947151309405263,1.699749984125,0.06625008583,0.0026454372055947,0.02292386292975,0.0405665834694444,100.0,100.0,100.0,100.0,100.0,100.0,100.0,97.8768577494692,100.0,100.0,100.0,100.0,100.0,100.0,100.0,100.0,100.0,100.0,100.0,0.0,100.0,100.0,100.0,0.0,0.0,100.0,100.0,92.15686274509804,100.0,50.0,100.0,100.0,100.0,100.0,low_traffic,12
0.0167523279550228,0.0227334084677613,1.30078434,4.926323890686035e-05,5.604333396666667,0.0088628147305357,3.0046671600000003,0.0952743129534828,0.0075349085909908,0.0062493763412601,0.0156045116320163,0.12686568498,0.0632968855806521,0.0084086313375454,0.0489130408798913,0.0150812733062295,0.0144036705786567,0.114718587476413,0.064471247392826,2.861806836470588,0.949149784975,2.2834000548600004,0.0598913042330434,3.5610001,0.0115863482146666,0.4078722595499999,0.0174292423241836,0.2336806033844444,0.2712604403374999,5.4930000266666665,0.3424062728,0.0034705841971741,0.02168668060875,0.0390521526276363,100.0,100.0,100.0,100.0,33.33333333333333,100.0,0.0,98.78787878787878,100.0,100.0,100.0,100.0,100.0,100.0,100.0,100.0,100.0,100.0,100.0,0.0,100.0,100.0,100.0,0.0,0.0,100.0,100.0,94.44444444444444,100.0,100.0,100.0,100.0,100.0,100.0,low_traffic,12
0.0154569479801913,0.0222550693279152,0.2608616352,4.748106002807617e-05,5.0967500175,0.0094911196263076,2.960364455,0.0842035961015052,0.0075349085909908,0.0067066188216151,0.0156045116320163,0.0968852440183333,0.0642088100359139,0.0052316457696315,0.0458279578850537,0.0137747191417992,0.0146125344634901,0.1105142229098924,0.0679163394303225,3.003344175,0.42281818385,0.4243333339166666,0.0566559119797849,4.883666673333334,0.0095880826296666,0.3031314611,0.0168923306165591,0.1823101251608738,0.2045051653633333,4.063222192777777,0.06625008583,0.0030880498876422,0.0215151309902777,0.0372264491144444,100.0,100.0,100.0,100.0,25.0,100.0,50.0,100.0,100.0,100.0,100.0,100.0,100.0,100.0,100.0,100.0,100.0,100.0,100.0,0.0,100.0,100.0,100.0,0.0,0.0,100.0,100.0,100.0,100.0,44.44444444444444,100.0,100.0,100.0,100.0,low_traffic,12
0.0170856235150934,0.0220735109182612,2.307886235,4.920363426208496e-05,4.0760000725,0.0103845310206799,2.6222802766666664,0.0889677828025726,0.0083056169994021,0.0063758798019461,0.0183801391806086,0.058463263507,0.064779696245326,0.0054379250054545,0.0446086888640217,0.0138862356241597,0.0126991627028085,0.1301540291601086,0.0611095557932608,3.007856412,0.31377320286,0.3091000318,0.0552282696083695,4.056500023333334,0.011257052415,0.2192700385519999,0.0165136430534782,0.1994459301462744,0.151170253709,3.72479996167,0.2254861593,0.0025814863340908,0.021136474605,0.0375608126283333,100.0,100.0,100.0,100.0,50.0,100.0,66.66666666666666,100.0,100.0,100.0,100.0,100.0,100.0,100.0,100.0,100.0,100.0,100.0,100.0,0.0,100.0,100.0,100.0,0.0,0.0,100.0,100.0,100.0,100.0,40.0,100.0,100.0,100.0,100.0,low_traffic,13
0.0154694393241964,0.0232208123141204,0.2608616352,4.950165748596192e-05,2.44099998,0.0090640713163333,0.4397904872,0.1179972544184073,0.0083813003642268,0.0062282158904503,0.0165572166406907,0.125283431974,0.0647444135012371,0.0051515398223357,0.0405360767469072,0.016168905263082,0.0114606297905384,0.1279906562708247,0.0597546075931958,3.00973558,0.4940265178199999,0.4870000361999999,0.051175279710103,3.571000095,0.0092002550756666,0.36420173638,0.0176928362856701,0.3439645810916822,0.2371571063599999,2.26259999092,0.06625008583,0.0027556419365842,0.0189513206451999,0.0398419973740816,100.0,100.0,100.0,100.0,100.0,100.0,100.0,100.0,100.0,100.0,100.0,100.0,100.0,100.0,100.0,100.0,100.0,100.0,100.0,0.0,100.0,100.0,100.0,0.0,0.0,100.0,100.0,100.0,100.0,60.0,100.0,100.0,100.0,100.0,low_traffic,13
0.0141284444655752,0.0230677369678771,1.51115145328,5.001425743103028e-05,1.62020001108,0.0086318492874774,1.63201846898,0.187528853796417,0.0081372163713571,0.0057770657704722,0.0160720396969183,0.0647345872976923,0.0644553121134693,0.0056468559339275,0.0435102253470408,0.016283959928455,0.0106497969869305,0.1322909617629591,0.0620410150313265,3.0039752440000003,0.3227934286692308,0.3163845722,0.0543163236209183,3.586399932,0.010377645485,0.2292997103,0.0184595536167346,0.6579224703455556,0.1628159376061538,2.7164615081615384,0.25540509218,0.0028247319004554,0.0188719467640909,0.0396788318894444,100.0,100.0,100.0,100.0,100.0,100.0,100.0,100.0,100.0,100.0,100.0,100.0,100.0,100.0,100.0,100.0,100.0,100.0,100.0,0.0,100.0,100.0,100.0,0.0,0.0,100.0,100.0,100.0,100.0,61.53846153846154,100.0,100.0,100.0,100.0,low_traffic,13
0.0147389184509259,0.0219236800519312,2.2989298466666668,4.749894142150879e-05,2.419333213333333,0.0096050348010769,2.4299707366666667,0.1536181228422953,0.0073894608393978,0.0062659555348856,0.0186326631891505,0.0942501288038461,0.0647538426006451,0.0055155628595714,0.0422580600984946,0.0153887756213867,0.0111136803231318,0.1169557545577419,0.0602383613508602,3.0227338400000003,0.5204678861692308,0.6836923264307693,0.0528064543134408,4.55500006,0.009948015212,0.283262326126923,0.0163386714034408,0.5104433999165049,0.1829064625646153,2.5836153746692307,0.2670141855333333,0.0026506208900065,0.0250635078937142,0.0371155838127083,100.0,100.0,100.0,100.0,100.0,100.0,100.0,100.0,100.0,100.0,100.0,100.0,100.0,100.0,100.0,100.0,100.0,100.0,100.0,0.0,100.0,100.0,100.0,0.0,0.0,100.0,100.0,100.0,100.0,76.92307692307692,100.0,100.0,100.0,100.0,low_traffic,13
0.0147055999060434,0.0218089716739088,1.913413806,4.77910041809082e-05,4.039124982500001,0.0089918034362142,2.565907616,0.086146801008984,0.00786599874369,0.0065000886737924,0.01633526086472,0.1080906050392857,0.0648609375845,0.0049552083008142,0.0440100121386,0.0147890578294585,0.0116166226981176,0.1228823041688999,0.0640434646450999,3.005704755,0.3985802445642857,0.3952142851214286,0.0545599937332,3.561499945,0.01060581207,0.3074925967214286,0.0161432480775,0.1934127524609091,0.1556972775864285,2.86824997995,0.28065400116,0.0025038671485753,0.0216112307080357,0.0362279593905,100.0,100.0,100.0,100.0,100.0,100.0,100.0,100.0,100.0,100.0,100.0,100.0,100.0,100.0,100.0,100.0,100.0,100.0,100.0,0.0,100.0,100.0,100.0,0.0,0.0,100.0,100.0,100.0,100.0,87.5,100.0,100.0,100.0,100.0,low_traffic,13
0.0197669483961363,0.022169807060742,2.0216492203428573,4.842877388000488e-05,2.1348572429142854,0.0066096081447058,2.1465816447857144,0.0922647193475652,0.0093259755288588,0.0068511022634765,0.0174174561183058,0.0638523578593333,0.0647473937455789,0.005503205898874,0.0455999901343157,0.0165784045475741,0.0136909007995818,0.1331293281505263,0.0658195149626373,3.00372457,0.3319710833214285,0.3378666718199999,0.0563052729458947,3.535499925,0.0087630748745,0.22687156991,0.016332390455851,0.2026455719903809,0.1552971044873333,2.1675333304733333,0.2523607866571428,0.0039093629359043,0.0226591825423809,0.0328008770885,100.0,100.0,100.0,100.0,100.0,100.0,100.0,100.0,100.0,100.0,100.0,100.0,100.0,100.0,100.0,100.0,100.0,100.0,100.0,0.0,100.0,100.0,100.0,0.0,0.0,100.0,100.0,100.0,100.0,86.66666666666667,100.0,100.0,100.0,100.0,low_traffic,14
0.0157375009519811,0.0221057353560725,1.6634604101333332,5.165934562683106e-05,1.8100000186000005,0.010970335737923,2.47075545,0.089667469125751,0.0075349085909908,0.0064493150932151,0.0156045116320163,0.1192494800885714,0.0662364984702105,0.0058629707044814,0.0445263134725263,0.014437652987116,0.0115402395047954,0.1349536594333684,0.0618410896655319,3.019731755,0.6989186657285714,1.1048666301866668,0.0552000020592631,4.10424995,0.012708425515,0.38138851045,0.0153154212446739,0.2072030884525714,0.2533876214371428,2.80259999204,0.2601052124666667,0.0029026699057728,0.0231660121159459,0.0370486548914285,100.0,100.0,100.0,100.0,100.0,100.0,100.0,100.0,100.0,100.0,100.0,100.0,100.0,100.0,100.0,100.0,100.0,100.0,100.0,0.0,100.0,100.0,100.0,0.0,0.0,100.0,100.0,100.0,100.0,73.33333333333333,100.0,100.0,100.0,100.0,low_traffic,14
0.0150717265041203,0.023116055149332,1.9485289212166668,4.8111646603315305e-05,2.0708333191,0.0086468239213265,2.1123841961000003,0.1094900865399101,0.0075349085909908,0.006392216092657,0.0156045116320163,0.0779096739557142,0.0680856557141237,0.0065821104659416,0.2335257873824742,0.0153898298374418,0.0103852315358939,0.135536270021134,0.2423797639860606,3.013034004,0.3593278089666667,0.3522142852785714,0.2443505217075258,4.259333328333333,0.010760068892,0.2597958530242857,0.0168601965863,0.3039242729596261,0.1383669205771428,3.0468571489214287,0.2562119960166666,0.0027130174627987,0.0229247344813888,0.0423120474153846,100.0,100.0,100.0,100.0,100.0,100.0,100.0,100.0,100.0,100.0,100.0,100.0,100.0,100.0,100.0,100.0,100.0,100.0,100.0,0.0,100.0,100.0,100.0,0.0,0.0,100.0,100.0,100.0,100.0,64.28571428571428,100.0,100.0,100.0,100.0,low_traffic,14
0.0146649470842713,0.021455477538713,1.48792438246,4.662275314331055e-05,1.5688000166600002,0.0085845711150679,1.379458860716667,0.1179761954076109,0.0075349085909908,0.0068542981033785,0.0156045116320163,0.0694917837725,0.0658128369842045,0.0058307666320937,0.3339090969340909,0.0129339908223765,0.0115286170431803,0.1222029924151136,0.3580306198397727,3.00333428,0.3450109560666667,0.3431666691499999,0.344443177475,3.56399989,0.00840449333025,0.252842903075,0.0168047033464367,0.3454347554754081,0.1800187428608333,1.6388333815499998,0.25165290828,0.0024346067346809,0.0222698068574,0.0385839541680555,100.0,100.0,100.0,100.0,100.0,100.0,100.0,100.0,100.0,100.0,100.0,100.0,100.0,100.0,100.0,100.0,100.0,100.0,100.0,0.0,100.0,100.0,100.0,0.0,0.0,100.0,100.0,100.0,100.0,91.66666666666669,100.0,100.0,100.0,100.0,low_traffic,14
0.0146367079582568,0.0235209500315268,1.86997146348,4.79280948638916e-05,1.98200006142,0.0085875900618795,1.99576201118,0.1178465620481056,0.0075349085909908,0.0065996442592857,0.0156045116320163,0.0830740711818181,0.0682107763083505,0.0060435698838759,0.2884226802812371,0.0156640976333173,0.0108275353881125,0.1473841986502062,0.3212398753505263,3.009913558333333,0.3571375716181818,0.3497272837727273,0.2992989671725773,3.5916667333333336,0.0119326114599999,0.2532654675045454,0.0181756145027368,0.3378221787134579,0.1684629483272727,3.633090924545455,0.2207609017166666,0.0025893052409154,0.020758380273617,0.0386484571354054,100.0,100.0,100.0,100.0,100.0,100.0,100.0,100.0,100.0,100.0,100.0,100.0,100.0,100.0,100.0,100.0,100.0,100.0,100.0,0.0,100.0,100.0,100.0,0.0,0.0,100.0,100.0,100.0,100.0,45.45454545454545,100.0,100.0,100.0,100.0,low_traffic,14
0.0144164946737788,0.022281474438029,0.2608616352,4.945993423461914e-05,3.5655000175,0.0088360764991123,3.0073032325,0.0848403572910265,0.0095017194741,0.0058526441683956,0.0115640878655999,0.066526790455,0.0636881589784375,0.0062368547202058,0.0465416684660416,0.0135533132787045,0.0188577423458958,0.1226294909707291,0.0779377594441666,3.002854056,0.3857923348416667,0.3736666639166667,0.0572499930759375,3.5416000320000003,0.013073682783,0.2845442493391666,0.0183905866919587,0.1943272554295283,0.2162916659808333,3.4060000145583333,0.06625008583,0.0027363208616039,0.0216348852385714,0.0384228229471111,100.0,100.0,100.0,100.0,0.0,100.0,0.0,99.59349593495936,100.0,100.0,100.0,100.0,100.0,100.0,100.0,100.0,100.0,100.0,100.0,0.0,100.0,100.0,100.0,0.0,0.0,100.0,100.0,100.0,100.0,25.0,100.0,100.0,100.0,100.0,low_traffic,15
0.0145897996500917,0.0213935966866794,0.2608616352,4.886984825134277e-05,3.56500005,0.0088672809763423,3.00455808,0.0859415123692884,0.009365706606862,0.0057870476872031,0.014332475329862,0.09404780864,0.062827169270103,0.0061565611471678,0.0537525820881443,0.0143375416069512,0.014240154401878,0.132001195963402,0.0780727224115463,3.008541612857143,0.32811355587,0.32639994617,0.0645773238629896,3.557714287142857,0.009267449374,0.2353801965399999,0.0180824786073195,0.2030993843421495,0.137159705131,3.5557999800800006,0.06625008583,0.005452003478296,0.0222849479057692,0.0377287281835555,100.0,100.0,100.0,100.0,0.0,100.0,0.0,99.59349593495936,100.0,100.0,100.0,100.0,100.0,100.0,100.0,100.0,100.0,100.0,100.0,0.0,100.0,100.0,100.0,0.0,0.0,100.0,100.0,100.0,100.0,20.0,100.0,100.0,100.0,100.0,low_traffic,15
0.0141528663858928,0.0211883792011789,0.2608616352,4.974007606506348e-05,3.5609998650000003,0.0084730547814864,3.003021715,0.1773843953621799,0.008101178197134,0.0058067365277641,0.0157143111044845,0.1329714854438333,0.0676091921565979,0.0049132256605109,0.0493711417381443,0.0208883137094389,0.0126913261389866,0.1290417183609278,0.0733188894451546,3.009965295,0.5141838788499999,0.5103334188,0.0596185738168041,3.6252500375,0.01107311248,0.3806984424,0.0170508610796907,0.6180023045553272,0.2392332156283333,4.540000036666666,0.2805509567,0.0046363735190085,0.021174305957619,0.0353461149529729,100.0,100.0,100.0,100.0,0.0,100.0,0.0,100.0,100.0,100.0,100.0,100.0,100.0,100.0,100.0,100.0,100.0,100.0,100.0,0.0,100.0,100.0,100.0,0.0,0.0,100.0,100.0,100.0,100.0,0.0,100.0,100.0,100.0,100.0,low_traffic,15
0.0158753384403571,0.020174828756073,0.2608616352,4.707574844360351e-05,3.61300015,0.0072782131334615,3.02534723,0.1855080355740266,0.0089726128517319,0.0054674581770485,0.0174588198469587,0.0929879801542857,0.0640958215661855,0.006265659400781,0.0421133999900309,0.0219668493851709,0.0127872089978139,0.1205966226610309,0.0660785153853608,3.0048012075,0.4168125220285715,0.4148571150285714,0.0526494660259793,3.5725000425,0.011257052415,0.3193977900285714,0.0169029309536082,0.6460313657853272,0.2125015258242857,3.3474285891,0.06625008583,0.002965087889878,0.019124317166,0.0348265678278723,100.0,100.0,100.0,100.0,0.0,100.0,0.0,100.0,100.0,100.0,100.0,100.0,100.0,100.0,100.0,100.0,100.0,100.0,100.0,0.0,100.0,100.0,100.0,0.0,0.0,100.0,100.0,100.0,100.0,28.57142857142857,100.0,100.0,100.0,100.0,low_traffic,15
0.0150959721748684,0.0222602250733979,0.2608616352,4.669427871704101e-05,3.55499994,0.0066121986924285,3.009321565,0.094886044501882,0.0081788722901616,0.0061160101313496,0.0147314962678787,0.084714913361,0.0686254910615151,0.0054330551356115,0.0448080891254141,0.0147630240863553,0.0127239333234666,0.1277732511726262,0.0662564966292929,3.00280833,0.3589332341499999,0.34960000508,0.0553131199758585,3.5536665833333334,0.0115889708133333,0.248105430557,0.0175110330439393,0.2395348241786238,0.160760116548,2.45820004699,0.06625008583,0.0033675575248814,0.0207285039544117,0.0349289371064516,100.0,100.0,100.0,100.0,0.0,100.0,0.0,99.6007984031936,100.0,100.0,100.0,100.0,100.0,100.0,100.0,100.0,100.0,100.0,100.0,0.0,100.0,100.0,100.0,0.0,0.0,100.0,100.0,100.0,100.0,50.0,100.0,100.0,100.0,100.0,low_traffic,15
0.0157196776346601,0.0216775171758384,1.8743468082833328,4.887580871582031e-05,2.8607143636857137,0.0099204251911627,2.2082823877166664,0.0939257433195838,0.0075349085909908,0.0066031748257625,0.0156045116320163,0.0858403352446153,0.0641080581509782,0.0058627110527727,0.0521630437366304,0.0172832639029037,0.0123119701923125,0.163276830381413,0.0799393577625531,3.003256555,0.3440462350333333,0.3455384694153846,0.0627173807156521,4.128714317142857,0.0097609758339999,0.259832437176923,0.0163529882988297,0.2299489108932353,0.1664487214930769,3.982750013333334,0.2576615412666667,0.0036507587800304,0.0202494986463829,0.0389196660731111,100.0,100.0,100.0,100.0,100.0,100.0,100.0,100.0,100.0,100.0,100.0,100.0,100.0,100.0,100.0,100.0,100.0,100.0,100.0,0.0,100.0,100.0,100.0,0.0,0.0,100.0,100.0,100.0,100.0,50.0,100.0,100.0,100.0,100.0,low_traffic,16
0.0149416898648958,0.0226766700715126,2.3099726140000003,4.829168319702149e-05,2.400399966,0.0082316863810487,2.4180830440000003,0.0889038834974379,0.0075349085909908,0.0070782350064987,0.0156045116320163,0.0677027152084615,0.0695049818094186,0.0063517585621111,0.0536744040013953,0.014362418293165,0.0127671073955,0.1335903073229069,0.0756433924827907,3.018320855,0.366672699223077,0.3602307942692307,0.0641511567686046,3.56200003,0.0110913117693333,0.2639782061615384,0.0170205116225882,0.2084419031579166,0.189287332326923,2.605285710371429,0.24415683742,0.0038538465686749,0.0247530376152941,0.0372982554917777,100.0,100.0,100.0,100.0,100.0,100.0,100.0,100.0,100.0,100.0,100.0,100.0,100.0,100.0,100.0,100.0,100.0,100.0,100.0,0.0,100.0,100.0,100.0,0.0,0.0,100.0,100.0,100.0,100.0,71.42857142857143,100.0,100.0,100.0,100.0,low_traffic,16
0.0163209708415763,0.0220932745363936,1.77456551485,4.946589469909668e-05,1.9047500449,0.0090497055541441,1.9103875715,0.1329666923084485,0.0075349085909908,0.0063691751024979,0.0156045116320163,0.074875559117,0.0633248129981318,0.0059609886334274,0.0450769178091208,0.0184712769939084,0.0108901214579333,0.1230481142295604,0.070959236298913,3.02129077,0.4263537951571429,0.4201428549142857,0.0558681225964835,3.57199978,0.01239109039,0.2909243787714285,0.01662448657,0.4125387502954455,0.2143429006414285,2.402857129085714,0.2258921264999999,0.0036293888079625,0.0205598804616666,0.034328957962,100.0,100.0,100.0,100.0,100.0,100.0,100.0,100.0,100.0,100.0,100.0,100.0,100.0,100.0,100.0,100.0,100.0,100.0,100.0,0.0,100.0,100.0,100.0,0.0,0.0,100.0,100.0,100.0,100.0,85.71428571428571,100.0,100.0,100.0,100.0,low_traffic,16
0.0151647904982926,0.0223178663294724,2.30042803,4.808306694030762e-05,3.988199944,0.0094330451052941,2.7250791725,0.1361151769943183,0.0075349085909908,0.0061682963103631,0.0156045116320163,0.0718654935954545,0.0683907807441758,0.0050714470950687,0.0563626367857142,0.0216940983829673,0.0108966191583466,0.1281971066648351,0.0834194058798913,3.00678688,0.3393404085833333,0.3310908837181818,0.0681648228078022,3.88574999,0.01096701622,0.2502903721090909,0.0174488864060439,0.4307484955766336,0.1766852898572727,3.4047272179909087,0.2381678819,0.0028268796085117,0.0213207403787179,0.03417501798,100.0,100.0,100.0,100.0,40.0,100.0,50.0,100.0,100.0,100.0,100.0,100.0,100.0,100.0,100.0,100.0,100.0,100.0,100.0,0.0,100.0,100.0,100.0,0.0,0.0,100.0,100.0,100.0,100.0,45.45454545454545,100.0,100.0,100.0,100.0,low_traffic,16
0.0200766086536585,0.0194573617488084,2.26398706,4.880428314208984e-05,3.172999933333333,0.006238222122,2.821459686666666,0.0964436750405117,0.0075349085909908,0.0059448950111278,0.0156045116320163,0.0691301822599999,0.0650081005648351,0.0047901095317633,0.053417577839923,0.0140736189356092,0.0116016202481944,0.1450442953189011,0.0766781309218478,2.861806836470588,0.33055443758,0.32540001865,0.0638681217757142,3.5610001,0.0110574960625,0.2461822270899999,0.0157256331448387,0.2305771808380198,0.170314478824,1.61529998703,0.199930191,0.0038155746447853,0.0242385387337142,0.0382768931159259,100.0,100.0,100.0,100.0,33.33333333333333,100.0,33.33333333333333,100.0,100.0,100.0,100.0,100.0,100.0,100.0,100.0,100.0,100.0,100.0,100.0,0.0,100.0,100.0,100.0,0.0,0.0,100.0,100.0,100.0,100.0,80.0,100.0,100.0,100.0,100.0,low_traffic,16
0.0142509693016585,0.0223414606685722,2.963068,4.950165748596192e-05,4.034333223333333,0.0097270513831578,3.0159992333333334,0.086963592659534,0.0075349085909908,0.006945076026333,0.0156045116320163,0.10076456068,0.0660323085901087,0.0064878192804015,0.0419891295168478,0.0152093313895658,0.0172328419118888,0.1266861143121739,0.0624580149968478,3.0100992466666665,0.3707479476400001,0.36549997324,0.0530760987888043,3.5685000366666664,0.01372504234,0.27105245587,0.0175597143653846,0.2005259171692157,0.1579835891359999,4.13890001333,0.2788889408,0.0049029922478793,0.0244932919679166,0.0350880622815384,100.0,100.0,100.0,100.0,0.0,100.0,0.0,100.0,100.0,100.0,100.0,100.0,100.0,100.0,100.0,100.0,100.0,100.0,100.0,0.0,100.0,100.0,100.0,0.0,0.0,100.0,100.0,100.0,100.0,10.0,100.0,100.0,100.0,100.0,low_traffic,17
0.0151173794634449,0.0217300589725532,0.2608616352,4.96983528137207e-05,3.52699995,0.006758928298,3.00429844,0.0896585205026454,0.0117278794428749,0.006540694260649,0.0183606545082499,0.11523756383875,0.0670766882156521,0.0061829866776666,0.0475543581843478,0.0159360850910616,0.0115064991814222,0.1373982221915217,0.0700164484035955,3.012050385,0.6571387636625,0.6545000063375,0.0581956635268478,4.904499966666667,0.013477722801,0.4043601444375,0.0165601248225274,0.2108540885236274,0.2832319736137499,3.732749994725,0.06625008583,0.004765644072442,0.0233288288071111,0.0377516746473333,100.0,100.0,100.0,100.0,0.0,100.0,0.0,100.0,100.0,100.0,100.0,100.0,100.0,100.0,100.0,100.0,100.0,100.0,100.0,0.0,100.0,100.0,100.0,0.0,0.0,100.0,100.0,100.0,100.0,37.5,100.0,100.0,100.0,100.0,low_traffic,17
0.0193839094245575,0.0231532366803361,2.251086645,5.079507827758789e-05,3.792000044,0.0110956877421875,2.87965801125,0.0921757680523752,0.0085539963766122,0.0067427619896108,0.0175943252959897,0.0643805662738095,0.0654547700956122,0.0060828578635942,0.0403163238392857,0.0138583621413281,0.0126835637585277,0.1223416693137755,0.0600207095170408,3.00549173,0.3057508695190477,0.3015714372428572,0.0509999966038775,3.613499995,0.01022791862,0.2139801410957142,0.0180583205233333,0.196020596522037,0.1181054001542857,3.235349985644999,0.32205891604,0.0025855064380485,0.0224100297088636,0.0449762344317857,100.0,97.79411764705884,100.0,100.0,40.0,100.0,37.5,99.39148073022312,100.0,100.0,100.0,100.0,100.0,100.0,100.0,100.0,100.0,100.0,100.0,0.0,100.0,100.0,100.0,0.0,0.0,100.0,100.0,100.0,100.0,45.0,100.0,100.0,100.0,100.0,low_traffic,17
0.0171322844209545,0.0213825792262813,0.2608616352,4.9680471420288086e-05,2.44099998,0.0087678743440652,0.4397904872,0.0908762514964182,0.0075102856270842,0.0059460256373109,0.0147684247833789,0.0829136030942857,0.0660041959531579,0.0055462642942814,0.0611368329270842,0.0139310137374242,0.0106027544565964,0.1334490374241052,0.0826018034984946,3.0215806925,0.4060600144142857,0.4035714012857143,0.0719262950603157,3.554000015,0.0162903467773333,0.3036493573571429,0.0168776097455434,0.2145792120340952,0.21409252707,2.5081250036875,0.06625008583,0.0025682449334123,0.022574399195,0.0351079847709756,100.0,99.24812030075188,100.0,100.0,100.0,100.0,100.0,99.79296066252589,100.0,100.0,100.0,100.0,100.0,100.0,100.0,100.0,100.0,100.0,100.0,0.0,100.0,100.0,100.0,0.0,0.0,100.0,100.0,100.0,100.0,50.0,100.0,100.0,100.0,100.0,low_traffic,17
0.0162078061943946,0.0206464503641965,0.2608616352,4.939436912536621e-05,4.434400014,0.0086974259450703,3.0050621575000003,0.089291649635533,0.0085118758033157,0.0058468563564076,0.0163837671252105,0.0772786507130769,0.0667877606564646,0.0054090246012086,0.0679797933433333,0.0162776885187352,0.0119048387549487,0.1246097834195959,0.0968884430108911,3.01336169,0.3271880699461538,0.3154615254999999,0.079070705340101,3.944400018000001,0.011257052415,0.2243970173661538,0.0165743355658415,0.2058762453733945,0.1387339004730769,3.4714615309846155,0.06625008583,0.0047303742044104,0.0207112729516666,0.0347356299510416,100.0,100.0,100.0,100.0,0.0,100.0,0.0,100.0,100.0,100.0,100.0,100.0,100.0,100.0,100.0,100.0,100.0,100.0,100.0,0.0,100.0,100.0,100.0,0.0,0.0,100.0,100.0,100.0,100.0,30.769230769230774,100.0,100.0,100.0,100.0,low_traffic,17
0.0161726247147727,0.0225846184594381,2.32040119,5.087852478027344e-05,4.184999978,0.0085606191344942,2.8858239,0.0870335586529925,0.0088830245147157,0.0063410673639434,0.0163883234287473,0.0918216175388889,0.0661766830130526,0.0050703454893481,0.0456631559994736,0.0136677548532597,0.0127910375568461,0.1271217270648421,0.0663342676531578,3.003579015,0.3442118697333333,0.3412221802111111,0.0562526326356842,3.54199993,0.01700186729,0.2464009390333333,0.017553766146,0.1980437232953333,0.1494428581399999,3.2112221434,0.2589838504,0.0035198593130333,0.0215048723669444,0.0398975043028571,100.0,100.0,100.0,100.0,20.0,100.0,25.0,99.79253112033194,100.0,100.0,100.0,100.0,100.0,100.0,100.0,100.0,100.0,100.0,100.0,0.0,100.0,100.0,100.0,0.0,0.0,100.0,100.0,100.0,100.0,44.44444444444444,100.0,100.0,100.0,100.0,low_traffic,18
0.0162733417936111,0.0217989960974447,1.578635272225,5.456209182739258e-05,2.2065999936000003,0.0104102728481132,2.1099500629200003,0.0883535161668438,0.0092019675867849,0.0064288401308497,0.015953863817344,0.0753898620533333,0.0671318551418279,0.0050226064543007,0.0457204439210322,0.0135285272955443,0.0129683089944848,0.12437327957,0.0675394304217204,3.00673036,0.3587458133166666,0.3552500207833333,0.0566021473062365,3.620000072,0.01625609397,0.2455910840983333,0.0171383350086021,0.1979834639547573,0.1608823338833333,3.205166653641667,0.33127589218,0.0034412145604935,0.0204405387208333,0.0358881733590909,100.0,100.0,100.0,100.0,80.0,100.0,80.0,99.78902953586498,100.0,100.0,100.0,100.0,100.0,100.0,100.0,100.0,100.0,100.0,100.0,0.0,100.0,100.0,100.0,0.0,0.0,100.0,100.0,100.0,100.0,50.0,100.0,100.0,100.0,100.0,low_traffic,18
0.0151808846843055,0.0216849498856827,2.30810165,4.909634590148926e-05,2.4225000100000003,0.0083508166381818,2.42606985,0.0851907254927002,0.006973028182,0.0059671148647521,0.03892493247,0.1432934488299999,0.0703931087911956,0.005729494724772,0.0904583284795833,0.0132380449275102,0.0102946692021111,0.1051057251838499,0.1111388180994791,3.00362046,0.7263020782428571,1.5044999416625,0.1018124942498958,4.5430000375,0.0100276470163333,0.4054557595542857,0.0163187856435416,0.1952489613983019,0.25494793479,3.935428512657143,0.2348250150499999,0.0046927659004659,0.0202118555681481,0.035793781275,100.0,100.0,100.0,100.0,100.0,100.0,100.0,95.0718685831622,100.0,100.0,100.0,100.0,97.82608695652172,100.0,75.0,100.0,100.0,84.0909090909091,75.0,0.0,100.0,100.0,75.0,0.0,0.0,100.0,100.0,77.35849056603774,100.0,57.142857142857146,100.0,100.0,100.0,100.0,low_traffic,18
0.0161178475505381,0.0220336600772846,1.44352276815,4.805922508239746e-05,2.8233333061444448,0.0083371230495238,2.0223141867,0.0855751166670497,0.0116832357753617,0.0062744165277943,0.0186423595876595,0.0651992909982352,0.0802025821914772,0.0063547531169562,0.0607113321917525,0.0130879162492363,0.0128299236259749,0.1157247548064691,0.0852187638283505,3.015288492,0.3371438418647058,0.3333530004823529,0.0716598082919587,3.577799984,0.012327909465,0.2415176980235294,0.0174156980373195,0.1846840960280373,0.1356897774564706,2.942705894358824,0.2554505665333333,0.004913605894785,0.0215841611193333,0.0403958916624999,100.0,100.0,100.0,100.0,66.66666666666666,100.0,75.0,93.7625754527163,100.0,100.0,100.0,100.0,94.3181818181818,100.0,73.19587628865979,100.0,100.0,87.65432098765432,73.19587628865979,0.0,100.0,100.0,73.19587628865979,0.0,0.0,100.0,100.0,75.70093457943925,100.0,58.8235294117647,100.0,100.0,100.0,100.0,low_traffic,18
0.0162092632225862,0.022686271799345,2.15073404,4.897713661193848e-05,3.525299926,0.0086108128206833,2.75245446,0.0874205133810946,0.0081380416034545,0.0061834263235825,0.0174528143581818,0.0812642772908333,0.0699575766065656,0.0062779145871702,0.0839702964715841,0.0151184062052367,0.0119719087004035,0.1073109224983428,0.1027000256336633,2.99614751,0.3119782804833333,0.314249992325,0.0950594018814851,3.546999925,0.0132219791396666,0.2160569428808333,0.017403782000297,0.199049266531081,0.1267250577475,3.779666657533333,0.30203394886,0.0032627820959206,0.0232743422097222,0.0374882990267741,100.0,100.0,100.0,100.0,60.0,100.0,44.44444444444444,97.43589743589745,100.0,100.0,100.0,100.0,95.95959595959596,100.0,87.12871287128712,100.0,100.0,92.63157894736842,87.12871287128712,0.0,100.0,100.0,87.12871287128712,0.0,0.0,100.0,100.0,88.28828828828829,100.0,50.0,100.0,100.0,100.0,100.0,low_traffic,18
0.0170590207290783,0.0210787588631571,2.163277025,4.855180398011819e-05,3.372857224285714,0.0098420217899999,2.537278845,0.0885905406632149,0.0075349085909908,0.0057475491258846,0.0156045116320163,0.0580652321045882,0.0645466872514285,0.0061028418323188,0.0525306049555102,0.0158315796492095,0.0153009295442499,0.1273078480307143,0.0772163721793877,3.0136501750000004,0.3293570630235294,0.3235294257588235,0.0633877466983673,3.57599997,0.01279497146,0.2319632277388235,0.0170184982027551,0.2000598818257407,0.1332951573529411,2.589176441694117,0.2948188781166667,0.0043681526171793,0.0201173055704761,0.03617841600725,100.0,100.0,100.0,100.0,100.0,100.0,100.0,100.0,100.0,100.0,100.0,100.0,100.0,100.0,100.0,100.0,100.0,100.0,100.0,0.0,100.0,100.0,100.0,0.0,0.0,100.0,100.0,100.0,100.0,76.47058823529412,100.0,100.0,100.0,100.0,low_traffic,19
0.0148221743068,0.0207227976714332,0.9568599044666666,4.885196685791016e-05,1.0743332691333334,0.0094118425919354,1.0842181043,0.0847533956691853,0.0075349085909908,0.0061298615447831,0.0156045116320163,0.13235029575875,0.0660240730438202,0.0051582728238294,0.0544044917806741,0.016637365593439,0.019762170310975,0.1244418406492135,0.0766385137242696,3.0048650066666664,0.4410778879624999,0.4369999766,0.0649775253142696,3.5483333233333334,0.0099951028785,0.3249836861625,0.0178225174335955,0.196836575069798,0.18920347090375,2.5531249614,0.2339883645,0.005211429594989,0.0229195139595454,0.0360617524047619,100.0,100.0,100.0,100.0,100.0,100.0,100.0,99.56521739130434,100.0,100.0,100.0,100.0,100.0,100.0,100.0,100.0,100.0,100.0,100.0,0.0,100.0,100.0,100.0,0.0,0.0,100.0,100.0,100.0,100.0,62.5,100.0,100.0,100.0,100.0,low_traffic,19
0.0168670369546601,0.0218539653359961,1.2928842275,4.9591064453125e-05,1.4679999342,0.00547838211,1.47817074905,0.0943948106305319,0.0075349085909908,0.0062188554659515,0.0156045116320163,0.061795473093,0.0683826700390217,0.0060544339082424,0.0895978289397826,0.0168221053873816,0.0144935119415365,0.1340573750760439,0.1072043957305435,3.01892156,0.35623376365,0.35080003733,0.100304365065,3.567399972,0.008678436279,0.252647590607,0.0175681451046739,0.2262208858192156,0.187501883475,2.8018000569700003,0.25357508655,0.0060096406926793,0.02191692352,0.03657868775,100.0,100.0,100.0,100.0,100.0,100.0,100.0,98.51063829787236,100.0,100.0,100.0,100.0,98.91304347826087,100.0,92.3913043478261,100.0,100.0,94.50549450549453,92.3913043478261,0.0,100.0,100.0,92.3913043478261,0.0,0.0,100.0,100.0,93.1372549019608,100.0,50.0,100.0,100.0,100.0,100.0,low_traffic,19
0.0149997990269756,0.0202830975675322,1.2860515097,4.8667192459106445e-05,1.4654999927,0.0101798664363636,1.47871446595,0.0810568581637782,0.0075349085909908,0.0059743647235991,0.0156045116320163,0.08089852332,0.077841876521647,0.0071012991831969,0.0561630466621739,0.0118538122846285,0.0191579515238636,0.1062410511328436,0.0891815993935869,3.0122923800000003,0.36127920145,0.35859997268,0.0679130294913043,4.173285682857143,0.01207995414,0.2599122046979999,0.0164812984633695,0.1800999009937255,0.174375510185,3.38679997489,0.2605687379,0.006093850501911,0.0226160754286956,0.0381933725746153,100.0,100.0,100.0,100.0,100.0,100.0,100.0,94.88272921108742,100.0,100.0,100.0,100.0,96.47058823529412,100.0,73.91304347826087,100.0,100.0,86.07594936708861,73.91304347826087,0.0,100.0,100.0,73.91304347826087,0.0,0.0,100.0,100.0,76.47058823529412,100.0,40.0,100.0,100.0,100.0,100.0,low_traffic,19
0.0145734655931081,0.0211591806928052,1.73140477878,4.8828125e-05,3.380571385728571,0.0085815895014578,2.18232350004,0.0867456916573866,0.0083360601858235,0.0059937876783755,0.0179846146498529,0.0933653414175,0.0957667909662069,0.0047010822565,0.0769693656736734,0.0118509712991325,0.0153393258830816,0.1204594110230259,0.0956918802923469,3.00885764,0.3910000621875,0.386750012575,0.087530634812551,3.5543333633333334,0.0107550621,0.289666533425,0.0167065542529591,0.2050297126931481,0.1940029263125,4.029666647777778,0.29653968804,0.0052212381354421,0.0211789011935,0.0385626306085416,100.0,100.0,100.0,100.0,100.0,100.0,100.0,92.91497975708502,100.0,100.0,100.0,100.0,89.65517241379311,100.0,64.28571428571428,100.0,100.0,81.81818181818181,64.28571428571428,0.0,100.0,100.0,64.28571428571428,0.0,0.0,100.0,100.0,67.5925925925926,100.0,66.66666666666666,100.0,100.0,100.0,100.0,low_traffic,19
0.0180321937004803,0.0238412870448881,0.2608616352,4.926323890686035e-05,3.60500001,0.0089300624243275,3.01857781,0.0880863302478404,0.0084298158931228,0.005827091864323,0.0158794302654561,0.103362560255,0.067806734747549,0.0065618148983802,0.0446274327216666,0.0158415581737974,0.0134566659482173,0.1150197772205882,0.0639223140713725,3.013106023333333,0.4172946611499999,0.4143333831833333,0.0550686237757843,3.576666746666666,0.008912086486,0.3025455474333333,0.0183919738271568,0.1928076339225892,0.1973801453583333,3.16916668095,0.06625008583,0.0042440462103499,0.0219939998913043,0.0387800983697826,100.0,100.0,100.0,100.0,0.0,100.0,0.0,99.60861056751467,100.0,100.0,100.0,100.0,100.0,100.0,100.0,100.0,100.0,100.0,100.0,0.0,100.0,100.0,100.0,0.0,0.0,100.0,100.0,100.0,100.0,33.33333333333333,100.0,100.0,100.0,100.0,low_traffic,20
0.0145107355129383,0.0216988925617547,1.7567621461,5.0967931747436525e-05,2.86299997,0.0090359755906142,2.60830247,0.0823597245683195,0.0074142290613673,0.0058429450530066,0.0179628158064693,0.0801814198341666,0.0646198616151613,0.0054382578762255,0.0432365607116129,0.0134571080676151,0.0125120659229999,0.107594313136344,0.0614787891223655,3.0186198180000003,0.3447543978166666,0.3395000099666667,0.0543118266562365,4.263666613333333,0.007535934448,0.2407113710583333,0.0161734063096774,0.1806217512642718,0.154563923655,3.356749988358333,0.33720159525,0.0032448863974116,0.0224461280353846,0.0349814345385416,100.0,100.0,100.0,100.0,50.0,100.0,50.0,98.74739039665972,100.0,100.0,100.0,100.0,100.0,100.0,100.0,100.0,100.0,100.0,100.0,0.0,100.0,100.0,100.0,0.0,0.0,100.0,100.0,100.0,100.0,41.66666666666666,100.0,100.0,100.0,100.0,low_traffic,20
0.0157530552266666,0.0222999467595461,0.2608616352,4.9620866775512695e-05,2.44099998,0.0104323929919574,0.4397904872,0.1084761010142998,0.0075349085909908,0.0067472820269038,0.0156045116320163,0.0575027806304285,0.0711532455502739,0.0059647876593628,0.0422054806736986,0.0123537249823556,0.0117757645489696,0.1138585626054794,0.0625265003758904,2.861806836470588,0.2643344227414634,0.2590454599568181,0.0531506734282191,3.5610001,0.009578943252,0.1681612187847727,0.0169705659451724,0.3098790294219588,0.0947151309405263,1.699749984125,0.06625008583,0.0027781152714142,0.0223246689472413,0.0393322043904444,100.0,100.0,100.0,100.0,100.0,100.0,100.0,96.45232815964523,100.0,100.0,100.0,100.0,100.0,100.0,100.0,100.0,100.0,100.0,100.0,0.0,100.0,100.0,100.0,0.0,0.0,100.0,100.0,85.56701030927834,100.0,50.0,100.0,100.0,100.0,100.0,low_traffic,20
0.0152607139384803,0.0227711983273075,0.2608616352,4.949569702148437e-05,2.44099998,0.0109321475005125,0.4397904872,0.1076177408409871,0.0075349085909908,0.0070690787264801,0.0156045116320163,0.0575027806304285,0.0660172654342857,0.0057678874731965,0.0452597636597402,0.0202712553767542,0.0112502082920476,0.1152384807254545,0.0617523926849999,2.861806836470588,0.2643344227414634,0.2590454599568181,0.0562987017850649,3.5610001,0.009214043617,0.1681612187847727,0.0170624675286813,0.3023504993606931,0.0947151309405263,1.699749984125,0.06625008583,0.0026330293384188,0.0207973056327777,0.0380047809197674,100.0,100.0,100.0,100.0,100.0,100.0,100.0,96.99570815450645,100.0,100.0,100.0,100.0,100.0,100.0,100.0,100.0,100.0,100.0,100.0,0.0,100.0,100.0,100.0,0.0,0.0,100.0,100.0,86.13861386138613,100.0,50.0,100.0,100.0,100.0,100.0,low_traffic,20
0.0180953624589767,0.0234270182804557,1.7884956549999995,4.8619508743286136e-05,4.276999995000001,0.0130070140260967,2.61991298,0.0891203563245869,0.0075349085909908,0.0071320492681533,0.0156045116320163,0.1144949839438461,0.0655515587138144,0.0070819471860948,0.0445979501727835,0.0161712249075586,0.0141055492229423,0.1160144338690721,0.0635055586109278,3.00375647,0.7228180799615385,1.3117856633571423,0.0572989650514433,4.536799998,0.011257052415,0.4138748277384615,0.0163514835270103,0.1910125206185981,0.2905795757207692,3.9051428426,0.3259422778499999,0.0027708435050422,0.0253088413084615,0.0351377754636585,100.0,100.0,100.0,100.0,100.0,100.0,100.0,100.0,100.0,100.0,100.0,100.0,100.0,100.0,100.0,100.0,100.0,100.0,100.0,0.0,100.0,100.0,100.0,0.0,0.0,100.0,100.0,100.0,100.0,64.28571428571428,100.0,100.0,100.0,100.0,low_traffic,20
0.0157632451267982,0.0230522989354516,2.299051995,4.887580871582031e-05,3.972000016,0.008590571486962,2.6974648175,0.0861747255319844,0.0075349085909908,0.0061006394460783,0.0156045116320163,0.0656741989933333,0.0674753119529126,0.0056067796845664,0.075902913307767,0.0168729017740942,0.0140855716413389,0.1050656860090291,0.1074240924655339,3.0196491400000003,0.3601745764,0.3571111095666666,0.0866019470931068,3.56599998,0.01066148281,0.2661590310688889,0.018021421520097,0.1977941440836283,0.1940875847888888,3.081333343044444,0.23046219345,0.0029778766625603,0.0216021868863888,0.0358395576432258,100.0,100.0,100.0,100.0,40.0,100.0,50.0,100.0,100.0,100.0,100.0,100.0,100.0,100.0,100.0,100.0,100.0,100.0,100.0,0.0,100.0,100.0,100.0,0.0,0.0,100.0,100.0,100.0,100.0,55.55555555555556,100.0,100.0,100.0,100.0,low_traffic,21
0.0151949566147524,0.0213196987383958,2.6287764300000003,4.789829254150391e-05,3.473799988000001,0.0086886494648837,2.891760488,0.0823773175956465,0.0075349085909908,0.0062850796209788,0.0156045116320163,0.0857983068890909,0.064378929652967,0.0054311333712366,0.0545164857504395,0.0141891737256218,0.0143635888218064,0.1107340016016483,0.0834976762003296,3.00395274,0.3358092307545454,0.3274545018818182,0.064945055874945,3.5289999200000004,0.011257052415,0.2300571527909091,0.0167673839272527,0.1833225736160396,0.1371880877772727,2.904181780118182,0.23419928545,0.0030694580070198,0.0219643171416279,0.0319985813511111,100.0,100.0,100.0,100.0,20.0,100.0,20.0,100.0,100.0,100.0,100.0,100.0,100.0,100.0,100.0,100.0,100.0,100.0,100.0,0.0,100.0,100.0,100.0,0.0,0.0,100.0,100.0,100.0,100.0,45.45454545454545,100.0,100.0,100.0,100.0,low_traffic,21
0.0201125971118316,0.7565873866493346,1.7944286225666666,4.8220157623291016e-05,1.99383325865,0.0081690224727272,2.0018849716833333,0.4100901318679008,0.0075349085909908,0.2432593449525081,0.0156045116320163,0.0970912774275,0.0676401525967033,0.0056811234415877,0.0544065957438461,0.2405407233827703,0.2458035473419643,0.1126283944063736,0.0742049688696703,3.009345525,0.4083551167916666,0.4025833208916667,0.0646483557448351,4.593999975,0.011257052415,0.3024852474083333,0.016313241073956,0.1879044640960396,0.1986237167941666,2.539166664416667,0.2972740331833333,0.022556228636281,0.019557464118,1.6684259332419995,100.0,100.0,100.0,100.0,100.0,100.0,100.0,100.0,100.0,100.0,100.0,100.0,100.0,100.0,100.0,100.0,100.0,100.0,100.0,0.0,100.0,100.0,100.0,0.0,0.0,100.0,100.0,100.0,100.0,83.33333333333333,100.0,100.0,100.0,100.0,low_traffic,21
0.0161478691236486,0.3967115477432404,1.6456394146333335,4.944205284118652e-05,1.7586667497666666,0.1897955256496385,1.7687307977333333,0.3574816094448108,0.0075349085909908,0.2068570004185233,0.0156045116320163,0.0790623724406249,0.0651300811669,0.0052398613511357,0.0669800161764,0.2023818461612996,0.771544981150106,0.1282903623361,0.0916449951032323,3.0074194625,0.2976316133733333,0.2995624988687499,0.0778300022571999,3.6182500075,0.0078804492945,0.203020095779375,0.0164867201584693,0.2133374777232727,0.117461234303125,1.8548125164375,0.2682716249749999,0.1090617911202959,0.02405248581875,0.212264847545,100.0,100.0,100.0,100.0,100.0,100.0,100.0,100.0,100.0,100.0,100.0,100.0,100.0,100.0,100.0,100.0,100.0,100.0,100.0,0.0,100.0,100.0,100.0,0.0,0.0,100.0,100.0,100.0,100.0,75.0,100.0,100.0,100.0,100.0,low_traffic,21
0.0165873364880184,0.3139648478139879,0.3021349906,4.793405532836914e-05,0.476999998,0.1070283177167786,0.4900927543,0.3250393036801786,0.0075349085909908,0.1594231530948944,0.0156045116320163,0.047414170365,0.0678619705786734,0.0053722271013478,0.0565918367656122,0.1573120825404199,0.4417969371122028,0.1163003249822449,0.0849253649534343,3.0103397716666667,0.33112149232,0.3228889041111111,0.0671020429838775,4.200857112857142,0.01014709472,0.2243575519555556,0.0166281485518,0.1950492659805555,0.1625759071522222,3.380555492344444,0.2836683988,0.1374491643412883,0.0244541263551999,0.5230959436927778,100.0,100.0,100.0,100.0,100.0,100.0,100.0,100.0,100.0,100.0,100.0,100.0,100.0,100.0,100.0,100.0,100.0,100.0,100.0,0.0,100.0,100.0,100.0,0.0,0.0,100.0,100.0,100.0,100.0,33.33333333333333,100.0,100.0,100.0,100.0,low_traffic,21
0.0162409191360093,0.0241879100192149,2.3008404325,5.07652759552002e-05,3.470499906666667,0.0125841010651818,2.540253252,0.0883845369636488,0.007027286289475,0.0065371697935909,0.0166506230789,0.0592233994388235,0.0689165059435106,0.0074171877603731,0.0515744736764893,0.0149990824918335,0.0131450712646,0.1134948172269148,0.0697024603953191,3.0083549985714284,0.3011350070117647,0.2989411774352941,0.0623085168963829,3.571428634285714,0.0130279660202499,0.2061952702764705,0.0167184307174468,0.1951354191445192,0.1433757613411764,3.0311764925352938,0.25503796335,0.002569704055182,0.0210646699948148,0.037998098131,100.0,100.0,100.0,100.0,66.66666666666666,100.0,80.0,99.58592132505176,100.0,100.0,100.0,100.0,100.0,100.0,100.0,100.0,100.0,100.0,100.0,0.0,100.0,100.0,100.0,0.0,0.0,100.0,100.0,100.0,100.0,52.94117647058823,100.0,100.0,100.0,100.0,low_traffic,22
0.0158833651114009,0.0231541882824199,0.2608616352,4.850029945373536e-05,3.558666703333333,0.0077103655379787,3.0131719866666664,0.094504249549225,0.0075349085909908,0.0064375556089417,0.0156045116320163,0.1437946690144444,0.0634175202043478,0.0059570272755681,0.1372499854473912,0.0162582605535374,0.0118152073418,0.1052389429736956,0.152918452701413,3.0032558366666664,1.28874935908,1.9357272900272728,0.1477499992711956,3.5566667666666665,0.0186289946166666,0.6552136990566667,0.0179769500405434,0.2320544859523529,0.4832999433811111,4.13349997561,0.06625008583,0.003240276784518,0.0214425505975757,0.0393345411381395,100.0,100.0,100.0,100.0,0.0,100.0,0.0,100.0,100.0,100.0,100.0,100.0,100.0,100.0,100.0,100.0,100.0,100.0,100.0,0.0,80.0,81.81818181818181,100.0,0.0,0.0,100.0,100.0,100.0,100.0,20.0,100.0,100.0,100.0,100.0,low_traffic,22
0.0204021509264651,0.0232727986756641,0.2608616352,4.873871803283692e-05,3.56050002,0.0082071796748831,3.002448675,0.1242216939578336,0.0075349085909908,0.0064882597121161,0.0156045116320163,0.0786280631890909,0.0683355405831249,0.0061154453183676,0.3448229132572917,0.0133805361687312,0.0098590786370675,0.112249217905,0.3716173889333333,3.00355839,0.3136108398,0.3487272045454545,0.3550729252875,3.51499986,0.0102810859666666,0.2525812495372727,0.0170506226346315,0.3522979491030188,0.1190636591236363,1.69309994982,0.06625008583,0.0025779104226211,0.0215439955339999,0.0442689046578048,100.0,100.0,100.0,100.0,0.0,100.0,0.0,100.0,100.0,100.0,100.0,100.0,100.0,100.0,100.0,100.0,100.0,100.0,100.0,0.0,100.0,100.0,100.0,0.0,0.0,100.0,100.0,100.0,100.0,70.0,100.0,100.0,100.0,100.0,low_traffic,22
0.0160220756050697,0.0240252596456277,0.2608616352,4.9507617950439454e-05,3.5476666233333334,0.0086257880949467,3.0025598966666665,0.1171533331201411,0.0075349085909908,0.0064161776263681,0.0156045116320163,0.066041064259,0.0654058210525773,0.0070348203609999,0.3224639031886598,0.0109706550420697,0.0099294669363623,0.1033531636114433,0.3483166435032608,3.0119419675,0.3913134227636364,0.35749995705,0.3328041168701031,3.63524997,0.008905887603,0.2621455668899999,0.0176258509313541,0.3349023621382243,0.1902865409319999,3.031545440836364,0.3056442737,0.0033628613332484,0.0198666562789795,0.04239212870125,100.0,100.0,100.0,100.0,0.0,100.0,0.0,99.79591836734694,100.0,100.0,100.0,100.0,100.0,100.0,100.0,100.0,100.0,100.0,100.0,0.0,100.0,100.0,100.0,0.0,0.0,100.0,100.0,100.0,100.0,36.36363636363637,100.0,100.0,100.0,100.0,low_traffic,22
0.0162523313972093,0.0236760798082872,0.2608616352,4.909038543701172e-05,4.65499997,0.0087335169304,3.005255455,0.0945587582172515,0.0075349085909908,0.0069741986772782,0.0156045116320163,0.0968474745474999,0.0702822085394845,0.0068617058482043,0.133639193033299,0.0168217362369922,0.0113664716455781,0.1066863831543298,0.1611614507201961,2.861806836470588,0.417167842325,0.40724992745,0.1442474261759793,3.5610001,0.01264619827,0.2824295758625,0.0173169506878787,0.236720991975327,0.18389368052,3.0892500252500006,0.06625008583,0.0026417255394521,0.0228070947819047,0.0339562892869444,100.0,100.0,100.0,100.0,0.0,100.0,0.0,100.0,100.0,100.0,100.0,100.0,100.0,100.0,100.0,100.0,100.0,100.0,100.0,0.0,100.0,100.0,100.0,0.0,0.0,100.0,100.0,100.0,100.0,50.0,100.0,100.0,100.0,100.0,low_traffic,22
0.0159947803019806,0.020882656404787,1.8795846686,4.909038543701172e-05,2.021000022125,0.0076530093231428,2.02515613575,0.0872484969154883,0.0075349085909908,0.0064100493401223,0.0156045116320163,0.0745539069059166,0.0651021392361956,0.0047117887115,0.0779782610331521,0.0159499970828324,0.0156359417066785,0.1151579721920652,0.1136503933766666,3.007579123333334,0.3251650332999999,0.3193333744583333,0.0885652121685869,4.109999982857143,0.0115066369339999,0.2145999669658333,0.0163536125310112,0.2013749561591176,0.134611089995,3.3048333495833333,0.32825052735,0.0038734483707924,0.0199647383233333,0.0384858647941666,100.0,100.0,100.0,100.0,100.0,100.0,100.0,100.0,100.0,100.0,100.0,100.0,100.0,100.0,100.0,100.0,100.0,100.0,100.0,0.0,100.0,100.0,100.0,0.0,0.0,100.0,100.0,100.0,100.0,50.0,100.0,100.0,100.0,100.0,low_traffic,23
0.0157125438089756,0.0214301800511836,1.6354569538666663,4.698634147644043e-05,1.7636667064999998,0.0084917494575531,1.7752255568666666,0.1117427746948801,0.0075349085909908,0.0063206033693504,0.0156045116320163,0.0620117485462499,0.0659249405203296,0.0049937462978473,0.2205274575710988,0.0149590261157801,0.0144642463710535,0.1236027465813186,0.235947204690842,3.01148569,0.4094585775625,0.4062500893625,0.2311868192641758,3.663500065,0.0119555791166666,0.2919804751375,0.0165501524847191,0.3173585243413862,0.2281934320375,2.3581249695625,0.2463265060999999,0.0060756349553819,0.0208356448537142,0.04009525179325,100.0,100.0,100.0,100.0,100.0,100.0,100.0,100.0,100.0,100.0,100.0,100.0,100.0,100.0,100.0,100.0,100.0,100.0,100.0,0.0,100.0,100.0,100.0,0.0,0.0,100.0,100.0,100.0,100.0,75.0,100.0,100.0,100.0,100.0,low_traffic,23
0.0139180357194581,0.0226147338603328,1.2938665727249998,4.897117614746094e-05,1.6395999871,0.0086220817736792,1.43541902195,0.1658651541364345,0.0087311123342121,0.0063147034185969,0.0195405555463636,0.0736580328454545,0.0688582189862921,0.0066391331273023,0.5825730408269663,0.0128626213351266,0.0121474145310506,0.1299351225824719,0.611049402367816,3.00567829,0.3453859415454545,0.3437272851636364,0.5929775177213484,3.544000025,0.01049399375,0.2524110186727272,0.0176284758554945,0.5618973833888888,0.1765255927681818,2.001083351525,0.2766616344,0.0041774034494158,0.0219504007907692,0.0403975212160606,100.0,100.0,100.0,100.0,100.0,100.0,100.0,99.78165938864628,100.0,100.0,100.0,100.0,100.0,100.0,100.0,100.0,100.0,100.0,100.0,0.0,100.0,100.0,100.0,0.0,0.0,100.0,100.0,100.0,100.0,83.33333333333333,100.0,100.0,100.0,100.0,low_traffic,23
0.0146333154149082,0.0222946440960933,2.30881571,5.0121545791625975e-05,2.477999925,0.0080351610970833,2.48954033,0.1627321440863131,0.0075520403833723,0.0059874341151172,0.0169701753738191,0.056028763448,0.0639741369917021,0.0047415761798805,0.5700318857393617,0.010406991970123,0.0108626829925131,0.1072152472332978,0.5934940632795699,3.0039680525,0.3365031372,0.3475833336166667,0.5804574457595745,3.5547499025,0.010508298871,0.2525379855916667,0.0174419195048936,0.5515787367601924,0.1874185005441666,2.2745832587833337,0.2438282966,0.0056665653868626,0.0225403200468181,0.0388400316186,100.0,100.0,100.0,100.0,100.0,100.0,100.0,100.0,100.0,100.0,100.0,100.0,100.0,100.0,100.0,100.0,100.0,100.0,100.0,0.0,100.0,100.0,100.0,0.0,0.0,100.0,100.0,100.0,100.0,66.66666666666666,100.0,100.0,100.0,100.0,low_traffic,23
0.014866733341681,0.0207803009194456,1.6362213245333332,4.924535751342774e-05,3.026166674216667,0.00775308132098,2.25397486344,0.1089010748285821,0.0074546077453168,0.0061453242491974,0.0164794024820297,0.0671215607515384,0.0687114342497029,0.0048181993735035,0.2165247543130693,0.0154928629457803,0.0127015055652439,0.1076887503510891,0.2473674729609803,3.01390943,0.3151547056928571,0.3012308156923077,0.2269307031491089,4.235166691666667,0.009637832641,0.2162813222753846,0.0163277447779798,0.3004338438045045,0.1464849618407692,3.1239285440571427,0.2529539266666666,0.0044560718528304,0.0245079012444117,0.0345001802165853,100.0,100.0,100.0,100.0,50.0,100.0,60.0,100.0,100.0,100.0,100.0,100.0,100.0,100.0,100.0,100.0,100.0,100.0,100.0,0.0,100.0,100.0,100.0,0.0,0.0,100.0,100.0,100.0,100.0,50.0,100.0,100.0,100.0,100.0,low_traffic,23
0.0159887617247474,0.0210064996855761,1.71329614598,4.856586456298828e-05,1.81050002246,0.0065539148107037,1.82181686961,0.083784710842726,0.0075349085909908,0.0065937018035828,0.0156045116320163,0.06918040911,0.0681651199482352,0.0055793671559256,0.0471058677164705,0.0135157396983387,0.0133318181987777,0.1129885448887058,0.0685296142689411,2.861806836470588,0.314893821825,0.31183336175,0.0576470515214117,3.5610001,0.0114292303686666,0.22312867637,0.017028605795862,0.1868813519357447,0.1468856135758333,2.258249994116667,0.26953446861,0.0027057743065093,0.0230392470475757,0.0376858665348076,100.0,100.0,100.0,100.0,100.0,100.0,100.0,100.0,100.0,100.0,100.0,100.0,100.0,100.0,100.0,100.0,100.0,100.0,100.0,0.0,100.0,100.0,100.0,0.0,0.0,100.0,100.0,100.0,100.0,100.0,100.0,100.0,100.0,100.0,low_traffic,24
0.019100990465799,0.0225345155431487,0.2992143630666666,4.7880411148071286e-05,0.4260000387333333,0.008498374544785,0.4315601189333333,0.1025338767961512,0.0075349085909908,0.00610122750406,0.0156045116320163,0.066968798633,0.0659475910289796,0.0063529671089855,0.0495612426582653,0.016643663358155,0.0113662613734814,0.1127049119871428,0.0767094894187755,3.007370865,0.34863440986,0.34130001063,0.0602244941418367,4.555499973333333,0.0125966866766666,0.24036102289,0.0164493735908163,0.2588984522908333,0.1715918301939999,3.02589997793,0.259739081,0.0032814264284918,0.0213990637203571,0.0394264873144898,100.0,100.0,100.0,100.0,100.0,100.0,100.0,99.7983870967742,100.0,100.0,100.0,100.0,100.0,100.0,100.0,100.0,100.0,100.0,100.0,0.0,100.0,100.0,100.0,0.0,0.0,100.0,100.0,100.0,100.0,50.0,100.0,100.0,100.0,100.0,low_traffic,24
0.0158578317045982,0.0223877310721641,2.30495834,4.937648773193359e-05,2.50099992,0.0080166093754838,2.51411652,0.1341115641680515,0.0075349085909908,0.0060106251435757,0.0156045116320163,0.0636156889,0.0662724327916999,0.0050296000063285,0.0485300111688,0.0169570777936033,0.0100344797435,0.1133350467446,0.0686118268839,3.0063410966666666,0.3251281884538461,0.3204615298923077,0.0588699865224,3.566500023333333,0.01015025376975,0.2299682726692307,0.016960787769,0.4151300904402727,0.1613411719684615,2.509384648038461,0.2410833835,0.0039224326599189,0.0208269321512121,0.0368768536263265,100.0,100.0,100.0,100.0,100.0,100.0,100.0,100.0,100.0,100.0,100.0,100.0,100.0,100.0,100.0,100.0,100.0,100.0,100.0,0.0,100.0,100.0,100.0,0.0,0.0,100.0,100.0,100.0,100.0,53.84615384615385,100.0,100.0,100.0,100.0,low_traffic,24
0.0160893264533971,0.0223172535543049,1.873001906,4.959702491760254e-05,2.00799989318,0.0074320303061111,2.01493062452,0.1222806917381533,0.0126740651953529,0.0063542143237593,0.0170766325518235,0.0641395178627272,0.0670877938511828,0.0054866066541804,0.0508817241924731,0.0159213030895754,0.0103652099259878,0.1145701151765591,0.0759809863055914,3.012906725000001,0.3335778062636363,0.3266363577,0.0615698804005376,3.550999968,0.0093909502025,0.2397014877645454,0.017227503556129,0.3556391358671845,0.1699722246445454,2.933416661066667,0.23883061404,0.0036522865287992,0.0228359401167499,0.0356044402425641,100.0,100.0,100.0,100.0,100.0,100.0,100.0,100.0,100.0,100.0,100.0,100.0,100.0,100.0,100.0,100.0,100.0,100.0,100.0,0.0,100.0,100.0,100.0,0.0,0.0,100.0,100.0,100.0,100.0,66.66666666666666,100.0,100.0,100.0,100.0,low_traffic,24
0.0153317309266513,0.020109582300213,2.33024144,4.889369010925293e-05,2.49800014,0.03454661369,2.50764513,0.0863916053842977,0.0071543277566382,0.0056113252323542,0.0155483890056276,0.0880368622763636,0.0659516415585106,0.0056669783227462,0.0503617017742553,0.014432553505605,0.0117388098818235,0.1226290869984042,0.0668080157314893,3.013422145714286,0.3524111183636363,0.3470908944727273,0.0623191290601063,4.068124967499999,0.009657144546,0.2581429047672727,0.0169763514295744,0.1965083341995192,0.168337258390909,3.378272725263636,0.2655165195,0.003737762861555,0.0214163127657894,0.0341112095326087,100.0,100.0,100.0,100.0,100.0,100.0,100.0,100.0,100.0,100.0,100.0,100.0,100.0,100.0,100.0,100.0,100.0,100.0,100.0,0.0,100.0,100.0,100.0,0.0,0.0,100.0,100.0,100.0,100.0,36.36363636363637,100.0,100.0,100.0,100.0,low_traffic,24
0.0147858619654146,0.0215829892887882,1.82180011015,5.03242015838623e-05,2.892714251828572,0.0101862901973409,2.1821017217666667,0.0898220829696038,0.0075349085909908,0.0065495876901095,0.0156045116320163,0.0799198746575,0.0692279626924175,0.0064771066174274,0.0510329676074725,0.0139972452881222,0.015084226923125,0.1368790458624176,0.0720915453657143,3.0175157333333336,0.405751705125,0.3989999889916666,0.0619890113337362,3.567666603333333,0.01467498143,0.29782611127,0.0172939876891208,0.2132878515599009,0.2078055143108333,3.189153885846154,0.2984857558833333,0.0050104713432521,0.022925585506875,0.0361032715159615,100.0,100.0,100.0,100.0,100.0,100.0,100.0,100.0,100.0,100.0,100.0,100.0,100.0,100.0,100.0,100.0,100.0,100.0,100.0,0.0,100.0,100.0,100.0,0.0,0.0,100.0,100.0,100.0,100.0,76.92307692307692,100.0,100.0,100.0,100.0,low_traffic,25
0.0155775178527727,0.0230818865916219,2.326439773333333,4.847645759582519e-05,2.4353332466666666,0.0103249313112907,2.446157293333333,0.101388347649526,0.0075349085909908,0.006561945073932,0.0156045116320163,0.0861553061963636,0.064923363490505,0.0075101114851798,0.0547272821779797,0.015189167861687,0.147927030511468,0.1285318123950505,0.0805119592147959,3.008020158,0.4232649369090909,0.4139091101181817,0.0653939439677777,3.604200122,0.010509570437,0.3175931843490909,0.0166977716909183,0.2053808903023853,0.171567765120909,3.0969090668818184,0.293032765325,0.0041082763663962,0.0250994527944117,0.0345264957,100.0,100.0,100.0,100.0,100.0,100.0,100.0,100.0,100.0,100.0,100.0,100.0,100.0,100.0,100.0,100.0,100.0,100.0,100.0,0.0,100.0,100.0,100.0,0.0,0.0,100.0,100.0,100.0,100.0,54.54545454545455,100.0,100.0,100.0,100.0,low_traffic,25
0.0159148468651764,0.4524028474876525,1.53085264854,4.9561262130737305e-05,1.6460000016999998,0.0085291619179591,1.6566477755400002,0.2916666498203895,0.0075349085909908,0.1799050446554374,0.0156045116320163,0.0642162669727272,0.0685249414777659,0.0054793998367611,0.0463191499019149,0.1763066348732518,0.2317456514681632,0.115660839865851,0.0706490742451579,3.002891415,0.3710818723727272,0.3679090846181818,0.0568617125677659,3.537999985,0.01119309663275,0.2733543352272727,0.0184060081479787,0.1910243607112499,0.1999084082127272,2.138909078336364,0.2906579017,0.048260515713732,0.0226884980929166,0.5911621383824138,100.0,100.0,100.0,100.0,100.0,100.0,100.0,100.0,100.0,100.0,100.0,100.0,100.0,100.0,100.0,100.0,100.0,100.0,100.0,0.0,100.0,100.0,100.0,0.0,0.0,100.0,100.0,100.0,100.0,81.81818181818181,100.0,100.0,100.0,100.0,low_traffic,25
0.0148248468086857,0.713457211817088,1.814928646425,4.935860633850098e-05,1.909999964125,0.01093804835905,1.921025092175,0.5423858769436231,0.007440963306054,0.304020484447651,0.0187458508686621,0.09237611293,0.0618523383557142,0.0085103753672173,0.053367364152653,0.2906884210493429,1.181196972586805,0.1510884056056122,0.0773226971415306,3.005633115,0.3999577462249999,0.3948750197375,0.0640918551559183,3.558000085,0.0137134393,0.3000093102,0.0168510398436363,0.2233853029938889,0.2038309871724999,2.6699999831500003,0.273947656075,0.1344674936150697,0.0209921399691666,1.3779581332877142,100.0,100.0,100.0,100.0,100.0,100.0,100.0,100.0,100.0,100.0,100.0,100.0,100.0,100.0,100.0,100.0,100.0,100.0,100.0,0.0,100.0,100.0,100.0,0.0,0.0,100.0,100.0,100.0,100.0,75.0,100.0,100.0,100.0,100.0,low_traffic,25
0.0151316657112068,0.4774742410641446,2.277915235,4.89652156829834e-05,2.3627499875,0.473378656736717,2.37069487,0.3985247242446252,0.0083775709160099,0.2472618870736279,0.0180086688202277,0.0599991433709411,0.0665616351670297,0.0083007913940212,0.0459801772964356,0.2395585569281901,0.0781976475107411,0.1502679857590099,0.0691172152038775,3.01529544,0.33166742319375,0.3363529513352941,0.0564851713570297,4.024333285555555,0.0097685654953333,0.2441804268252941,0.015931367870103,0.2254674928317117,0.17964393948,3.069941125494118,0.256974577825,0.1646463168418697,0.0216640790256666,0.31507351199,100.0,100.0,100.0,100.0,100.0,100.0,100.0,100.0,100.0,100.0,100.0,100.0,100.0,100.0,100.0,100.0,100.0,100.0,100.0,0.0,100.0,100.0,100.0,0.0,0.0,100.0,100.0,100.0,100.0,52.94117647058823,100.0,100.0,100.0,100.0,low_traffic,25
0.0157494329236666,0.0223946165118154,2.26430535,4.769563674926758e-05,4.736333340000001,0.0080344907693548,2.727919215,0.0860017356262254,0.0075349085909908,0.0066697919191955,0.0156045116320163,0.0776665210646153,0.0650024363256383,0.0054680553827462,0.0537659589178723,0.0160778700511696,0.0123475765665714,0.1205724299932978,0.0763055657214583,3.007646,0.2972794259857143,0.3014615315307692,0.0646063824813829,3.5494999450000004,0.011257052415,0.2093725937684615,0.016084565610421,0.1916432128078846,0.1284024898515384,2.7541428437142854,0.2006487846,0.0036364698400022,0.02556034234,0.0419752332794444,100.0,100.0,100.0,100.0,33.33333333333333,100.0,50.0,100.0,100.0,100.0,100.0,100.0,100.0,100.0,100.0,100.0,100.0,100.0,100.0,0.0,100.0,100.0,100.0,0.0,0.0,100.0,100.0,100.0,100.0,50.0,100.0,100.0,100.0,100.0,low_traffic,26
0.0155014828896097,0.0230996466360707,0.2608616352,5.226731300354004e-05,3.551333343333333,0.01298344135,3.00705917,0.0917467199997579,0.0075349085909908,0.0063118291170838,0.0156045116320163,0.1219160159283333,0.0703556080964893,0.0052032061470223,0.0521063829903191,0.0132657382754364,0.0119815648955348,0.1373321857353191,0.0706687886534042,3.00350332,0.4496159950333333,0.4818334181666666,0.0624361697570212,3.57400012,0.009133815765,0.3588713009666666,0.0171086889585106,0.2116984907174038,0.23524653905,2.8687142940428574,0.06625008583,0.0026017379752743,0.0241439183493333,0.0421335470066666,100.0,100.0,100.0,100.0,0.0,100.0,0.0,100.0,100.0,100.0,100.0,100.0,100.0,100.0,100.0,100.0,100.0,100.0,100.0,0.0,100.0,100.0,100.0,0.0,0.0,100.0,100.0,100.0,100.0,42.85714285714285,100.0,100.0,100.0,100.0,low_traffic,26
0.0159829597807352,0.0222224643176145,0.2608616352,4.897117614746094e-05,3.555999988,0.0085988725924857,3.00523643,0.1469145765728706,0.0075349085909908,0.0062979869728669,0.0156045116320163,0.065446222526,0.0644606351756666,0.0065048786297461,0.4417666748808889,0.0145258637255967,0.011871485146,0.1144695281737777,0.4569663345336364,3.0027812266666665,0.3333964214888889,0.3127647287176471,0.4524444389028889,3.5629999983333334,0.0090919733045,0.2178328036835294,0.0170459197075824,0.4709757704114,0.1459537253405882,2.9830588270941174,0.06625008583,0.0024470721960926,0.0213689733917647,0.0426687598160714,100.0,100.0,100.0,100.0,0.0,100.0,0.0,100.0,100.0,100.0,100.0,100.0,100.0,100.0,100.0,100.0,100.0,100.0,100.0,0.0,100.0,100.0,100.0,0.0,0.0,100.0,100.0,100.0,100.0,35.294117647058826,100.0,100.0,100.0,100.0,low_traffic,26
0.0149530277808407,0.0226917820882955,0.2608616352,4.682540893554688e-05,3.56699991,0.0159595783294343,3.01696324,0.1665784551122059,0.0075349085909908,0.0066727500158107,0.0156045116320163,0.06973433493875,0.0656416722965346,0.0051199916398014,0.5851683186108911,0.0135879321740225,0.0111862053076049,0.1194849297356435,0.6111774320735295,3.0118031466666664,0.377685457425,0.37099999185,0.5957623820653465,3.5673332966666664,0.0100032488496666,0.2885529994375,0.0166154585593137,0.5710905754548649,0.20959904785,2.5127499985625,0.06625008583,0.0020647212243293,0.021931903110862,0.0386249131872093,100.0,100.0,100.0,100.0,0.0,100.0,0.0,99.41291585127202,100.0,100.0,100.0,100.0,100.0,100.0,100.0,100.0,100.0,100.0,100.0,0.0,100.0,100.0,100.0,0.0,0.0,100.0,100.0,100.0,100.0,50.0,100.0,100.0,100.0,100.0,low_traffic,26
0.0200516935667632,0.0234086968480019,1.9640640366666664,4.954215807792468e-05,3.810090927272727,0.0153251104259044,2.8530940966666667,0.1650367590144882,0.0075349085909908,0.0074655671791647,0.0156045116320163,0.0737457593189333,0.0661722460845055,0.0053951608844251,0.5371098772408791,0.0140116780883837,0.0110079428700588,0.1216802151363736,0.5532107708160869,3.003328553333333,0.3422758101866667,0.3351999759333333,0.5479670246072528,3.61333338,0.0096390247316666,0.2397190252613333,0.0176173163455434,0.5370341437063,0.159683863294,3.647235273805882,0.2946051359,0.0024912691108672,0.0217650635443103,0.0394902287395122,100.0,100.0,100.0,100.0,45.45454545454545,100.0,33.33333333333333,100.0,100.0,100.0,100.0,100.0,100.0,100.0,100.0,100.0,100.0,100.0,100.0,0.0,100.0,100.0,100.0,0.0,0.0,100.0,100.0,100.0,100.0,47.05882352941177,100.0,100.0,100.0,100.0,low_traffic,26
0.0175804717688923,0.0237136310111428,1.80040725715,4.889965057373047e-05,1.8874999553625,0.0103831858814761,1.9017873054625,0.0868057285302753,0.0074769891526758,0.005865409718213,0.0172855196284896,0.0846096634765,0.0669958246050345,0.0059574092297999,0.0418344859353103,0.0155329904629922,0.0118762612317,0.0929111069513103,0.0618106693962758,3.0041754966666665,0.4583593290631579,0.455499994245,0.0525862085330344,3.5413332700000004,0.0103790283196,0.2706213473905,0.0160233451851369,0.1701397656999999,0.1743025898625,2.175684248226316,0.2626851200625,0.0034563796844964,0.0184946752332258,0.0366995864399999,100.0,100.0,100.0,100.0,100.0,100.0,100.0,100.0,100.0,100.0,100.0,100.0,100.0,100.0,100.0,100.0,100.0,100.0,100.0,0.0,100.0,100.0,100.0,0.0,0.0,100.0,100.0,100.0,100.0,84.21052631578948,100.0,100.0,100.0,100.0,high_traffic,1
0.0158059428256923,0.0247901977670965,1.6439311870333333,4.970431327819824e-05,1.7618333467166665,0.0055553231914285,1.7741029639666668,0.0841881029712855,0.0083940226443379,0.0059242206523229,0.0160507119898206,0.064622740991421,0.064695502961931,0.0062119189770398,0.0419034563199517,0.01381765904369,0.0123545853567547,0.0942270196611034,0.0602996924744138,3.006567711666667,0.346463346425,0.3409473644473684,0.0522965398251724,4.221999968571429,0.011751890182,0.2504773139431579,0.0164081206897278,0.1689943517163522,0.1460857893005263,2.4439523755523807,0.2627365588714286,0.0034600127814825,0.0189622385132142,0.0374485986229824,100.0,100.0,100.0,100.0,100.0,100.0,100.0,100.0,100.0,100.0,100.0,100.0,100.0,100.0,100.0,100.0,100.0,100.0,100.0,0.0,100.0,100.0,100.0,0.0,0.0,100.0,100.0,100.0,100.0,71.42857142857143,100.0,100.0,100.0,100.0,high_traffic,1
0.014626516315,0.0240123577899403,1.6332504725333334,4.925727844238281e-05,1.7354999738333332,0.0085333211352975,1.7448064851333331,0.1175711045271806,0.0078866203094805,0.0259739565844713,0.0181031598633376,0.0753299593862499,0.0632081096578911,0.0066590838952125,0.0451224515156666,0.0187509248562461,0.0887995210244215,0.0920892572579591,0.064573727487687,3.0137881383333336,0.3318574328749999,0.3249999979625,0.0556258571317687,3.55316666,0.0087445974345,0.2355605661354166,0.0165969449604081,0.1666466821254938,0.1567923028979166,2.0022916573458334,0.2568430105333333,0.0038644097876175,0.0221471433251851,0.0377896357347457,100.0,100.0,100.0,100.0,100.0,100.0,100.0,99.5702005730659,100.0,100.0,100.0,100.0,100.0,100.0,100.0,100.0,100.0,100.0,100.0,0.0,100.0,100.0,100.0,0.0,0.0,100.0,100.0,100.0,100.0,75.0,100.0,100.0,100.0,100.0,high_traffic,1
0.0149623513965686,0.0233563889419988,1.7547631915,4.814267158508301e-05,1.8407143129142856,0.0080901366896,1.8539295141714287,0.1134606961222529,0.0088433689523888,0.0238011988017139,0.0149362484582777,0.066886174671,0.0654279559961702,0.006414760996587,0.0428581626627659,0.0167326753255561,0.0309706252511956,0.094456714929078,0.0606833315825531,3.01031553375,0.3303856134,0.32610002751,0.053085103940851,3.7185554988888896,0.0110119581205,0.23118215794,0.0165727882475177,0.1696452895371154,0.158085393871,2.811050041455,0.2791163026625,0.0037112712844901,0.0211338057639393,0.0390407144973437,100.0,100.0,100.0,100.0,100.0,100.0,100.0,100.0,100.0,100.0,100.0,100.0,100.0,100.0,100.0,100.0,100.0,100.0,100.0,0.0,100.0,100.0,100.0,0.0,0.0,100.0,100.0,100.0,100.0,60.0,100.0,100.0,100.0,100.0,high_traffic,1
0.0144754412652583,0.0241375185035199,2.148121591666667,4.75764274597168e-05,3.3852500275,0.0088082128931182,2.480778568333333,0.0856612062387666,0.006866805013887,0.0070050165340857,0.0159826836240403,0.0808776406570588,0.065933813909527,0.0073024321048028,0.0407229597448378,0.0126709510147528,0.01159267425206,0.098011730477027,0.0594873283262837,3.009449436666667,0.3263195822823529,0.3223529702941177,0.0511081202529054,3.560166711666666,0.0105653603833333,0.2286588303752941,0.0166103501531081,0.1750048420534969,0.1448552187482353,3.1290554701833333,0.2709044614833333,0.0033904824924579,0.02197638749475,0.0359318930121739,100.0,100.0,100.0,100.0,100.0,100.0,100.0,100.0,100.0,100.0,100.0,100.0,100.0,100.0,100.0,100.0,100.0,100.0,100.0,0.0,100.0,100.0,100.0,0.0,0.0,100.0,100.0,100.0,100.0,66.66666666666666,100.0,100.0,100.0,100.0,high_traffic,1
0.0145370631885573,0.0232929908277704,1.7355673281,5.0348043441772464e-05,3.3460000781571426,0.009485622073,2.14712404902,0.0839188593266459,0.0075349085909908,0.0062166823154122,0.0156045116320163,0.0712721109295,0.0688535596175352,0.0057752628126831,0.0471971857635915,0.0169113310242852,0.0108772516223529,0.0885485712766901,0.0654760733373943,3.0104492466666666,0.35970857138,0.3541500329599999,0.0577816795192957,3.611333365,0.01476693153,0.262576627685,0.016179909165,0.1682447809741401,0.159708082647,2.529818141436364,0.3140948613,0.003532179469391,0.020704583685,0.036381103619014,100.0,100.0,100.0,100.0,100.0,100.0,100.0,100.0,100.0,100.0,100.0,100.0,100.0,100.0,100.0,100.0,100.0,100.0,100.0,0.0,100.0,100.0,100.0,0.0,0.0,100.0,100.0,100.0,100.0,72.72727272727272,100.0,100.0,100.0,100.0,high_traffic,2
0.0152492602103973,0.0265813575807223,1.1864322531888891,4.9167871475219725e-05,1.3038889009666663,0.0110158303182352,1.3099242814333332,0.0849276027854955,0.0075349085909908,0.006664685518754,0.0156045116320163,0.070325851435,0.0680649028588028,0.0063143142370396,0.0483943727580281,0.0158770604293009,0.013658343696228,0.0898116155285211,0.0746135378082517,3.004069163333333,0.33465991015,0.32909998889,0.0596267606064788,3.547888936666667,0.010341008498,0.2377649068255,0.0172895959405,0.1677188553999362,0.160702478849,2.94139999938,0.2550470563555556,0.0034579921637979,0.0223998289811538,0.0412770748087142,100.0,100.0,100.0,100.0,100.0,100.0,100.0,99.7005988023952,100.0,99.81867633726202,100.0,100.0,100.0,100.0,100.0,100.0,100.0,100.0,100.0,0.0,100.0,100.0,100.0,0.0,0.0,100.0,100.0,100.0,100.0,55.0,100.0,100.0,100.0,100.0,high_traffic,2
0.0152850247947154,0.0298551109890803,2.303176081666667,5.077123641967773e-05,2.4123332433333338,0.0093449522734343,2.41924655,0.0904888884272266,0.0111001491520799,0.0111897433008887,0.0168154525716,0.0802403820833333,0.0680450046834013,0.0080538072431304,0.0481564495744898,0.0164222007365781,0.0226076385500294,0.0898317252554422,0.0668845272584564,3.0106454616666665,0.3165635134888889,0.3070555527499999,0.0586802699816326,3.5593332783333334,0.01109850406,0.2180260816777778,0.0173708655285526,0.1710888514898148,0.1315513186666666,2.8221666515555555,0.2558743158333333,0.0288215073614258,0.0214154286786363,0.0394173233086842,100.0,100.0,100.0,100.0,100.0,99.4949494949495,100.0,94.83500717360114,100.0,95.08599508599508,100.0,100.0,100.0,100.0,100.0,100.0,83.82352941176471,100.0,100.0,0.0,100.0,100.0,100.0,0.0,0.0,100.0,100.0,100.0,100.0,66.66666666666666,100.0,89.0909090909091,100.0,100.0,high_traffic,2
0.0178792754658017,0.029742207211191,2.1142511914875,4.8208236694335935e-05,2.2107500383375003,0.0085356391470093,2.2161477162,0.0899379500296715,0.0062383492778,0.0094733789641895,0.0124616304995333,0.0651584424399999,0.0638034228496551,0.0066165714716292,0.0444965477580689,0.0148159816837289,0.0186151191548906,0.0878825039577931,0.0637059014309655,3.0053706100000004,0.33419415946,0.3275263309105263,0.0549724167707586,3.616800018,0.01597440242,0.2348908373926315,0.0182678401427777,0.1643260880893125,0.1646181281894737,2.48854995575,0.2539415888888888,0.0153281390614727,0.0222692603123809,0.0469912188291428,100.0,100.0,100.0,100.0,100.0,99.06542056074768,100.0,96.05839416058394,100.0,95.66326530612244,100.0,100.0,100.0,100.0,100.0,100.0,87.5,100.0,100.0,0.0,100.0,100.0,100.0,0.0,0.0,100.0,100.0,100.0,100.0,75.0,100.0,87.5,100.0,100.0,high_traffic,2
0.0172855877448852,0.0256465581703886,2.0109916387,4.920363426208496e-05,2.1317143050714287,0.00873029232,2.130279979614285,0.0844649140367821,0.0075349085909908,0.0065074500301881,0.0156045116320163,0.0800745089744444,0.0658489714313669,0.0058160031849698,0.0486690569176259,0.0169392126335739,0.0132554221761351,0.0884355795321582,0.0671225588847122,3.0114029,0.3470917277444444,0.3397777742333333,0.059266184719928,3.5569999775,0.008925914763,0.2489638328111111,0.018113357915845,0.1656108598827272,0.1607929070444444,2.332944403711111,0.2674208027428572,0.0069122747917011,0.0218888572995652,0.0380289819462222,100.0,100.0,100.0,100.0,100.0,100.0,100.0,100.0,100.0,100.0,100.0,100.0,100.0,100.0,100.0,100.0,100.0,100.0,100.0,0.0,100.0,100.0,100.0,0.0,0.0,100.0,100.0,100.0,100.0,77.77777777777777,100.0,100.0,100.0,100.0,high_traffic,2
0.0151993659624464,0.0228926315065125,1.6116634207,5.008578300476074e-05,1.7703332869000004,0.0098337430204923,1.7842382543666666,0.081904660650722,0.007085690758452,0.0054891623098283,0.0169069897601095,0.0661541160694736,0.0663944270384246,0.0061991133727427,0.0552876893692465,0.0167945388664599,0.0124985912540217,0.0891114326236301,0.0772934776322671,3.008401269,0.3206787610894737,0.3185789459105263,0.0667876772563013,3.5544545609090905,0.0093798637378333,0.2292763684631579,0.0165153709131506,0.1659769893046583,0.1567393603773684,2.920350012485,0.2334740956,0.0037346883242112,0.0212269020052,0.0336087162060493,100.0,100.0,100.0,100.0,100.0,100.0,100.0,99.7134670487106,100.0,100.0,100.0,100.0,100.0,100.0,100.0,100.0,100.0,100.0,100.0,0.0,100.0,100.0,100.0,0.0,0.0,100.0,100.0,100.0,100.0,45.0,100.0,100.0,100.0,100.0,high_traffic,3
0.0149549405714329,0.023151593820214,2.53594859,5.0407648086547854e-05,3.802299993000001,0.0091023177904137,2.881466648888889,0.0851483296591461,0.0076096645762671,0.0058856722826719,0.016748658594,0.0653759479452,0.0659401612649315,0.0054826539685194,0.0535410903826027,0.0156211707151035,0.0115765450018235,0.09202913714,0.0730958179448299,3.01280951,0.301544618556,0.2967200087959999,0.0644657415769863,3.562090933636363,0.010482907294,0.2142334937599999,0.0169910388405479,0.1684586616385714,0.1433008098288,3.5237600005720005,0.2705268859333333,0.0034665107714605,0.0208682080934782,0.0347663970507352,100.0,100.0,100.0,100.0,20.0,100.0,22.22222222222223,99.85528219971056,100.0,99.91438356164385,100.0,100.0,100.0,100.0,100.0,100.0,100.0,100.0,100.0,0.0,100.0,100.0,100.0,0.0,0.0,100.0,100.0,100.0,100.0,28.0,100.0,100.0,100.0,100.0,high_traffic,3
0.0157455410579124,0.0264621644144319,1.558334820275,4.9680471420288086e-05,3.3416249706375,0.0108002344748888,2.3946703447142856,0.0835065775207772,0.007370746134525,0.0084586571830365,0.0161300957158,0.065545052285,0.0634786175139552,0.004718039453067,0.054865675175597,0.016632096085068,0.0172409613852916,0.0874438232314925,0.0774390477251538,3.01007016,0.32177633041875,0.3176875263,0.0655149221305223,3.5560000683333333,0.0144802729233333,0.22865059968,0.0167816877322388,0.1599695906147651,0.159348994451875,3.3632500120875,0.2893275617999999,0.0083454591852618,0.0218058483885714,0.0371501995915384,100.0,100.0,100.0,100.0,50.0,100.0,57.142857142857146,97.3724884080371,100.0,97.9269496544916,100.0,100.0,100.0,100.0,100.0,100.0,91.66666666666669,100.0,100.0,0.0,100.0,100.0,100.0,0.0,0.0,100.0,100.0,100.0,100.0,43.75,100.0,96.42857142857144,100.0,100.0,high_traffic,3
0.0149331274374503,0.0252301666572607,1.90251588348,6.088614463806152e-05,1.99539999468,0.0093458834114285,2.0056205737000004,0.0856437190961943,0.0075349085909908,0.0077999631378889,0.0156045116320163,0.0748357222515384,0.0667883013903546,0.0066650838984129,0.0492907720170212,0.0151504687498794,0.0128566424021111,0.0894133520335461,0.0700611902514583,3.01039898,0.3606078624153846,0.3567692316076923,0.060851056516312,3.55149996,0.011257052415,0.2621515897323077,0.0166567284968085,0.1668103260505128,0.1805972502423077,2.029307729023077,0.25768680568,0.0083691510256987,0.0221612349743478,0.0388475014561538,100.0,100.0,100.0,100.0,100.0,100.0,100.0,98.65470852017935,100.0,98.87640449438204,100.0,100.0,100.0,100.0,100.0,100.0,97.77777777777776,100.0,100.0,0.0,100.0,100.0,100.0,0.0,0.0,100.0,100.0,100.0,100.0,84.61538461538461,100.0,96.36363636363636,100.0,100.0,high_traffic,3
0.0157156246848534,0.0245606846542821,1.643125228045455,4.876852035522461e-05,1.7839090781454543,0.0071417093269999,1.72850784768,0.0841141335959434,0.0075349085909908,0.005356459679298,0.0156045116320163,0.07268473624388,0.066637295932937,0.0053723339953103,0.0527971941176923,0.0147554587609526,0.01290499567605,0.0880891826503496,0.0756433426800699,3.00439585,0.4226824339833333,0.6743845751961538,0.0638181796337762,3.976799982,0.01077198982,0.2647796724912,0.017573772589007,0.1671999496328481,0.1549638938776,3.034208343554166,0.2516906044272727,0.0017121784822345,0.0204884211190476,0.0397561297632352,100.0,100.0,100.0,100.0,100.0,100.0,100.0,99.70588235294116,100.0,100.0,100.0,100.0,100.0,100.0,100.0,100.0,100.0,100.0,100.0,0.0,100.0,100.0,100.0,0.0,0.0,100.0,100.0,100.0,100.0,62.5,100.0,100.0,100.0,100.0,high_traffic,3
0.0144128069395114,0.024039151900959,1.29008650305,4.889965057373047e-05,1.38950002185,0.0090606326133333,1.3982683411,0.0848959066171019,0.0075349085909908,0.0060356793304678,0.0156045116320163,0.0682099660183333,0.0653812918742253,0.0060599664639653,0.0443450665733098,0.0135705894141912,0.0110595530618085,0.102492021822676,0.0616984686290845,3.0040234275,0.4291139244583333,0.427583336775,0.0550070379737323,3.556749995,0.00987799962,0.32803485785,0.0165147160097887,0.1761725586299363,0.21183520551,2.187583345008333,0.26936697955,0.0032672541472877,0.0216839517842857,0.0364407250530985,100.0,100.0,100.0,100.0,100.0,100.0,100.0,99.8522895125554,100.0,100.0,100.0,100.0,100.0,100.0,100.0,100.0,100.0,100.0,100.0,0.0,100.0,100.0,100.0,0.0,0.0,100.0,100.0,100.0,100.0,66.66666666666666,100.0,100.0,100.0,100.0,high_traffic,4
0.0147915875196655,0.0258631315567098,1.6908855405166667,4.9287080764770506e-05,1.8064999157333328,0.008647161370347,1.71363405986,0.1304812756622749,0.0075349085909908,0.0332403757317703,0.0156045116320163,0.071229472750625,0.0675862761584892,0.0048295924404924,0.0739784206204316,0.0201247128542765,0.073337542831074,0.094830732536187,0.1030009453307299,3.0114160125,0.355043113175,0.349624961575,0.0846762708110071,3.566500005,0.01390600204,0.255658283775,0.0188679695081021,0.1789494194967532,0.17956930395625,2.256400009813333,0.24916851515,0.0033568364589907,0.0234090379713513,0.0415188862673846,100.0,100.0,100.0,100.0,100.0,100.0,100.0,100.0,100.0,100.0,100.0,100.0,100.0,100.0,100.0,100.0,100.0,100.0,100.0,0.0,100.0,100.0,100.0,0.0,0.0,100.0,100.0,100.0,100.0,73.33333333333333,100.0,100.0,100.0,100.0,high_traffic,4
0.0145831420360702,0.0236644311352268,1.09883541826,4.991292953491211e-05,1.1991999602,0.0089602690776302,1.3989634085833331,0.1110978006976947,0.0075349085909908,0.021407478269864,0.0156045116320163,0.0645986927833333,0.0656386967244827,0.0054409224804975,0.054027573806,0.0207745746300327,0.0888589830821282,0.1035542027541379,0.0743969870461538,3.0041151,0.3873935275222223,0.3786666657888888,0.0646068934613793,3.56500005,0.0119280815066666,0.2855543030111111,0.0166216772389115,0.1770639359621875,0.2125416596344444,2.0343636572272725,0.26012430186,0.0035363760850829,0.0192179456334375,0.0357916102641176,100.0,100.0,100.0,100.0,100.0,100.0,100.0,100.0,100.0,100.0,100.0,100.0,100.0,100.0,100.0,100.0,100.0,100.0,100.0,0.0,100.0,100.0,100.0,0.0,0.0,100.0,100.0,100.0,100.0,90.9090909090909,100.0,100.0,100.0,100.0,high_traffic,4
0.0145914077723492,0.0245758339640266,1.98268568185,4.865527153015136e-05,3.1967499800625,0.0123756918396551,2.5354875875125003,0.0904270708996224,0.0075349085909908,0.0095969389490027,0.0156045116320163,0.0871554783328571,0.0635522060554421,0.0052686117687584,0.0548299299520408,0.0173814373667824,0.0889357597686153,0.1001251878972789,0.0758467445350675,3.0032854033333334,0.3297958714142857,0.3261904602428571,0.0656870595321768,3.5626666500000006,0.01042413711,0.2345928691171428,0.016728822872517,0.1738770360905555,0.1418072382409524,2.9254762188857137,0.285365402625,0.0049870641597273,0.0222745452589285,0.0345977224907317,100.0,100.0,100.0,100.0,37.5,100.0,37.5,100.0,100.0,100.0,100.0,100.0,100.0,100.0,100.0,100.0,100.0,100.0,100.0,0.0,100.0,100.0,100.0,0.0,0.0,100.0,100.0,100.0,100.0,47.61904761904762,100.0,100.0,100.0,100.0,high_traffic,4
0.0159771200051803,0.0219021629322748,1.719546315,4.892945289611816e-05,3.144857128571428,0.0078343890961904,3.007791514,0.0859394821961115,0.0075349085909908,0.0056935427525319,0.0156045116320163,0.072213888164,0.0652570724351773,0.0065949473206218,0.056744685399078,0.0159295938090635,0.0160244678929795,0.1022175254356028,0.0840179732722142,3.007287141666666,0.4341460123285713,0.4336666897133333,0.0673971700168794,3.5655000166666664,0.0095569292683333,0.331400140034,0.0162836613369784,0.1773711427285897,0.2560529548726666,3.867230759161538,0.2614717483,0.0055105989618087,0.0224495667649999,0.034054769405,100.0,100.0,100.0,100.0,28.57142857142857,100.0,0.0,100.0,100.0,100.0,100.0,100.0,100.0,100.0,100.0,100.0,100.0,100.0,100.0,0.0,100.0,100.0,100.0,0.0,0.0,100.0,100.0,100.0,100.0,15.384615384615389,100.0,100.0,100.0,100.0,high_traffic,4
0.0147909003478328,0.0230865400734225,1.6229664855333332,4.761219024658203e-05,1.7478333688833334,0.0100695434328947,1.75739510645,0.0820742394869583,0.0081359085273834,0.0055814485440749,0.0159931075261654,0.065326980175,0.0663424548088889,0.0057967258425931,0.0508402685240972,0.0141676079749022,0.0153912494022894,0.0929288814354861,0.0743333316383333,3.003552193333333,0.3578520161142857,0.3546428169071428,0.062111111142361,3.544333373333333,0.012274503705,0.2596103803928571,0.0170092234964583,0.1679796662326415,0.1917621237521428,2.2387143168285712,0.2529960473166666,0.0059296044421486,0.0224057652718181,0.03498772680225,100.0,100.0,100.0,100.0,100.0,100.0,100.0,99.56395348837208,100.0,100.0,100.0,100.0,100.0,100.0,100.0,100.0,100.0,100.0,100.0,0.0,100.0,100.0,100.0,0.0,0.0,100.0,100.0,100.0,100.0,78.57142857142857,100.0,100.0,100.0,100.0,high_traffic,5
0.0148584281661609,0.0226894344937318,1.92014775026,4.9060583114624025e-05,3.2137498794500003,0.0090156118047083,2.340564997128572,0.0831244141594809,0.0084029850016597,0.005637995717081,0.0162304325200138,0.0891374700105882,0.0667396568472916,0.0046191297317696,0.0512430551889583,0.0120985088099928,0.0141987949578125,0.0964848216882638,0.0727943897114285,3.00808615,0.4796730277937499,0.4707059296705882,0.0613958322219444,3.564200014,0.010598977402,0.3092691191,0.0161335683492361,0.1704083508292452,0.2131996575164706,3.2028125184187504,0.25319414134,0.0062586324538022,0.0233007127568181,0.0360644499414666,100.0,100.0,100.0,100.0,62.5,100.0,71.42857142857143,100.0,100.0,100.0,100.0,100.0,100.0,100.0,100.0,100.0,100.0,100.0,100.0,0.0,100.0,100.0,100.0,0.0,0.0,100.0,100.0,100.0,100.0,56.25,100.0,100.0,100.0,100.0,high_traffic,5
0.0149988669379194,0.0301511436648635,1.6139103144,4.9507617950439454e-05,2.82300001085,0.009430871405,2.38070136065,0.0889067037859877,0.0080573453608823,0.0108701402085931,0.0168742467329338,0.0547876357988749,0.0639752552670588,0.0054628459767346,0.049477941840147,0.0144656654075051,0.0415507192132826,0.0972875426650735,0.0729022285084057,3.009328203333333,0.4440759816999999,0.4396249949499999,0.0601544011928676,3.559999936666667,0.0080760717385,0.3390181064125,0.0178765935011764,0.1688076123113245,0.2089096605425,3.234555558611111,0.2597583531999999,0.0194585843458198,0.022742402551,0.0397379629019354,100.0,100.0,100.0,100.0,25.0,100.0,25.0,96.15975422427036,100.0,96.17537313432835,100.0,100.0,100.0,100.0,100.0,100.0,93.47826086956522,100.0,100.0,0.0,100.0,100.0,100.0,0.0,0.0,100.0,100.0,100.0,100.0,33.33333333333333,100.0,89.0909090909091,100.0,100.0,high_traffic,5
0.0149288116752314,0.0294909909486706,0.7247301339500001,5.429387092590332e-05,1.9543333804666665,0.0135586006264285,1.7801601857999998,0.0857499730185775,0.0088026846858813,0.0094818185384806,0.0159044871863559,0.0969831148641666,0.0646802002186619,0.0044671698365891,0.0499225267141549,0.0144298264781301,0.0224613178267857,0.0943918110483098,0.0705439875214893,3.0091563800000003,0.419480740975,0.4111667076083333,0.0607112595623239,3.5673332966666664,0.0125995278337499,0.304598788375,0.0173346307873943,0.1657716954229299,0.2058455347541666,2.156750000591667,0.31486725805,0.0126168511095944,0.0229930052353846,0.0680855026811111,100.0,100.0,100.0,100.0,66.66666666666666,96.42857142857144,66.66666666666666,95.42097488921712,100.0,95.92198581560284,100.0,100.0,100.0,100.0,100.0,100.0,88.0952380952381,100.0,100.0,0.0,100.0,100.0,100.0,0.0,0.0,100.0,100.0,100.0,100.0,66.66666666666666,100.0,87.27272727272728,100.0,100.0,high_traffic,5
0.0152858726281311,0.026756294608354,2.3004598566666665,4.8780441284179686e-05,2.42133315,0.0069900751105,2.4253243566666667,0.0853002940456577,0.0075349085909908,0.0072381784636284,0.0156045116320163,0.0693083286246666,0.0662333897546808,0.0061244952728159,0.0486453847609219,0.0141499968915387,0.0179129765895306,0.0982199526704964,0.0678492801182394,3.00978045,0.3656535784,0.3582666237733333,0.0590709101126241,4.030799906,0.0100713570896666,0.2663153012066666,0.0193606349158992,0.1733792561384615,0.1871230919853333,2.5614666289400003,0.2505255937,0.017953504592257,0.020658771195,0.04471900883,100.0,100.0,100.0,100.0,100.0,100.0,100.0,99.10714285714286,100.0,98.84444444444443,100.0,100.0,100.0,100.0,100.0,100.0,95.91836734693878,100.0,100.0,0.0,100.0,100.0,100.0,0.0,0.0,100.0,100.0,100.0,100.0,66.66666666666666,100.0,94.73684210526316,100.0,100.0,high_traffic,5
0.0155976234193272,0.0240065564356499,0.94401011156,4.662871360778808e-05,2.855428582942857,0.0065481662746666,1.42401342342,0.0836322043299313,0.0071330233783493,0.0058384340016992,0.0170070324814452,0.0627556063840909,0.0658453898768493,0.0057427443334805,0.0423424521460958,0.0137234473132725,0.0123539235815,0.0936554621203424,0.0594175759972602,3.00786355,0.3337989611590909,0.3280909277545454,0.053061646949178,3.5803749812500003,0.01034760474825,0.2474446838118181,0.0170614654034246,0.1690258061274534,0.1549540432695454,2.484333321837501,0.2809846400666666,0.00392530219738,0.0205790466719444,0.035225774108421,100.0,100.0,100.0,100.0,100.0,100.0,100.0,99.71223021582732,100.0,100.0,100.0,100.0,100.0,100.0,100.0,100.0,100.0,100.0,100.0,0.0,100.0,100.0,100.0,0.0,0.0,100.0,100.0,100.0,100.0,66.66666666666666,100.0,100.0,100.0,100.0,high_traffic,6
0.0162100513617665,0.0236338488925834,1.2875039560333332,4.8208236694335935e-05,1.3815000018166663,0.0086273853587076,1.39461787335,0.101622472692219,0.0075034385017517,0.0156877634688724,0.0171799727324964,0.0710084438275,0.0629924949904964,0.0053277905295522,0.0408936121718439,0.0133970730701398,0.1013193482141311,0.1037005887643262,0.0602657186133333,3.008049721666667,0.30528014893125,0.30187498028125,0.0517801359106383,3.560666635,0.0123543739299999,0.2159171401993749,0.0167088948197872,0.1735461919385897,0.1431676000037499,2.54543746598125,0.257152001,0.0037002904060503,0.021840506125,0.0351089459835185,100.0,100.0,100.0,100.0,100.0,100.0,100.0,100.0,100.0,100.0,100.0,100.0,100.0,100.0,100.0,100.0,100.0,100.0,100.0,0.0,100.0,100.0,100.0,0.0,0.0,100.0,100.0,100.0,100.0,62.5,100.0,100.0,100.0,100.0,high_traffic,6
0.0154879543806097,0.0233069235243997,2.047638411875,4.888176918029785e-05,2.1406250565125,0.0076926043881019,2.1455891688125,0.1096152063554943,0.0081964306621575,0.0195247067992954,0.0167807013984452,0.0678201019718749,0.0667746442515753,0.0059671158921019,0.0449383552676027,0.0160273592175066,0.0643031945966341,0.108277415554178,0.0586181095101369,3.007496354,0.30644963675,0.30450001353125,0.0552671233173972,3.930000016,0.016888618465,0.213549211571875,0.0161908668970547,0.1829614979514907,0.143414527139375,2.985529417488235,0.268915504175,0.0033109741536463,0.0230815112491666,0.0364188678890163,100.0,100.0,100.0,100.0,100.0,100.0,100.0,99.4269340974212,100.0,100.0,100.0,100.0,100.0,100.0,100.0,100.0,100.0,100.0,100.0,0.0,100.0,100.0,100.0,0.0,0.0,100.0,100.0,100.0,100.0,70.58823529411765,100.0,100.0,100.0,100.0,high_traffic,6
0.0150379052202539,0.0249234734284078,2.33597469,4.822611808776856e-05,4.905833306666667,0.0085119117372424,2.8717985075,0.0896112237003601,0.00883478402965,0.0070962910133164,0.01624561547842,0.0897262294991666,0.0660344438265957,0.0077737279184477,0.0429929114339007,0.0141038976713754,0.0228002020603829,0.110840033114539,0.0586513381523943,3.0186394,0.3441670337833333,0.3415833313833333,0.0542482213693617,3.5619998733333333,0.0136266549406666,0.2415370543375,0.0174797663405673,0.185157934784423,0.1470499038341667,3.0923333541083338,0.289666891,0.0034709572778347,0.0196487605539285,0.0366078936796825,100.0,100.0,100.0,100.0,16.66666666666667,100.0,25.0,99.55555555555556,100.0,100.0,100.0,100.0,100.0,100.0,100.0,100.0,100.0,100.0,100.0,0.0,100.0,100.0,100.0,0.0,0.0,100.0,100.0,100.0,100.0,50.0,100.0,100.0,100.0,100.0,high_traffic,6
0.017419888913367,0.0246375078501551,1.033262486625,4.845261573791504e-05,2.0616666842833333,0.0092936693296423,1.8765374772166663,0.0872183903560899,0.0075349085909908,0.0059240778608467,0.0156045116320163,0.0591434930442105,0.067003114369343,0.0079118188855736,0.0470583891259124,0.0145106741118497,0.0121521519806393,0.0949225007857664,0.063828330829416,3.0096719616666667,0.2984710366578947,0.2964737038368421,0.0582262773487591,3.5630000366666668,0.009793678918,0.1993309698263158,0.0175454268447445,0.1748938167963815,0.1303802289136842,2.4215263294526315,0.2835811376,0.003311395643682,0.0195978934077272,0.0358471817395555,100.0,100.0,100.0,100.0,66.66666666666666,100.0,66.66666666666666,100.0,100.0,100.0,100.0,100.0,100.0,100.0,100.0,100.0,100.0,100.0,100.0,0.0,100.0,100.0,100.0,0.0,0.0,100.0,100.0,100.0,100.0,57.89473684210526,100.0,100.0,100.0,100.0,high_traffic,6
0.016088179596574,0.0243876182180543,1.88169721982,4.847645759582519e-05,2.0413332725,0.0091469998038936,1.99697250862,0.083310951677786,0.0074645144586428,0.0059616640261144,0.0181223903341857,0.0607460907471428,0.0649802588667114,0.0049832140989377,0.0397785125880268,0.0134364429538308,0.0116618567791764,0.0956371854457718,0.0594343946991946,3.00320267,0.3807920217071429,0.3726428576285714,0.0506375795939597,3.55379991,0.011257052415,0.2788643666142857,0.016971191299463,0.1680530818154877,0.2125994136864285,2.789399970313333,0.24123291964,0.0033945733841882,0.0216309959762162,0.0354090907303636,100.0,100.0,100.0,100.0,100.0,100.0,100.0,100.0,100.0,100.0,100.0,100.0,100.0,100.0,100.0,100.0,100.0,100.0,100.0,0.0,100.0,100.0,100.0,0.0,0.0,100.0,100.0,100.0,100.0,66.66666666666666,100.0,100.0,100.0,100.0,high_traffic,7
0.0159235902701201,0.0248557517362488,1.6400294246333331,4.851222038269043e-05,3.36939997376,0.0089171685651403,2.073102889175,0.0863194391724365,0.0072416274905779,0.0058659512489663,0.0165325610973577,0.0626480314422222,0.0665850019351333,0.0078817004236238,0.0420600112210866,0.0129581612592531,0.0112349280578333,0.0921216630778,0.0608002455924666,3.0085991875,0.3040121263444444,0.293666667361111,0.0523599958337333,3.5573332766666663,0.011492490766,0.2058248519516666,0.0178385829882,0.1739935253235151,0.1360422505044444,2.913789508205263,0.2557214100666666,0.0037858971827936,0.0209124020117142,0.0387471771182666,100.0,100.0,100.0,100.0,60.0,100.0,75.0,99.85935302391,100.0,100.0,100.0,100.0,100.0,100.0,100.0,100.0,100.0,100.0,100.0,0.0,100.0,100.0,100.0,0.0,0.0,100.0,100.0,100.0,100.0,47.36842105263158,100.0,100.0,100.0,100.0,high_traffic,7
0.0153293649056953,0.0228711922925697,1.10640239,4.868507385253906e-05,2.789499875,0.0076401593533773,2.531008355,0.1178163723426467,0.0075349085909908,0.0276555186238331,0.0156045116320163,0.0831561271861538,0.0656806162342142,0.006202033757135,0.0433071374841428,0.0157506199169519,0.0884556058684615,0.091868531694,0.0618975128365714,3.003664897142857,0.3622722625153846,0.3593076558846154,0.0539714234155,3.556285785714285,0.0100270509695,0.2571096603315385,0.0157068678265714,0.1666205190483226,0.1663034695453845,3.0484615070000007,0.3164758682,0.0036295122559528,0.0225802452608695,0.0355255053546153,100.0,100.0,100.0,100.0,50.0,100.0,50.0,99.8502994011976,100.0,100.0,100.0,100.0,100.0,100.0,100.0,100.0,100.0,100.0,100.0,0.0,100.0,100.0,100.0,0.0,0.0,100.0,100.0,100.0,100.0,38.46153846153846,100.0,100.0,100.0,100.0,high_traffic,7
0.0154546112274754,0.0225956584834592,0.8771747168571429,4.876255989074707e-05,0.9968571643142856,0.0088560057007092,1.0080931179,0.1420015668359449,0.0075349085909908,0.0415328246985824,0.0156045116320163,0.0683201789795,0.064467518032695,0.006491158138199,0.0441560322439219,0.0171181760408195,0.0990640984550892,0.0919180102242553,0.0614001074478723,3.004553266,0.3405992507399999,0.33925001618,0.0545531840930496,3.544399974,0.0095467567423333,0.2479651212099999,0.0163879445219148,0.1690346552399999,0.174056959121,1.946199985785,0.2428059236999999,0.0035210739467139,0.01936629571,0.0342624109245901,100.0,100.0,100.0,100.0,100.0,100.0,100.0,100.0,100.0,100.0,100.0,100.0,100.0,100.0,100.0,100.0,100.0,100.0,100.0,0.0,100.0,100.0,100.0,0.0,0.0,100.0,100.0,100.0,100.0,75.0,100.0,100.0,100.0,100.0,high_traffic,7
0.0158009394126415,0.0235548096284527,1.70988839565,5.04612922668457e-05,2.6478888923555552,0.0077185233433333,1.9948803152125,0.0879312566372201,0.0075349085909908,0.0075139390056988,0.0156045116320163,0.0626416457273684,0.0664188273857534,0.0053288820866456,0.0422534338347945,0.0151441110235373,0.0122063986433866,0.1002439260338356,0.060401940989863,3.010051866,0.3340212796421053,0.3282105420263158,0.0526712332601369,4.454000023333333,0.0097570419268,0.2385534361289473,0.0173449777538356,0.1737951847003105,0.1696312803726315,2.927649980785,0.2797468602124999,0.0059945713377239,0.0212091245893548,0.0366027666123913,100.0,100.0,100.0,100.0,100.0,100.0,100.0,100.0,100.0,100.0,100.0,100.0,100.0,100.0,100.0,100.0,100.0,100.0,100.0,0.0,100.0,100.0,100.0,0.0,0.0,100.0,100.0,100.0,100.0,75.0,100.0,100.0,100.0,100.0,high_traffic,7
0.016590545340299,0.0237581676577424,1.300060467166667,4.879832267761231e-05,1.4128332507833334,0.0134134785863103,1.4230885481833335,0.0865750979400706,0.0075349085909908,0.0058632835005113,0.0156045116320163,0.065044403068421,0.0669952862427338,0.0047406922624773,0.0625467694321079,0.0159449838642778,0.0125764359998541,0.0995649176373381,0.0895894996851078,3.0097367177777774,0.3327404824842105,0.3277894948210526,0.0729064769366187,3.553333331111112,0.0122230847599999,0.2429802040773684,0.016578766934964,0.1818414941085065,0.1686168469521052,2.8461579111789472,0.2486107348833333,0.0033930895607452,0.020944356915909,0.0362904418554545,100.0,100.0,100.0,100.0,100.0,100.0,100.0,100.0,100.0,100.0,100.0,100.0,100.0,100.0,100.0,100.0,100.0,100.0,100.0,0.0,100.0,100.0,100.0,0.0,0.0,100.0,100.0,100.0,100.0,52.63157894736842,100.0,100.0,100.0,100.0,high_traffic,8
0.0160285598877707,0.0247411675462326,2.33306455,4.882216453552246e-05,2.48650002,0.0098972512351494,2.4779006150000003,0.0873893396538293,0.0067326952419901,0.006014261337486,0.016386132609598,0.0624817609701666,0.0628972573940845,0.0071564582301584,0.0666197185657042,0.01573713439516,0.0099716867693571,0.1058287452469014,0.0931515508797183,3.003744276666667,0.3702326813749999,0.363833367775,0.0770140902969718,3.55233327,0.009145975112,0.2744744816916666,0.0173658501888028,0.1841327247738216,0.2092216411883333,2.0165833605666665,0.2587679624,0.0039693312196824,0.0232125435510714,0.0360648543701234,100.0,100.0,100.0,100.0,100.0,100.0,100.0,99.85163204747776,100.0,100.0,100.0,100.0,100.0,100.0,100.0,100.0,100.0,100.0,100.0,0.0,100.0,100.0,100.0,0.0,0.0,100.0,100.0,100.0,100.0,75.0,100.0,100.0,100.0,100.0,high_traffic,8
0.0151472271012225,0.0290069514539759,2.4423508566666663,4.875659942626953e-05,2.6095001075,0.0083593300394025,2.5450881266666667,0.0904291004322429,0.0079464475860281,0.0095610780609046,0.0172834396326267,0.0753289744816666,0.0649634817809859,0.0061406274825049,0.049514072032676,0.0131713776985665,0.0201769427916086,0.0971514439732394,0.0764633148355633,3.003846197142857,0.4601992765190476,0.4549047491428571,0.0598802986160563,4.474666694444444,0.0111453533125,0.2991885570428571,0.0178795565980281,0.1713651972575159,0.1878081275971428,2.531571431319048,0.2422273158666666,0.0053179181840734,0.0222853720170833,0.0352610775358928,100.0,100.0,100.0,100.0,100.0,100.0,100.0,97.33333333333331,100.0,97.79346866725508,100.0,100.0,100.0,100.0,100.0,100.0,92.7536231884058,100.0,100.0,0.0,100.0,100.0,100.0,0.0,0.0,100.0,100.0,100.0,100.0,66.66666666666666,100.0,98.27586206896552,100.0,100.0,high_traffic,8
0.0184448205472307,0.0265619316566738,1.2858536219,4.9108266830444335e-05,1.43600010605,0.0092482474105,1.4477651096,0.0888663400199996,0.0072540250304689,0.0078400319300864,0.0153477586511862,0.0722719430855555,0.0650143113511034,0.0068373505649902,0.0564689652571724,0.014271482729441,0.0231578964105909,0.0944998050388275,0.0791573063924827,3.0060331755555554,0.3219076262,0.3171666727777777,0.0667931030408275,3.578999965555556,0.0103590488349999,0.2348592148405555,0.0165692608888965,0.1727975487345625,0.1578582392572222,2.6146110799777778,0.2726153532333333,0.0123393058731544,0.0207692926563636,0.0393426702073809,100.0,100.0,100.0,100.0,100.0,99.44444444444444,100.0,97.38751814223512,100.0,97.68637532133675,100.0,100.0,100.0,100.0,100.0,100.0,89.39393939393939,100.0,100.0,0.0,100.0,100.0,100.0,0.0,0.0,100.0,100.0,100.0,100.0,50.0,100.0,92.72727272727272,100.0,100.0,high_traffic,8
0.0156658301365594,0.0220295619400384,1.9784700820833327,4.709959030151368e-05,2.0756666210500003,0.0077909515007936,2.079860484216667,0.0849422904651306,0.0078922147322826,0.0059717689419255,0.0169890116917246,0.07311370967875,0.0650465125515942,0.0046972903330404,0.0538116088723188,0.0145555723524556,0.0120583680933653,0.0971527669572463,0.0745272100695652,3.0063492,0.3610781579625,0.35493749374375,0.0644492688260869,3.5455000375,0.01169300079,0.2566981016975,0.0161906584403623,0.1701162531105882,0.17466349896375,2.39056251611875,0.2809760570166666,0.0043473115979289,0.021524266760909,0.0357385685518421,100.0,100.0,100.0,100.0,100.0,100.0,100.0,99.3920972644377,100.0,99.53959484346224,100.0,100.0,100.0,100.0,100.0,100.0,98.07692307692308,100.0,100.0,0.0,100.0,100.0,100.0,0.0,0.0,100.0,100.0,100.0,100.0,75.0,100.0,100.0,100.0,100.0,high_traffic,8
0.0165483144343887,0.023436313143341,1.73875393452,4.842281341552734e-05,3.357999932557143,0.0078453599348684,2.16826090454,0.0861665347417066,0.0077505128471971,0.0058969025465457,0.0169463191201831,0.061414170257,0.0652375657654929,0.0050683434638762,0.0411056313646478,0.0123238094023435,0.0116516862568928,0.1036249315071831,0.0589569012202083,3.007060403333333,0.335075867125,0.32985005374,0.0521830975042253,3.5693333883333334,0.0092500448189999,0.243849992713,0.0160169047333802,0.1760777515626752,0.1496010183939999,2.570285714152381,0.2831378777166667,0.0032909460224931,0.0218700647309999,0.0376531737141269,100.0,100.0,100.0,100.0,100.0,100.0,100.0,100.0,100.0,100.0,100.0,100.0,100.0,100.0,100.0,100.0,100.0,100.0,100.0,0.0,100.0,100.0,100.0,0.0,0.0,100.0,100.0,100.0,100.0,71.42857142857143,100.0,100.0,100.0,100.0,high_traffic,9
0.0151873642677917,0.0240421097547016,1.6714721504166663,4.955530166625976e-05,1.7538333307666667,0.0095485214318852,1.7626653893333335,0.085461711869757,0.0081302257281773,0.0060098794385093,0.0161919221774822,0.0682770252175,0.0666568346804255,0.00503865165998,0.0457446778007092,0.0143821926223797,0.0117484927152812,0.1036255342534751,0.0586104832557446,3.01057314375,0.2895456313649999,0.28359996076,0.0560567547997163,3.949400011,0.009074687956,0.1961656093165,0.0161068422534042,0.1772907146652564,0.1238947391184999,2.756523752185714,0.28744486965,0.0034482869218887,0.0213479715208823,0.03407087921625,100.0,100.0,100.0,100.0,100.0,100.0,100.0,100.0,100.0,100.0,100.0,100.0,100.0,100.0,100.0,100.0,100.0,100.0,100.0,0.0,100.0,100.0,100.0,0.0,0.0,100.0,100.0,100.0,100.0,57.142857142857146,100.0,100.0,100.0,100.0,high_traffic,9
0.0154706983323824,0.0230708058120973,1.7228932359285716,4.8619508743286136e-05,1.850285663,0.0081600478418032,1.8580084162,0.0850428515432811,0.010728682788875,0.0056702957174179,0.0150556564288928,0.0940343416546153,0.0679249322452739,0.0041220292296213,0.0407397175420547,0.0120881034696708,0.012658880600258,0.1056696666207534,0.0581761827120547,3.004302656666667,0.5351577715846154,1.2256666929600002,0.0510136999407534,3.5503333366666667,0.011257052415,0.3330761832230769,0.0160509612785416,0.1795855678788198,0.2335747388192307,3.225500033771429,0.2759148392857143,0.0032760836846624,0.0222915410972222,0.0349822574144444,100.0,98.9247311827957,100.0,100.0,100.0,100.0,100.0,99.71014492753623,100.0,100.0,100.0,100.0,100.0,100.0,100.0,100.0,100.0,100.0,100.0,0.0,100.0,100.0,100.0,0.0,0.0,100.0,100.0,100.0,100.0,78.57142857142857,100.0,100.0,100.0,100.0,high_traffic,9
0.0153691566420494,0.0218970705446136,2.3117395000000003,5.075931549072266e-05,2.4164999675,0.0066096081447058,2.4428908775,0.08098042427607,0.0075349085909908,0.005815246945658,0.0156045116320163,0.0657667159973333,0.0648774495383076,0.0052640965102631,0.0407692322306923,0.0142391705648732,0.0124372023094444,0.0930796329626153,0.0574247415158461,3.0058199125,0.3485339164333333,0.3448000430466666,0.052246159766,3.61699992,0.011009216304,0.256760199808,0.0152627285527343,0.1649764701904137,0.1837392488606666,2.3087333501400003,0.2553792476199999,0.0033865061657092,0.0220022515181578,0.0322497636037499,100.0,98.82352941176472,100.0,100.0,100.0,100.0,100.0,99.68152866242038,100.0,100.0,100.0,100.0,100.0,100.0,100.0,100.0,100.0,100.0,100.0,0.0,100.0,100.0,100.0,0.0,0.0,100.0,100.0,100.0,100.0,73.33333333333333,100.0,100.0,100.0,100.0,high_traffic,9
0.0148672632939726,0.0252508340520761,2.2961013266666668,5.891323089599609e-05,2.395999943333333,0.0092584471516774,2.40161323,0.0820865544657351,0.0075349085909908,0.0060650276307889,0.0156045116320163,0.0749049385291666,0.0634984616776296,0.0061517165244564,0.0472814771796296,0.0129529605892642,0.0140415241812105,0.0997369059637037,0.0635902952166666,3.002693885,0.3512983123,0.3492500384166667,0.0576222260703703,3.609250125,0.009732961654,0.2602219183825,0.0177720970537777,0.1731281470881999,0.1819762189758333,3.1457692079384616,0.2497667584571428,0.0033906806586877,0.0238301292470967,0.0372607901202702,100.0,100.0,100.0,100.0,100.0,100.0,100.0,97.74096385542168,100.0,100.0,100.0,100.0,100.0,100.0,100.0,100.0,100.0,100.0,100.0,0.0,100.0,100.0,100.0,0.0,0.0,100.0,100.0,100.0,100.0,69.23076923076923,100.0,100.0,100.0,100.0,high_traffic,9
0.0163889025976158,0.0242017369201765,1.6170696388666668,4.686117172241211e-05,1.7416667927333336,0.0092957341242022,1.9158157072,0.0825771724981856,0.0075349085909908,0.0058320120140799,0.0156045116320163,0.0695905950285,0.061539191714468,0.0058881145199154,0.0456808441846099,0.0140263339027998,0.0136686960828666,0.0919349277995035,0.0618059134883216,3.004487249,0.3310814279736842,0.3274444208777777,0.0563333355688652,3.967090882727273,0.0107679367033333,0.2405672470222222,0.0178690751348936,0.163250278168782,0.166300349725,3.231333318166667,0.2706906795,0.0031997406911187,0.021329413755,0.0360166629086904,100.0,100.0,100.0,100.0,100.0,100.0,100.0,100.0,100.0,100.0,100.0,100.0,100.0,100.0,100.0,100.0,100.0,100.0,100.0,0.0,100.0,100.0,100.0,0.0,0.0,100.0,100.0,100.0,100.0,44.44444444444444,100.0,100.0,100.0,100.0,high_traffic,10
0.0157339037957692,0.0237273172155722,2.31599116,4.690289497375488e-05,2.43500018,0.0100501444571759,2.44026923,0.0844010785741129,0.0075349085909908,0.0059503389896589,0.0156045116320163,0.0702920100205882,0.0648595631846478,0.0073234846081584,0.047873245152676,0.0128469880228061,0.0108284998888367,0.0976281081946478,0.0649809393273793,3.0063899712500004,0.3547196255277777,0.3447058761352941,0.0582605549894366,3.598625,0.01282805204,0.2554345691335294,0.0162337852810416,0.1720447129882165,0.1800904974835294,2.4321666267888893,0.2542575596999999,0.0038555795483315,0.0226288267525,0.0360899501320987,100.0,100.0,100.0,100.0,100.0,100.0,100.0,100.0,100.0,100.0,100.0,100.0,100.0,100.0,100.0,100.0,100.0,100.0,100.0,0.0,100.0,100.0,100.0,0.0,0.0,100.0,100.0,100.0,100.0,55.55555555555556,100.0,100.0,100.0,100.0,high_traffic,10
0.0182646236077096,0.0227848102450973,0.2608616352,4.8160552978515625e-05,2.44099998,0.0081611506782653,0.4397904872,0.1021229316174097,0.0087482258667083,0.0056962743959279,0.0159435818559062,0.0575027806304285,0.0644204501079838,0.0084529259914619,0.0468145281963709,0.0135650972326964,0.011845050433106,0.0911935471562096,0.0689979272407258,2.861806836470588,0.2643344227414634,0.2590454599568181,0.0573387011313709,3.5610001,0.009951114654,0.1681612187847727,0.0160859664793706,0.2445413499982352,0.0947151309405263,1.699749984125,0.06625008583,0.0033951955170313,0.0225337899204347,0.0374361538253658,100.0,100.0,100.0,100.0,100.0,100.0,100.0,97.4436090225564,100.0,100.0,100.0,100.0,100.0,100.0,100.0,100.0,100.0,100.0,100.0,0.0,100.0,100.0,100.0,0.0,0.0,100.0,100.0,90.84967320261438,100.0,50.0,100.0,100.0,100.0,100.0,high_traffic,10
0.016171620782875,0.0219411024639127,0.2608616352,4.781484603881836e-05,2.44099998,0.0079262360274782,0.4397904872,0.1063832338726895,0.0077999368776048,0.0056854320589352,0.0164146404076612,0.0575027806304285,0.0635881596862096,0.0070905348516304,0.044330650754758,0.015446951069794,0.0096831949111473,0.0994330490596774,0.06243306445813,2.861806836470588,0.2643344227414634,0.2590454599568181,0.0548548506045967,3.5610001,0.0105027357733333,0.1681612187847727,0.0169326990377464,0.2733219175849367,0.0947151309405263,1.699749984125,0.06625008583,0.0035017056885594,0.02177870841,0.03623272776025,100.0,100.0,100.0,100.0,100.0,100.0,100.0,96.90265486725664,100.0,100.0,100.0,100.0,100.0,100.0,100.0,100.0,100.0,100.0,100.0,0.0,100.0,100.0,100.0,0.0,0.0,100.0,100.0,87.9746835443038,100.0,50.0,100.0,100.0,100.0,100.0,high_traffic,10
0.0142498844366467,0.0248806251860648,0.2608616352,4.897713661193848e-05,4.15549999,0.0099893695876603,3.0065269425,0.0875265867351497,0.0081507144729054,0.0060092639059693,0.0171047867919121,0.1093558668891666,0.0649717578875675,0.0060982295101176,0.0439864864160135,0.0129972475657164,0.0116294038512244,0.0964004606642567,0.0614805429463758,3.0077617471428573,0.7161336933666668,1.572428600014286,0.0548378406248648,3.9158571757142857,0.011445045465,0.4045134581608334,0.0159430835376158,0.1836293760350609,0.2878889838583333,5.185666569108333,0.2982504367,0.003496500482157,0.0216112997736111,0.03588113614,100.0,100.0,100.0,100.0,0.0,100.0,0.0,99.7175141242938,100.0,100.0,100.0,100.0,100.0,100.0,100.0,100.0,100.0,100.0,100.0,0.0,100.0,100.0,100.0,0.0,0.0,100.0,100.0,98.78048780487804,100.0,8.333333333333329,100.0,100.0,100.0,100.0,high_traffic,10
0.0157515727520512,0.0247013073253802,1.2916614674625,4.9948692321777344e-05,1.4251248815625002,0.0077055692668181,1.4323069433375002,0.0826683004614478,0.0065532525365869,0.0066364315153436,0.0181832814525144,0.0605160939020526,0.0665222147123188,0.0048145417001919,0.042688399113913,0.0169094214467688,0.0151329219303749,0.0860396105181884,0.0619096306664492,3.009616815,0.3232954175368421,0.3207895127894737,0.0535942004981884,3.988000053,0.01342328389,0.2212278717005263,0.0171130221777536,0.1603092726123529,0.1530777529278947,3.0206999864350004,0.23639622325,0.0060332119452077,0.022121191021,0.0445621720011111,100.0,100.0,100.0,100.0,100.0,100.0,100.0,100.0,100.0,100.0,100.0,100.0,100.0,100.0,100.0,100.0,100.0,100.0,100.0,0.0,100.0,100.0,100.0,0.0,0.0,100.0,100.0,100.0,100.0,55.0,100.0,100.0,100.0,100.0,high_traffic,11
0.0157143233338769,0.0251951771770185,2.28465453,4.832744598388672e-05,2.4369999533333337,0.0092482566828181,2.4495866266666666,0.0845388491808058,0.0072541121767931,0.006566304079766,0.017026176119862,0.0893326070411111,0.064947172679931,0.0082199953593188,0.0509517242072413,0.0170761768580015,0.0183745399085937,0.0877819998368275,0.0653647998187586,3.01043963,0.3663181728222222,0.3658888604444444,0.0617448247600689,3.5576666933333336,0.0180101394638,0.2752853234222222,0.0176923357161379,0.1687614932258125,0.1842136382855555,2.745666658866667,0.2280515034666666,0.0049989014326893,0.022445213791,0.0406453291516666,100.0,100.0,100.0,100.0,100.0,100.0,100.0,100.0,100.0,100.0,100.0,100.0,100.0,99.51690821256038,100.0,100.0,100.0,100.0,100.0,0.0,100.0,100.0,100.0,0.0,0.0,100.0,100.0,100.0,100.0,66.66666666666666,100.0,100.0,100.0,100.0,high_traffic,11
0.015258301010909,0.0260166060750153,1.88798990022,4.836916923522949e-05,1.99279999076,0.0093900452944166,2.0031353447,0.0870479815075435,0.0098488390934705,0.006885822831316,0.0178345652148907,0.0688885239929411,0.0727522956272661,0.0075332941379257,0.0764013964636619,0.0157930183304656,0.0149700397064615,0.0879916411032307,0.1000675987826573,3.0072912716666664,0.3382340599,0.3297059395235294,0.0878521153444366,3.906833405,0.0115087628312499,0.2403298545917647,0.0174170514185915,0.1792199884083439,0.1666250789552941,2.6789411339000004,0.20786609644,0.0059534549703212,0.0216452100022727,0.0404204498050617,100.0,100.0,100.0,100.0,100.0,100.0,100.0,96.602658788774,100.0,100.0,100.0,100.0,97.84172661870504,100.0,83.80281690140845,100.0,100.0,93.07692307692308,83.91608391608392,0.0,100.0,100.0,83.80281690140845,0.0,0.0,100.0,100.0,85.35031847133757,100.0,64.70588235294117,100.0,100.0,100.0,100.0,high_traffic,11
0.0158363420982242,0.0235671202307636,1.6503882361333335,4.839897155761719e-05,1.7793333519,0.0101958668729347,1.7854133414666666,0.0817914838773093,0.007135102241808,0.0058190939812039,0.0220417952241212,0.0695884908842857,0.0843915808826562,0.0060935032179014,0.0563706317902797,0.0123442688035843,0.015552738130647,0.0845443932773304,0.0837584692121678,3.0075498888888887,0.3479057379642857,0.3425714117642857,0.0669510547836363,3.5648889211111108,0.011257052415,0.2451498678342857,0.0165921591338461,0.1641255375398733,0.1706385101228571,3.308333376406666,0.2651736736,0.0058584429993274,0.0215875080614285,0.0354302648473015,100.0,100.0,100.0,100.0,100.0,100.0,100.0,93.36283185840708,100.0,100.0,100.0,100.0,93.75,100.0,69.23076923076923,100.0,100.0,87.82608695652173,69.23076923076923,0.0,100.0,100.0,69.23076923076923,0.0,0.0,100.0,100.0,72.15189873417722,100.0,40.0,100.0,100.0,100.0,100.0,high_traffic,11
0.0159956566510094,0.0241206917280272,1.5012609451,5.01096248626709e-05,1.7306666722999997,0.0095005295835294,1.6252880562199998,0.0841818978631991,0.0082529805730188,0.0057590033316003,0.0201665320443679,0.07783062317,0.0777958828514173,0.0077493855004179,0.0748794416728368,0.013754159203163,0.0123755772876444,0.0814894417138534,0.0962720948138297,3.0132113625000003,0.3346059742705882,0.3307647003411765,0.0861772915522695,3.555000005,0.0127715468375,0.24091737405,0.0174378114346099,0.1689570881427564,0.1613831239217647,2.0862777734055555,0.26034913058,0.0043986303750597,0.0208628073947826,0.0397796841173529,100.0,100.0,100.0,100.0,100.0,100.0,100.0,94.7994056463596,100.0,100.0,100.0,100.0,96.06299212598424,100.0,75.177304964539,100.0,100.0,91.3793103448276,75.177304964539,0.0,100.0,100.0,75.177304964539,0.0,0.0,100.0,100.0,77.56410256410257,100.0,77.77777777777777,100.0,100.0,100.0,100.0,high_traffic,11
0.0161301134475078,0.021866536268831,2.278095,4.8106908798217775e-05,2.403499955,0.0082615308968992,2.41527998,0.0829615180042044,0.007216920242773,0.0056080442052604,0.0166204685823687,0.0730548926721428,0.0632196148979432,0.0049360652460298,0.0435602833977304,0.0132821716359942,0.0120080139296521,0.0930925260934751,0.0637509146371631,3.076498445,0.3273398875642857,0.3182856865785713,0.0548936272218439,3.8172501275,0.01115393638,0.2312076942671428,0.0162581721049645,0.1642090998776923,0.1549221958135714,2.0836428214714284,0.2726702689666667,0.0065568557797378,0.0216616562395238,0.0332868403523404,100.0,100.0,100.0,100.0,100.0,100.0,100.0,100.0,100.0,100.0,100.0,100.0,100.0,100.0,100.0,100.0,100.0,100.0,100.0,0.0,100.0,100.0,100.0,0.0,0.0,100.0,100.0,100.0,100.0,71.42857142857143,100.0,100.0,100.0,100.0,high_traffic,12
0.0143040328550151,0.0226147897665919,1.7335670980857143,4.7719478607177736e-05,1.816428555928572,0.00898565292,1.8256587949857144,0.0861655497322728,0.0084736814359121,0.0056607847773613,0.0166550794126148,0.0875562115552631,0.0657141369635135,0.0040001605560625,0.067581073631554,0.0169166743867223,0.0136912768714905,0.0943601099098648,0.0857403019891891,3.004198725,0.480930353131579,1.0062381175857145,0.0781351424293243,3.565750055,0.0100105603523333,0.2880354554626315,0.0165907590529251,0.179600260667546,0.1956560485836842,2.6279500330400003,0.2748867443285714,0.0063454899283625,0.0216181278185,0.0352549552874358,100.0,99.46808510638296,100.0,100.0,100.0,100.0,100.0,99.85714285714286,100.0,100.0,100.0,100.0,100.0,100.0,100.0,100.0,100.0,100.0,100.0,0.0,100.0,100.0,100.0,0.0,0.0,100.0,100.0,100.0,100.0,80.0,100.0,100.0,100.0,100.0,high_traffic,12
0.014154031915356,0.0211798030362249,2.310464495,6.054043769836426e-05,2.4363332566666664,0.0173219442325,2.4486488050000004,0.0833238382276043,0.0076326926534027,0.005534365732873,0.0178537832332777,0.0678605181778571,0.0648222929793055,0.0042566703807205,0.0620347195087499,0.0173029519875359,0.013985034744,0.098280214585,0.0857881622035416,3.01983344,0.3436437504071428,0.3400000162999999,0.0724583268033333,3.56900012,0.0104629993426666,0.2467660733214285,0.0157457852150354,0.1716988641132075,0.1739416292335714,1.6165333100866666,0.2700151205,0.00673678046641,0.022231757637,0.0338282947902173,100.0,98.3695652173913,100.0,100.0,100.0,100.0,100.0,99.56204379562044,100.0,100.0,100.0,100.0,100.0,100.0,100.0,100.0,100.0,100.0,100.0,0.0,100.0,100.0,100.0,0.0,0.0,100.0,100.0,100.0,100.0,86.66666666666667,100.0,100.0,100.0,95.65217391304348,high_traffic,12
0.0148927586716504,0.0210320100910095,2.26778018,4.970431327819824e-05,3.8928333400000006,0.0103759691085937,2.7634557200000005,0.0848158957616753,0.0077744504820145,0.0058327196647246,0.018419629461781,0.0785361647493,0.0659234662891971,0.0055369640963147,0.0740000000417518,0.0166071856189219,0.0142320632900999,0.0908647296948175,0.10285069640927,3.013978875,0.385042631575,0.379849970295,0.0847810236755474,3.611166671666666,0.01160796483,0.2826757549655,0.0158617137917293,0.1765070870404605,0.167731535405,2.6926000085649995,0.2748099167666666,0.0060730023805167,0.0213523138099999,0.0337909812607042,100.0,97.74011299435028,100.0,100.0,33.33333333333333,100.0,40.0,99.39024390243902,100.0,100.0,100.0,100.0,100.0,100.0,100.0,100.0,100.0,100.0,100.0,0.0,100.0,100.0,100.0,0.0,0.0,100.0,100.0,100.0,100.0,55.0,100.0,100.0,100.0,97.1830985915493,high_traffic,12
0.0149554480640993,0.0232159339825902,1.9511552878,5.0580501556396486e-05,2.25959999137,0.0092643135661779,2.21598231403,0.0850592691943114,0.0080150086422109,0.00591201013568,0.0169228445704765,0.0804638365758333,0.0665529502664583,0.0060597611395147,0.0548194315598611,0.0165525875683648,0.0133519641656393,0.0971368286207638,0.0773536778008333,3.011637685,0.3411507208666666,0.3380000091291666,0.0654166655305555,3.6600000225,0.0127729177424999,0.24379062648625,0.0160854011734722,0.1746824312149685,0.1555691261783333,2.2717916938083333,0.27329232689,0.0073650966976852,0.0213965688385714,0.0353080476212359,100.0,100.0,100.0,100.0,90.0,100.0,90.0,99.56395348837208,100.0,100.0,100.0,100.0,100.0,100.0,100.0,100.0,100.0,100.0,100.0,0.0,100.0,100.0,100.0,0.0,0.0,100.0,100.0,100.0,100.0,79.16666666666667,100.0,100.0,100.0,100.0,high_traffic,12
0.016213985986137,0.0240640223938223,2.96193552,5.118250846862793e-05,3.638000005,0.0096393312691428,3.004626685,0.09268681599325,0.0075349085909908,0.0058177816337822,0.0156045116320163,0.0621461307247058,0.067222348780604,0.0065130320452344,0.0508255014392818,0.0170342029019697,0.0128366162873552,0.1330686687378523,0.071968813055906,3.008266064,0.3207552713058823,0.3207058765882353,0.0617047092138926,3.5676000079999994,0.0098523298856666,0.225878925837647,0.0161549452924832,0.2078677371293293,0.1577261756088235,2.567588242317647,0.3098740577,0.003814483942301,0.0215796452951851,0.0370453033766037,100.0,100.0,100.0,100.0,0.0,100.0,0.0,100.0,100.0,100.0,100.0,100.0,100.0,100.0,100.0,100.0,100.0,100.0,100.0,0.0,100.0,100.0,100.0,0.0,0.0,100.0,100.0,100.0,100.0,47.05882352941177,100.0,100.0,100.0,100.0,high_traffic,13
0.0146370961197484,0.0233567167080776,1.78205493595,6.008744239807129e-05,2.223571432314286,0.0084125250570312,2.1452360105714283,0.0851501933768635,0.0080941174957045,0.0059243535229192,0.0177322391274242,0.0667218039958823,0.063709520945845,0.0047327374460742,0.0449577502723239,0.0151141737865596,0.0122910365427343,0.1059985630730281,0.0654118917272535,3.00877680875,0.3239868387941176,0.3161176372470587,0.055908460004507,3.5487500075,0.011257052415,0.2275881205723529,0.0169358773925352,0.1755034361303821,0.155255499967647,3.3017059311705887,0.2699662049166667,0.0041839829793889,0.0187393751963636,0.0360092605817857,100.0,100.0,100.0,100.0,85.71428571428571,100.0,85.71428571428571,99.85163204747776,100.0,100.0,100.0,100.0,100.0,100.0,100.0,100.0,100.0,100.0,100.0,0.0,100.0,100.0,100.0,0.0,0.0,100.0,100.0,100.0,100.0,47.05882352941177,100.0,100.0,100.0,100.0,high_traffic,13
0.0153233036128888,0.0243161607147069,1.922992939754545,4.826188087463379e-05,2.058923057484616,0.0086003450237836,2.0161923660454546,0.1142919324456622,0.0081331794313873,0.005781675616693,0.0165059759771621,0.0613311926480833,0.0674550600814184,0.0049787231930099,0.23557448378,0.0150594828436257,0.0110708687015222,0.1180463242784397,0.2498847693329787,3.00455283625,0.2993571658375,0.2947083313791667,0.2468156069712766,3.552624995,0.0082490444173333,0.2051438390733333,0.0182922596584397,0.2984831057115384,0.1378120283020833,2.811384618930769,0.2451768354272727,0.0049780837264658,0.0205227037233333,0.0366332335514754,100.0,100.0,100.0,100.0,100.0,100.0,100.0,99.70370370370372,100.0,100.0,100.0,100.0,100.0,100.0,100.0,100.0,100.0,100.0,100.0,0.0,100.0,100.0,100.0,0.0,0.0,100.0,100.0,100.0,100.0,69.23076923076923,100.0,100.0,100.0,100.0,high_traffic,13
0.0152075680782121,0.0239989251014497,1.7138930186857144,4.769563674926758e-05,1.7933571312571428,0.0091230513745175,1.803633890871429,0.1248202409240665,0.0075349085909908,0.005690719318389,0.0156045116320163,0.0619791383268261,0.0665593957472549,0.0053130684874554,0.3310784264248366,0.0122002251505374,0.0107876539207846,0.1240856990075817,0.3526593921104575,3.012865584,0.2933099683956522,0.2888695674913043,0.3419999903915032,3.559400028,0.0113247632925,0.1977035273230434,0.0164012862145098,0.3448307257697023,0.1292110940347826,2.5574166437291663,0.2489452191285714,0.0036073684679482,0.0215615232749999,0.0381641797673437,100.0,100.0,100.0,100.0,100.0,100.0,100.0,100.0,100.0,100.0,100.0,100.0,100.0,100.0,100.0,100.0,100.0,100.0,100.0,0.0,100.0,100.0,100.0,0.0,0.0,100.0,100.0,100.0,100.0,79.16666666666667,100.0,100.0,100.0,100.0,high_traffic,13
0.0166989967486754,0.0253229392861949,0.9003787263699999,4.813075065612793e-05,0.9935999854599998,0.0110129614662499,1.00288631796,0.1239297657475787,0.0075349085909908,0.0059345119572838,0.0156045116320163,0.0659886240915,0.0658309033847142,0.00519213080295,0.3057928527210714,0.0135980254848077,0.0109731342808474,0.1212989806882142,0.32530783902,3.011796885,0.2994523644,0.295200014065,0.3164928758407858,3.557999965,0.010419964786,0.207629418317,0.0181198443642857,0.327803359344,0.1366988658575,1.88615002296,0.24493815895,0.0034633723160118,0.0208953959582142,0.0397353211993333,100.0,100.0,100.0,100.0,100.0,100.0,100.0,100.0,100.0,100.0,100.0,100.0,100.0,100.0,100.0,100.0,100.0,100.0,100.0,0.0,100.0,100.0,100.0,0.0,0.0,100.0,100.0,100.0,100.0,80.0,100.0,100.0,100.0,100.0,high_traffic,13
0.0154596582699019,0.0236641024461499,1.7006256550375,4.807114601135254e-05,2.62560000234,0.0086565456884078,1.9907909599125,0.0867794389779822,0.0075349085909908,0.0058832436763574,0.0156045116320163,0.0875927648831578,0.06396269963,0.0053046252205,0.0502013911729166,0.0122099314921953,0.0116416414553166,0.1087466411941666,0.0739407703694482,3.0118562100000004,0.4426859302578947,0.4378420927157895,0.0612569351909027,3.5639999885714286,0.011104981099,0.2719504831526316,0.0172664329995774,0.181718577334654,0.1764523605968421,3.097210530005264,0.290236204825,0.0069522901802607,0.0216264384114285,0.0355344965435443,100.0,100.0,100.0,100.0,100.0,100.0,100.0,99.85250737463129,100.0,100.0,100.0,100.0,100.0,100.0,100.0,100.0,100.0,100.0,100.0,0.0,100.0,100.0,100.0,0.0,0.0,100.0,100.0,100.0,100.0,63.1578947368421,100.0,100.0,100.0,100.0,high_traffic,14
0.0148036527600333,0.2747246561386661,0.3998034,4.748106002807617e-05,0.5640001296,0.1729577921072987,0.5542013645,0.2785147773569615,0.0093501905585,0.1239479288017823,0.0185326039753958,0.0852459560681818,0.0628945560506716,0.0074127506948969,0.0490596952627089,0.1212537303291896,0.6071629341819295,0.1082125652893283,0.0728867836698507,3.005807673333333,0.3982789728181818,0.3952727526545453,0.0597238754053731,3.5595713985714283,0.012979030605,0.2872524477836364,0.0197967024973381,0.1798425024379865,0.1463235508072727,2.908499991841667,0.2335979938,0.2194936060758319,0.0210735321016,0.2173971091324615,100.0,100.0,100.0,100.0,100.0,100.0,100.0,100.0,100.0,100.0,100.0,100.0,100.0,100.0,100.0,100.0,100.0,100.0,100.0,0.0,100.0,100.0,100.0,0.0,0.0,100.0,100.0,100.0,100.0,41.66666666666666,100.0,100.0,100.0,100.0,high_traffic,14
0.0151411658392459,1.0284656289720873,2.2995672528571425,4.82022762298584e-05,3.180799932,0.9516513623657762,2.524948616666667,0.6285811978455045,0.011188082832897,0.4196795439560619,0.0168407278865441,0.0846539073388888,0.0666533180515714,0.005103108882125,0.0628857152000714,0.3947168453360696,0.2559259444072815,0.1111557227982142,0.0861076065738028,3.002956146666667,0.4424008524611111,0.7709473305736841,0.0740500006763571,3.54533338,0.019361853595,0.2523326873305556,0.0170997094021167,0.1926537420395483,0.1609550449216666,2.9616315830842104,0.2700786249428571,0.0536607265202582,0.022645274795,1.157142034748393,100.0,100.0,100.0,100.0,70.0,100.0,77.77777777777777,100.0,100.0,100.0,100.0,100.0,100.0,100.0,100.0,100.0,100.0,100.0,100.0,0.0,100.0,100.0,100.0,0.0,0.0,100.0,100.0,100.0,100.0,73.6842105263158,100.0,100.0,100.0,100.0,high_traffic,14
0.0178725681339787,0.9349578457717456,0.2608616352,5.867481231689453e-05,3.560000034,0.0750240583737708,3.01138167,0.5459876448279537,0.0078918431922105,0.3833983359972365,0.0206189531976973,0.0894976854175,0.0661953966975781,0.0074079772246117,0.0706953033682812,0.3640059518096463,0.3984122620867263,0.1155379712324218,0.0972915453342635,3.00343823,0.464256048175,0.4650000035375,0.0818515568830468,3.546,0.0109372933666666,0.367572843975,0.0172740875284962,0.1987153049541258,0.2077113389525,3.515875009825,0.06625008583,0.2574815661919599,0.0229052413554545,1.5625624893040475,100.0,100.0,100.0,100.0,0.0,100.0,0.0,99.68051118210865,100.0,100.0,100.0,100.0,100.0,100.0,100.0,100.0,100.0,100.0,100.0,0.0,100.0,100.0,100.0,0.0,0.0,100.0,100.0,100.0,100.0,25.0,100.0,100.0,100.0,100.0,high_traffic,14
0.0145050423389979,0.6739414120823856,1.6462651449,4.7087669372558594e-05,3.109833353833334,0.2559288161937479,2.5917492661666666,0.5495139239355856,0.0107228289463804,0.2945012863574662,0.0178403854328478,0.0789073308206666,0.0642322893723129,0.0067813408184679,0.0579115744249659,0.282418894457367,0.4683370396485034,0.1125202827485034,0.0809814718982313,3.009587403333333,0.3643324533666667,0.35986668264,0.0689864044962585,3.5515000383333333,0.0119373003596666,0.2696872233873333,0.0166962162932653,0.1882125945925465,0.18093991277,3.43660001318,0.2595965862,0.0433007498457372,0.0202066172686956,2.0417625465904345,100.0,100.0,100.0,100.0,16.66666666666667,100.0,16.66666666666667,100.0,100.0,100.0,100.0,100.0,100.0,100.0,100.0,100.0,100.0,100.0,100.0,0.0,100.0,100.0,100.0,0.0,0.0,100.0,100.0,100.0,100.0,26.66666666666667,100.0,100.0,100.0,100.0,high_traffic,14
0.0161374071779027,0.0230523545434088,1.819741901625,4.884600639343262e-05,2.7733999220800003,0.0086670169111481,2.1601883358,0.0837069184487241,0.0083872169038979,0.0059883242836225,0.0145164622704149,0.090916077286,0.065593442124966,0.0051565815274299,0.0530340038906122,0.0125206690601457,0.0110827662700727,0.0942618003360544,0.0782942320705405,3.00976722,0.3646603424799999,0.3592000166133333,0.0636394494112925,3.581571471428572,0.0092664957045,0.2519253571333333,0.0156982658629251,0.1707126784839506,0.1559690475146666,3.328266646653333,0.25600976938,0.0032550520799235,0.0233893063272222,0.0354106253842168,100.0,100.0,100.0,100.0,80.0,100.0,80.0,100.0,100.0,100.0,100.0,100.0,100.0,100.0,100.0,100.0,100.0,100.0,100.0,0.0,100.0,100.0,100.0,0.0,0.0,100.0,100.0,100.0,100.0,46.66666666666666,100.0,100.0,100.0,100.0,high_traffic,15
0.0162083627243613,0.0233972411302404,0.2608616352,4.850625991821289e-05,3.55349993,0.0087949975568032,3.00475692,0.0830112481685044,0.0068067620674335,0.0059509605105877,0.0170364596585524,0.0999242417894117,0.0653215454902097,0.0055229111835862,0.0507132840248251,0.0148477667558945,0.0140226311123333,0.0909231692644055,0.0730940862021678,3.0094147028571427,0.4354426999411764,0.4322352826941176,0.06097902116993,3.577714268571429,0.0116329987786666,0.33130610628,0.0165623518091608,0.1670414042974683,0.1973822677447059,2.673352925447059,0.2599096298,0.0034786216131625,0.0213754790117142,0.0364714264813888,100.0,100.0,100.0,100.0,0.0,100.0,0.0,100.0,100.0,100.0,100.0,100.0,100.0,100.0,100.0,100.0,100.0,100.0,100.0,0.0,100.0,100.0,100.0,0.0,0.0,100.0,100.0,100.0,100.0,47.05882352941177,100.0,100.0,100.0,100.0,high_traffic,15
0.0152814358154574,0.023689001300796,1.4560454278666668,4.887580871582031e-05,2.255400083,0.0076047579437373,2.124304474922222,0.1590017917172199,0.0075194412924255,0.0058177155255757,0.0173915345581985,0.0672814344057894,0.0645896475278014,0.0056490981156567,0.4894609938105673,0.013987710010518,0.0103532161881752,0.0920282187936879,0.5114375115445776,3.004477208,0.3155467760736842,0.3125789415947368,0.5006099267591488,4.057399936,0.010570406913,0.2259412313189474,0.0172375922461702,0.4964261723949358,0.1564748537847368,2.751047585428572,0.2822585105428571,0.0034586212837681,0.0221960751834782,0.0358542176132558,100.0,100.0,100.0,100.0,70.0,100.0,66.66666666666666,100.0,100.0,100.0,100.0,100.0,100.0,100.0,100.0,100.0,100.0,100.0,100.0,0.0,100.0,100.0,100.0,0.0,0.0,100.0,100.0,100.0,100.0,61.90476190476191,100.0,100.0,100.0,100.0,high_traffic,15
0.0191338158255033,0.022983679086787,2.30250517,4.85837459564209e-05,2.3946666666666663,0.00822209834934,2.4044826,0.1741711307185154,0.009100329640647,0.0056707912959798,0.0166062373695098,0.07179677486,0.0623879238325926,0.0048062104437999,0.5767481356925926,0.0119333899390719,0.0096418983032368,0.093509467430074,0.5994116369948149,3.0064142,0.3268093381214286,0.32064286295,0.5876518596696295,3.848500028,0.0117309888179999,0.23515740459,0.0169614668201481,0.5544075516076,0.1615720816592857,3.4698571427857146,0.2632535934,0.0031660481492959,0.0220904449604166,0.0354011821705999,100.0,100.0,100.0,100.0,100.0,100.0,100.0,99.6923076923077,100.0,100.0,100.0,100.0,100.0,100.0,100.0,100.0,100.0,100.0,100.0,0.0,100.0,100.0,100.0,0.0,0.0,100.0,100.0,100.0,100.0,42.85714285714285,100.0,100.0,100.0,100.0,high_traffic,15
0.0154445617394193,0.0233347169692171,2.3012408,4.8166513442993165e-05,2.4242500025,0.0081068068941748,2.4372267675,0.149395963160565,0.0075349085909908,0.0058497893335422,0.0156045116320163,0.071300141012,0.066357067879375,0.0058567149958284,0.4317430550822917,0.0141261890801366,0.0100733859454958,0.0969069815183333,0.4523538891638194,3.012763461428571,0.3532725492799999,0.3487333456266667,0.4424722172204861,3.5882857828571426,0.0094925165165,0.253669563888,0.0168582697663888,0.4555713811509434,0.1767584641473333,3.044666684126667,0.26816310878,0.0032381447863292,0.0220955151734615,0.0365347862204166,100.0,100.0,100.0,100.0,100.0,100.0,100.0,99.85380116959064,100.0,100.0,100.0,100.0,100.0,100.0,100.0,100.0,100.0,100.0,100.0,0.0,100.0,100.0,100.0,0.0,0.0,100.0,100.0,100.0,100.0,53.333333333333336,100.0,100.0,100.0,100.0,high_traffic,15
0.0147725819,0.0210793400792006,0.9771708643666668,4.897713661193848e-05,1.1279998613,0.0095767791411153,1.1371432124,0.0826374160088244,0.0075349085909908,0.0054454643714154,0.0156045116320163,0.0814712697745454,0.0655589963182993,0.0051827016076425,0.0393401376178435,0.0117246708182817,0.0149962057641666,0.0961157367199319,0.0582569504989115,3.00759148,0.3897994431181818,0.3793636018181818,0.0499387890219047,3.604666703333333,0.011819481845,0.2938225702181818,0.0152694822123809,0.1687297541035802,0.2102083509236363,3.028909114827273,0.27547550195,0.0069558536783419,0.0199581861455,0.0335215481188732,100.0,100.0,100.0,100.0,100.0,100.0,100.0,100.0,100.0,100.0,100.0,100.0,100.0,100.0,100.0,100.0,100.0,100.0,100.0,0.0,100.0,100.0,100.0,0.0,0.0,100.0,100.0,100.0,100.0,45.45454545454545,100.0,100.0,100.0,100.0,high_traffic,16
0.0146573219327722,0.021988324321152,2.30013982,4.813671112060547e-05,2.440666673333333,0.0095413024602153,2.4410033966666664,0.0830001823712979,0.0075349085909908,0.0053988362982911,0.0156045116320163,0.0919261628790909,0.0650995560922143,0.005067968367565,0.0604214224955928,0.0149354859647533,0.0123546948777499,0.094410257667,0.0814049549876428,3.0085597575,0.3773034702272727,0.3778181509090909,0.0708999956945,3.6332499325,0.0129416783596666,0.2800875793363637,0.0156513316252142,0.174510854217871,0.1863726268772727,2.720545397845455,0.279549181425,0.0046228596124475,0.0214999556509999,0.0316122525316438,100.0,100.0,100.0,100.0,100.0,100.0,100.0,100.0,100.0,100.0,100.0,100.0,100.0,100.0,100.0,100.0,100.0,100.0,100.0,0.0,100.0,100.0,100.0,0.0,0.0,100.0,100.0,100.0,100.0,63.63636363636363,100.0,100.0,100.0,100.0,high_traffic,16
0.0149326217991517,0.9024821500038096,1.29698931825,4.976391792297363e-05,1.38999992335,0.3246429001985082,1.408605035225,0.4822599351077712,0.0120162963854545,0.2892539265704288,0.0209396969142727,0.074716523280625,0.0668877262339436,0.0053382073290049,0.0745211268403521,0.2769753891780424,0.5703776453478262,0.0948828878401408,0.1030823915064084,3.0066174633333334,0.3349489994928571,0.4700000133812499,0.0855633775744366,3.69766672,0.011257052415,0.313574060325,0.0155395192169064,0.1809339264584076,0.234731137596875,2.045214241978571,0.24767799372,0.3035685460401206,0.0202184677085,1.383072457741778,100.0,100.0,100.0,100.0,100.0,100.0,100.0,100.0,100.0,100.0,100.0,100.0,100.0,100.0,100.0,100.0,100.0,100.0,100.0,0.0,100.0,100.0,100.0,0.0,0.0,100.0,100.0,100.0,100.0,78.57142857142857,100.0,100.0,100.0,100.0,high_traffic,16
0.0143289017567731,0.3007175276090262,1.9018219836428567,4.886388778686523e-05,2.8906250209,0.5691375057482052,2.219216478342857,0.3067512708822393,0.0075349085909908,0.1956633538988081,0.0156045116320163,0.0866295287373684,0.0676489900447887,0.0047486406734306,0.0627676013365492,0.1893177725743314,0.4076809987568506,0.0941626756852112,0.0932663790417985,3.017875965,0.4838507821,0.3927368866315789,0.0732816743068309,3.5902222488888893,0.0119558175376666,0.2911880392352632,0.0157305503673793,0.1712085167679618,0.2008392183005262,2.9626817882818184,0.30621841545,0.1417441825538868,0.0256134986832,0.397328980406923,100.0,100.0,100.0,100.0,100.0,100.0,100.0,99.7080291970803,100.0,100.0,100.0,100.0,100.0,100.0,100.0,100.0,100.0,100.0,100.0,0.0,100.0,100.0,100.0,0.0,0.0,100.0,100.0,100.0,100.0,63.63636363636363,100.0,100.0,100.0,100.0,high_traffic,16
0.0159850531269662,0.4266108624695755,2.3037428416666668,4.884004592895508e-05,2.395666675,0.0066096081447058,2.4086741566666663,0.3716903971007246,0.01125564574925,0.2299817986354241,0.0180209636654999,0.074441420398421,0.0683128016231428,0.005655214785675,0.0558785761999285,0.2200342016944744,0.2076637888168775,0.0976074082355,0.0769986016267142,3.0078855700000005,0.3771351261473684,0.3689473553315789,0.0666571412646428,4.156571374285714,0.014025688165,0.2766004612073684,0.0165392405808823,0.1749073951085806,0.1666727944026316,2.721368447405263,0.2764006455333334,0.4199980039210869,0.0227136720240909,0.6954340795222534,100.0,100.0,100.0,100.0,100.0,100.0,100.0,99.70104633781764,100.0,100.0,100.0,100.0,100.0,100.0,100.0,100.0,100.0,100.0,100.0,0.0,100.0,100.0,100.0,0.0,0.0,100.0,100.0,100.0,100.0,68.42105263157895,100.0,100.0,100.0,100.0,high_traffic,16
0.0167857771300931,0.0244313828282954,0.2608616352,4.919767379760742e-05,3.58333333,0.0090416625688888,3.0033659900000003,0.0866021224486695,0.0078807249123971,0.005968581217535,0.016297570353468,0.0673719330757894,0.0648283028326241,0.0062993619488634,0.0436666586646099,0.0134367604634398,0.01093569397635,0.0993058732023404,0.0640502517019858,3.01130924,0.323031163165,0.3107368318210526,0.0544468003712056,3.547800012,0.0101215362534,0.2249054908368421,0.0163747535769444,0.1742978308218471,0.15345567148,2.11824999782,0.06625008583,0.0030444531598242,0.0231524155673076,0.0366984535620588,100.0,100.0,100.0,100.0,0.0,100.0,0.0,99.85380116959064,100.0,100.0,100.0,100.0,100.0,100.0,100.0,100.0,100.0,100.0,100.0,0.0,100.0,100.0,100.0,0.0,0.0,100.0,100.0,100.0,100.0,60.0,100.0,100.0,100.0,100.0,high_traffic,17
0.0159168045957961,0.0228341508268401,0.2608616352,4.761815071105957e-05,3.556999915,0.0109536647755,3.012629865,0.083624321653891,0.0081887296255428,0.0056970904944195,0.0162111043892071,0.10461702346,0.0666674307305714,0.0065387572551938,0.0434571453437142,0.0126542002801799,0.0138661861393437,0.0971952267876428,0.0581913454102857,3.008220706666666,0.36029732221,0.3545999288,0.0539642861816428,3.99937501,0.0109141826614,0.2631201982159999,0.0165912191878014,0.1724923105636363,0.1568016290319999,3.792909097190909,0.06625008583,0.003685244645917,0.0230491269690909,0.0378131052292683,100.0,100.0,100.0,100.0,0.0,100.0,0.0,100.0,100.0,100.0,100.0,100.0,100.0,100.0,100.0,100.0,100.0,100.0,100.0,0.0,100.0,100.0,100.0,0.0,0.0,100.0,100.0,100.0,100.0,18.181818181818187,100.0,100.0,100.0,100.0,high_traffic,17
0.0145922165617159,0.0231527998002477,0.2608616352,4.755258560180664e-05,3.571250015,0.0084454407755714,3.0097306325,0.0852842008005593,0.0080995835742526,0.005602073366248,0.0168061181079894,0.0656915306991666,0.0736387879920805,0.0061157398929107,0.0659934819632026,0.0148358113999179,0.0125729231733521,0.0964982409391468,0.0879314334542483,3.013727583333333,0.380631566,0.3711667060333334,0.0764705962752941,3.6252499775,0.0099127769442,0.2730579574366666,0.0159965247069934,0.1863179759595238,0.2042234539583333,2.8523333839416662,0.2796697616,0.0034528949030167,0.0215330243084999,0.0334950510992682,100.0,100.0,100.0,100.0,0.0,100.0,0.0,96.54696132596683,100.0,100.0,100.0,100.0,98.65771812080536,100.0,84.9673202614379,100.0,100.0,92.3076923076923,84.9673202614379,0.0,100.0,100.0,84.9673202614379,0.0,0.0,100.0,100.0,86.30952380952381,100.0,41.66666666666666,100.0,100.0,100.0,100.0,high_traffic,17
0.0156801021101277,0.0223476165014194,1.2958741160599998,4.798173904418945e-05,2.4318888682888886,0.008344104071709,2.1892089278222224,0.0813576196975492,0.0075349085909908,0.0054203566063371,0.0156045116320163,0.0666378835741666,0.0791829026629323,0.0071966973734682,0.0586551731930344,0.0121549882085113,0.01390678405406,0.083106667033768,0.0822443978395172,3.01134838,0.2985757092166667,0.2942083576833333,0.0695517145193793,4.11700003875,0.0084015130989999,0.1999743878433333,0.0165269999627586,0.1615456774465,0.1278935968633333,2.706666674950001,0.3044167994999999,0.0046122117463751,0.019806385037,0.0335770151456716,100.0,100.0,100.0,100.0,55.55555555555556,100.0,55.55555555555556,94.4927536231884,100.0,100.0,100.0,100.0,95.48872180451129,100.0,73.79310344827586,100.0,100.0,87.8048780487805,73.79310344827586,0.0,100.0,100.0,73.79310344827586,0.0,0.0,100.0,100.0,76.25,100.0,54.16666666666666,100.0,100.0,100.0,100.0,high_traffic,17
0.0152778648305431,0.0219925300456852,1.6095132303299995,4.889965057373047e-05,2.5825000161083334,0.0093422944713076,1.86148831444,0.0846822154135697,0.0075349085909908,0.0055350739723786,0.0156045116320163,0.0637409375991304,0.0892926297326356,0.0056039891581658,0.0657586162864827,0.0137033240780444,0.0134946077269487,0.0891429488773728,0.0839031580721379,3.0217242775,0.2872502699652174,0.282260874,0.0765930997147586,3.7527500925,0.0117279688506666,0.1922189463386956,0.0166446718635172,0.1793731316096875,0.1229512069330434,2.3328750205749995,0.2832681915545454,0.0072947101921549,0.021868693826,0.0325572225731111,100.0,100.0,100.0,100.0,100.0,100.0,100.0,94.6220930232558,100.0,100.0,100.0,100.0,93.7984496124031,100.0,74.48275862068965,100.0,100.0,91.52542372881356,74.48275862068965,0.0,100.0,100.0,74.48275862068965,0.0,0.0,100.0,100.0,76.875,100.0,83.33333333333333,100.0,100.0,100.0,100.0,high_traffic,17
0.0149926639853378,0.0242299804541288,0.95855061025,4.962682723999024e-05,1.0613332971,0.0096731256010784,1.0769480845833332,0.0832104256905129,0.0075349085909908,0.0058084810680326,0.0156045116320163,0.0761384367837499,0.0643355689678102,0.0058595516948883,0.04562043272927,0.0131978719871989,0.0116759300203666,0.089930412529635,0.0654222182013138,3.0171019966666672,0.395856648625,0.39106251295,0.0559342951567883,3.5679999133333333,0.0096309185025,0.30340538913125,0.0190897283716058,0.1640031729486184,0.188736498320625,1.80781252481875,0.2326838174833333,0.0034862691696276,0.0209719701222727,0.0348952636075,100.0,100.0,100.0,100.0,100.0,100.0,100.0,100.0,100.0,100.0,100.0,100.0,100.0,100.0,100.0,100.0,100.0,100.0,100.0,0.0,100.0,100.0,100.0,0.0,0.0,100.0,100.0,100.0,100.0,81.25,100.0,100.0,100.0,100.0,high_traffic,18
0.0171536563640192,0.0235042414790662,1.8586286271750003,4.753470420837402e-05,2.828818139390909,0.0084335785916666,2.16013102098,0.0884742894002173,0.0075349085909908,0.0055224695382117,0.0156045116320163,0.0628636385221052,0.0657094515453521,0.0063062752812326,0.0565140666573943,0.0145137033656912,0.0135599225727031,0.1050688179274648,0.0764260173733098,3.00361124,0.3148749250631579,0.3078421040210526,0.0668591595944366,4.759000055,0.011202335354,0.2276448826526316,0.0170508471974647,0.1849962692159872,0.1610638216421052,2.7238421157842105,0.2600369187888888,0.005829954145983,0.022577464578,0.0399893197102272,100.0,100.0,100.0,100.0,72.72727272727272,100.0,80.0,100.0,100.0,100.0,100.0,100.0,100.0,100.0,100.0,100.0,100.0,100.0,100.0,0.0,100.0,100.0,100.0,0.0,0.0,100.0,100.0,100.0,100.0,73.6842105263158,100.0,100.0,100.0,100.0,high_traffic,18
0.0149812448633445,0.0219279084853671,1.55227629868,4.743337631225586e-05,1.73159994714,0.0085289724934482,1.73739606944,0.0845021365276484,0.0075349085909908,0.0055808431952292,0.0156045116320163,0.0587322950275,0.068350602952074,0.0052501690684307,0.0714296376147407,0.0156417108944565,0.0124687414880384,0.0954063079819259,0.1019719388114814,3.007861036,0.32118670936,0.3143000125449999,0.081570358584074,3.563799996,0.0099040269838333,0.2271093487304999,0.0167254264498461,0.1819404617066,0.164067578283,2.441099962465,0.26957392688,0.0066239963863512,0.0221281886074999,0.0369856887329629,100.0,97.14285714285714,100.0,100.0,100.0,100.0,100.0,98.92802450229708,100.0,100.0,100.0,100.0,100.0,100.0,100.0,100.0,100.0,100.0,100.0,0.0,100.0,100.0,100.0,0.0,0.0,100.0,100.0,100.0,100.0,75.0,100.0,100.0,100.0,100.0,high_traffic,18
0.0145964980089333,0.0229115273000255,2.304876835714285,4.951953887939453e-05,2.396000005714286,0.0164457321156,2.402896978571429,0.0825776320110407,0.0075349085909908,0.0058492944342423,0.0156045116320163,0.0653423635526315,0.0665561861185611,0.0052501376541356,0.0528848994454676,0.0145113484746997,0.0106570802865862,0.0961773566861151,0.0794006165702877,3.005116932,0.3213431332842105,0.3125789792421052,0.0637482121567625,3.62559995,0.010622501373,0.2270360243468421,0.0159925395253435,0.1696335990313636,0.1588990938994736,2.506210524163158,0.2566958003111111,0.0041627146966791,0.0233664313895833,0.0355873968813888,100.0,95.53072625698324,100.0,100.0,100.0,100.0,100.0,98.79336349924586,100.0,100.0,100.0,100.0,100.0,100.0,100.0,100.0,100.0,100.0,100.0,0.0,100.0,100.0,100.0,0.0,0.0,100.0,100.0,100.0,100.0,73.6842105263158,100.0,100.0,100.0,94.44444444444444,high_traffic,18
0.0151614179944551,0.0235886547983305,1.9173427554000004,4.778504371643067e-05,2.02379998694,0.0081310123198958,2.0337208219800003,0.0829693802444905,0.0075349085909908,0.0056840205837151,0.0156045116320163,0.0719492435400625,0.0657345870328275,0.0068914378547707,0.0558689725700689,0.013066512981393,0.0123536132599523,0.0923999210717241,0.0762525640537931,3.0049494971428574,0.3431182652125,0.33887504035625,0.0663655100082758,3.552999934285715,0.010095477103,0.2397609501725,0.0174431439061379,0.168980891965375,0.1612152605843749,2.90625002589375,0.2525253295199999,0.0035062645151277,0.0221423506715,0.0376286359890769,100.0,100.0,100.0,100.0,100.0,100.0,100.0,100.0,100.0,100.0,100.0,100.0,100.0,100.0,100.0,100.0,100.0,100.0,100.0,0.0,100.0,100.0,100.0,0.0,0.0,100.0,100.0,100.0,100.0,56.25,100.0,100.0,100.0,100.0,high_traffic,18
0.0152760461394845,0.0221114439878225,1.8941051439200003,4.842281341552734e-05,2.7658000182,0.0090133883723818,2.49171728686,0.0864976596543919,0.0075349085909908,0.0057936266498321,0.0156045116320163,0.0675203998799166,0.0662279476970073,0.0071901331076903,0.0449197048628467,0.019540998085044,0.0154412540698823,0.0964069122674452,0.0604733494446043,3.0056352875,0.3125994968,0.3026666541333333,0.0554963393705109,4.05288884,0.010255575175,0.2114255924529166,0.01658251838,0.1749786671490131,0.1379256446916666,3.124625022908333,0.24582371708,0.0072187317726867,0.0208619117695,0.0343978282674359,100.0,100.0,100.0,100.0,50.0,100.0,50.0,100.0,100.0,100.0,100.0,100.0,100.0,100.0,100.0,100.0,100.0,100.0,100.0,0.0,100.0,100.0,100.0,0.0,0.0,100.0,100.0,100.0,100.0,45.833333333333336,100.0,100.0,100.0,100.0,high_traffic,19
0.0167720111174666,0.0235347418461526,0.3398718833,4.876852035522461e-05,0.4509999752,0.0088477362970212,0.4636752605,0.0835701583966917,0.0075349085909908,0.0060181288653759,0.0156045116320163,0.0752573563392307,0.0630244128052518,0.0066596646995276,0.0433668901528057,0.0149977983043671,0.0166866833482727,0.0942675415447482,0.0607049162874647,3.004614994285714,0.3709329824692308,0.3657692211769231,0.054812935608705,3.599142887142857,0.0090525150285,0.2682447249692308,0.0179723712526241,0.1681103984650649,0.1858026797507692,2.708307703530769,0.2517968018333333,0.0070394925892132,0.0202829360925,0.037132795035641,100.0,100.0,100.0,100.0,100.0,100.0,100.0,99.5508982035928,100.0,100.0,100.0,100.0,100.0,100.0,100.0,100.0,100.0,100.0,100.0,0.0,100.0,100.0,100.0,0.0,0.0,100.0,100.0,100.0,100.0,46.15384615384615,100.0,100.0,100.0,100.0,high_traffic,19
0.017154557044582,0.0245172732546182,1.5413944091249998,4.7761201858520505e-05,1.629000034775,0.0073365604170588,1.64260017635,0.0875135517816396,0.0088297908676419,0.0061179100941967,0.0170921484595432,0.0694517259965217,0.0656092000068531,0.008007377238,0.0415244685944755,0.0121681830667205,0.0150214329977391,0.0927205419099301,0.0591153381508181,3.015523937142857,0.3147912133227272,0.3177825782130434,0.0519160840806993,3.59487503125,0.011663556097,0.2270972624708695,0.0182242625240972,0.1722864847762025,0.1553939217713043,2.5125217411304352,0.2622808879777778,0.0067953035738963,0.0210228399772727,0.0374532682510714,100.0,99.45945945945944,100.0,100.0,100.0,100.0,100.0,99.8546511627907,100.0,100.0,100.0,100.0,100.0,100.0,100.0,100.0,100.0,100.0,100.0,0.0,100.0,100.0,100.0,0.0,0.0,100.0,100.0,100.0,100.0,65.21739130434783,100.0,100.0,100.0,100.0,high_traffic,19
0.0151874716284761,0.022970107582761,1.6437112487333334,4.873871803283692e-05,1.91549998,0.0083247979442,1.7672220053,0.0854317423713857,0.0086853419621843,0.0063665175279779,0.0181052295829432,0.06807002654,0.0681513336418439,0.0074368491378984,0.0436170202555319,0.012957919026679,0.0163935090637868,0.0953858236761702,0.0606601322720638,3.008481088571428,0.3387364148642857,0.3312307504076923,0.0540992976831205,3.5457143057142857,0.0100491046855,0.2492320537230769,0.0163821271445,0.1751305133655483,0.1759559190838461,2.88693333888,0.2792437870666666,0.007477907699659,0.0222066640805,0.0375882441304545,100.0,97.82608695652172,100.0,100.0,100.0,100.0,100.0,99.406528189911,100.0,100.0,100.0,100.0,100.0,100.0,100.0,100.0,100.0,100.0,100.0,0.0,100.0,100.0,100.0,0.0,0.0,100.0,100.0,100.0,100.0,53.333333333333336,100.0,100.0,100.0,100.0,high_traffic,19
0.0152653940558104,0.0249961935031951,2.378922697142857,4.839301109313965e-05,2.4657142785714288,0.009673557989438,2.47552275,0.0869810539778802,0.0072863003969109,0.0064827918186539,0.0184137625194246,0.0688958250199655,0.0652190152813013,0.0078371670625825,0.0447876665608904,0.0144963843780521,0.0145157321519836,0.0939707608956849,0.0624038242217876,3.0073484725000004,0.3037651077896552,0.3002068749275862,0.0554520659174657,3.5768749675,0.010418176647,0.2044097307951724,0.0165792442304109,0.172878015077267,0.1310521898344827,2.217034468634483,0.2646319567625,0.0077609018832678,0.021531498947826,0.037731196817317,100.0,100.0,100.0,100.0,100.0,100.0,100.0,100.0,100.0,100.0,100.0,100.0,100.0,100.0,100.0,100.0,100.0,100.0,100.0,0.0,100.0,100.0,100.0,0.0,0.0,100.0,100.0,100.0,100.0,72.41379310344828,100.0,100.0,100.0,100.0,high_traffic,19
0.0155895049604416,0.0227643097570269,1.88310107798,5.083084106445312e-05,1.99679994034,0.0083781055620909,2.0014369923,0.0831142033328796,0.0100797127016206,0.005422865969377,0.0149628376103448,0.0700712998666666,0.0647119887774657,0.0055441937387961,0.0507602773211643,0.0130889630945999,0.0131226051119756,0.0887412763491095,0.0690895939396575,3.00398155,0.3546487224833333,0.3492222494111111,0.0614726053407534,3.55628575,0.0101544857009999,0.2577223379944444,0.0168448882517808,0.1638631183509316,0.1802344984077777,2.6598333097222224,0.2567078113,0.0060803239982038,0.0210722173933333,0.0358166400645205,100.0,100.0,100.0,100.0,100.0,100.0,100.0,99.85549132947978,100.0,100.0,100.0,100.0,100.0,100.0,100.0,100.0,100.0,100.0,100.0,0.0,100.0,100.0,100.0,0.0,0.0,100.0,100.0,100.0,100.0,61.11111111111112,100.0,100.0,100.0,100.0,high_traffic,20
0.015052359441746,0.0217329303391016,2.30519156,4.908442497253418e-05,2.413199992,0.0090982754997333,2.429671902,0.0852156439413238,0.0067218524812971,0.0054515611013694,0.0161797309225434,0.0689258336965,0.0675267188331159,0.0048307914917676,0.0456087088173188,0.0139095135507675,0.0144847551949333,0.0889800199411594,0.0649775318361594,3.00481289125,0.315148818455,0.30744998449,0.0566666644458695,3.8240000088888895,0.03033661842,0.215710520691,0.016489972383,0.1768967981277419,0.141865920994,2.897095267695238,0.2614002227333333,0.0063414486954022,0.0218345125483333,0.0333488770851428,100.0,100.0,100.0,100.0,100.0,100.0,100.0,99.70014992503748,100.0,100.0,100.0,100.0,100.0,100.0,100.0,100.0,100.0,100.0,100.0,0.0,100.0,100.0,100.0,0.0,0.0,100.0,100.0,98.70967741935485,100.0,57.142857142857146,100.0,100.0,100.0,100.0,high_traffic,20
0.015464182448135,0.0210848711819269,0.2608616352,4.843473434448242e-05,2.44099998,0.0078106522552884,0.4397904872,0.1050024759568139,0.007473179848322,0.0054861553691893,0.0176780526877457,0.0575027806304285,0.0658194654983898,0.0053478318647247,0.0454660835857627,0.0199440291261862,0.0126585837034137,0.0870340981627118,0.0639132139965,2.861806836470588,0.2643344227414634,0.2590454599568181,0.0557711892138982,3.5610001,0.0120572447725,0.1681612187847727,0.015747947964855,0.2743514543730718,0.0947151309405263,1.699749984125,0.06625008583,0.0070078589683155,0.0219774354554545,0.0335607584086046,100.0,100.0,100.0,100.0,100.0,100.0,100.0,96.97428139183056,100.0,100.0,100.0,100.0,100.0,100.0,100.0,100.0,100.0,100.0,100.0,0.0,100.0,100.0,100.0,0.0,0.0,100.0,100.0,86.9281045751634,100.0,50.0,100.0,100.0,100.0,100.0,high_traffic,20
0.0158155064716828,0.0222381899990107,0.2608616352,5.102753639221192e-05,5.93400001,0.0072426030654444,3.00328135,0.1710313922235014,0.0081390893004444,0.0052260851896062,0.0184969460481481,0.2322068214,0.0631927064535537,0.0043831340376123,0.0448925711818181,0.0176653038576739,0.0104497257523061,0.0937436552929752,0.0601828198369747,2.861806836470588,2.52607011,4.686000105,0.0554462740126446,3.5610001,0.0145046710946666,1.03498268,0.0171585674779432,0.2445344698563999,0.4848692417,11.1339998,0.06625008583,0.0046595009877658,0.0214656699754545,0.0368980796668421,100.0,100.0,100.0,100.0,0.0,100.0,0.0,96.60766961651916,100.0,100.0,100.0,100.0,100.0,100.0,100.0,100.0,100.0,100.0,100.0,0.0,100.0,100.0,100.0,0.0,0.0,100.0,100.0,90.66666666666669,100.0,0.0,100.0,100.0,100.0,100.0,high_traffic,20
0.015168914728245,0.021922751831974,0.2608616352,4.814267158508301e-05,4.519399962,0.0056292116635,3.003309185,0.0813425655514827,0.0075349085909908,0.0052238896928511,0.0156045116320163,0.0880039471746153,0.067856495316187,0.0058116529446884,0.0435971338905036,0.0152189657631617,0.0150698593656428,0.0909093798355395,0.0616184359802189,3.0131341183333333,0.3867004314583333,0.3848461370615383,0.0543093423935971,4.318833306666667,0.01167321204725,0.2884738078207692,0.0179070172445925,0.1665566725785064,0.1954263723461538,4.332166608275,0.06625008583,0.00749327396366,0.023767435546,0.0363826247307692,100.0,100.0,100.0,100.0,0.0,100.0,0.0,100.0,100.0,100.0,100.0,100.0,100.0,100.0,100.0,100.0,100.0,100.0,100.0,0.0,100.0,100.0,100.0,0.0,0.0,100.0,100.0,100.0,100.0,16.66666666666667,100.0,100.0,100.0,100.0,high_traffic,20
0.0153362466072012,0.0237589364452193,0.2608616352,0.000136578083029,4.29833336,0.0073802828784999,3.006987472,0.0833996154430723,0.0078399300565214,0.0059464144239594,0.0164591772175428,0.0642832574338095,0.0657679302273571,0.00499116659087,0.0426928605285928,0.0138497669319323,0.0166719555812272,0.0940862434112142,0.0616431525679999,3.006965418,0.3097120306136364,0.3067143303380952,0.0537071432297857,3.929999952727272,0.00978404283425,0.2168578419871429,0.0176234061855944,0.1674422863606451,0.1471352804042857,3.3158636500909093,0.3108410835,0.0059314622702706,0.024560952185,0.0375980663252,100.0,100.0,100.0,100.0,0.0,100.0,0.0,100.0,100.0,100.0,100.0,100.0,100.0,100.0,100.0,100.0,100.0,100.0,100.0,0.0,100.0,100.0,100.0,0.0,0.0,100.0,100.0,100.0,100.0,31.818181818181813,100.0,100.0,100.0,100.0,high_traffic,21
0.0161234399068085,0.0222188965359705,0.8029136611000001,4.871487617492676e-05,2.63519997248,0.0097927252445454,2.31137098802,0.1801715958994841,0.0094285442699428,0.0057890987302394,0.016967310220019,0.0620453225199999,0.0622850128485714,0.0075153562471887,0.0470142909391428,0.0173960464276756,0.0104816203185306,0.0976987702302142,0.0671721236911428,3.00501922,0.3315071264333333,0.3299999766388888,0.0578500066379285,3.5884999783333336,0.01202797889,0.2421079476266666,0.0169917962186524,0.5725667842520779,0.1765457126466666,2.6202222346722217,0.3564318418,0.0068330808106661,0.0245879411675,0.0352214745065714,100.0,100.0,100.0,100.0,40.0,100.0,40.0,100.0,100.0,100.0,100.0,100.0,100.0,100.0,100.0,100.0,100.0,100.0,100.0,0.0,100.0,100.0,100.0,0.0,0.0,100.0,100.0,100.0,100.0,50.0,100.0,100.0,100.0,100.0,high_traffic,21
0.0154498281385389,0.0243350893060297,1.3061877857333333,4.7653913497924805e-05,1.5437142487000002,0.0084143857686054,1.41182132275,0.1875261398604236,0.0091883144224379,0.0061200361417922,0.0174662057464014,0.0760358742157142,0.0655765110625531,0.005775866816,0.0471276645039716,0.017308495232531,0.0129386493116952,0.0966276327621276,0.0653151400432624,3.006888625,0.3628493035928571,0.3575714144928572,0.0575248163551773,3.544333373333333,0.0098209381063333,0.2600922073071428,0.0169720226951773,0.6221612748575641,0.1780009609864286,2.1103125039187502,0.2794648805666667,0.0047761808350251,0.024270328605909,0.0366322162486046,100.0,100.0,100.0,100.0,100.0,100.0,100.0,100.0,100.0,100.0,100.0,100.0,100.0,100.0,100.0,100.0,100.0,100.0,100.0,0.0,100.0,100.0,100.0,0.0,0.0,100.0,100.0,100.0,100.0,81.25,100.0,100.0,100.0,100.0,high_traffic,21
0.0149567664579999,0.024810794985264,2.0244461761285715,4.934072494506836e-05,2.1324285382857147,0.0079380479345344,2.141952272971429,0.0958847309442009,0.0084186741272285,0.0062379923408591,0.0172101701970357,0.074359877896,0.0666529638334285,0.00892799734922,0.0455142872595714,0.015505924175348,0.0099758844729019,0.0948274799585,0.0681264366302142,3.00384831,0.33300579384,0.3283333301,0.0557357191929285,3.54500007,0.0120089054049999,0.2420181432866666,0.0172687138785,0.2209908222367742,0.161681874554,2.0580624759187502,0.2675815990571428,0.0034303275012409,0.02282917499,0.0380856409246341,100.0,100.0,100.0,100.0,100.0,100.0,100.0,100.0,100.0,100.0,100.0,100.0,100.0,100.0,100.0,100.0,100.0,100.0,100.0,0.0,100.0,100.0,100.0,0.0,0.0,100.0,100.0,100.0,100.0,87.5,100.0,100.0,100.0,100.0,high_traffic,21
0.015028088814326,0.0262290972898819,1.6192812898,4.73320484161377e-05,1.7143332912,0.0093137797182352,1.7277268929166667,0.0843979231383689,0.0086222215418098,0.006688368635618,0.0157989062018873,0.0564952492655,0.0633677512706338,0.0050582732296386,0.0472887368184507,0.0148940930096939,0.0106423448317377,0.0956644205815493,0.0644726148692957,3.011554577142857,0.30312552448,0.30325001474,0.0580281640335915,3.8715713642857135,0.01311397552,0.2120828866594999,0.0178917209825352,0.1696189968083439,0.1493052959185,2.54155000106,0.2597707112166666,0.0037254203437459,0.0226895946688461,0.0373333984903773,100.0,100.0,100.0,100.0,100.0,100.0,100.0,100.0,100.0,100.0,100.0,100.0,100.0,100.0,100.0,100.0,100.0,100.0,100.0,0.0,100.0,100.0,100.0,0.0,0.0,100.0,100.0,100.0,100.0,65.0,100.0,100.0,100.0,100.0,high_traffic,21
0.0141184421651698,0.0241387955932515,0.8229761103,5.036592483520508e-05,0.96575003845,0.0086280164248285,0.967756628275,0.0845933980115723,0.0077624701059782,0.0057865863463314,0.0170238795452898,0.0628331829464705,0.0659590838510145,0.0067591835739899,0.0483768245355797,0.0158898889848661,0.0102988363598571,0.0947620177481159,0.0715495071452898,3.0029941725,0.3251266198588235,0.3184117709529412,0.0593695467694202,3.61480002,0.0116837024653333,0.2262268206058823,0.0165216065101438,0.1714042635124837,0.15897718594,1.880722175872222,0.28357205384,0.0040879422956957,0.0224572618766666,0.0365960659079487,100.0,100.0,100.0,100.0,100.0,100.0,100.0,100.0,100.0,100.0,100.0,100.0,100.0,100.0,100.0,100.0,100.0,100.0,100.0,0.0,100.0,100.0,100.0,0.0,0.0,100.0,100.0,100.0,100.0,72.22222222222223,100.0,100.0,100.0,100.0,high_traffic,22
0.0164979640608,0.0234627563823626,1.8047273711375,4.8488378524780273e-05,1.9137500193,0.0083616607689583,1.9257713524375,0.085595962478284,0.0075349085909908,0.0055602283607624,0.0156045116320163,0.0801891719494117,0.0664113048046043,0.0066789235807538,0.0439424463234532,0.0132257826636033,0.0115336605456874,0.093728389656259,0.065410322412446,3.00392246,0.3313254187588235,0.3244705901,0.0544316562731654,3.5562001180000005,0.0095714330665,0.2334090260429412,0.0171807927151079,0.1699176597822876,0.1471122012088235,2.668764727923529,0.25940263265,0.0035233965929956,0.0222281813583333,0.0343656995664705,100.0,100.0,100.0,100.0,100.0,100.0,100.0,100.0,100.0,100.0,100.0,100.0,100.0,100.0,100.0,100.0,100.0,100.0,100.0,0.0,100.0,100.0,100.0,0.0,0.0,100.0,100.0,100.0,100.0,70.58823529411765,100.0,100.0,100.0,100.0,high_traffic,22
0.0153385620635598,0.0229988875561359,1.6313244448666666,4.793405532836914e-05,1.7249999821833333,0.0080659905462014,1.7365070540500005,0.1182934027920879,0.0075349085909908,0.0053994696920321,0.0156045116320163,0.0609486420895333,0.0678401076045139,0.0068505733603921,0.2884791690061111,0.0126685586322313,0.0088772238497346,0.1011988884746527,0.3117877077679861,3.0047509599999995,0.3403600056466666,0.3389332929866666,0.2990764014315277,4.54174999,0.01108884811,0.242174625344,0.0174374017409722,0.3182627477801258,0.176674604372,2.26673331,0.2542874812666666,0.0035373947822711,0.0228908252688,0.0363243967226562,100.0,100.0,100.0,100.0,100.0,100.0,100.0,100.0,100.0,100.0,100.0,100.0,100.0,100.0,100.0,100.0,100.0,100.0,100.0,0.0,100.0,100.0,100.0,0.0,0.0,100.0,100.0,100.0,100.0,80.0,100.0,100.0,100.0,100.0,high_traffic,22
0.0155693939079623,0.0231633160668588,2.288547274,4.719495773315429e-05,2.409599968,0.0079397653262631,2.41488094,0.1196793879255761,0.0075349085909908,0.005814418613304,0.0156045116320163,0.0665080547246153,0.0660037324738356,0.0051496399250048,0.3273356107082191,0.0116589082353694,0.0099520081849369,0.0926762688516438,0.348993791189041,3.0174493740000004,0.3615589508230769,0.3534615589538461,0.3379452081013698,3.575399966,0.0103752953625714,0.2579700579692308,0.0160878096496575,0.3313147043786956,0.1861490285938461,3.0419999788538465,0.2546244621,0.0040825973844641,0.0229302815014285,0.0353178381877777,100.0,100.0,100.0,100.0,100.0,100.0,100.0,100.0,100.0,100.0,100.0,100.0,100.0,100.0,100.0,100.0,100.0,100.0,100.0,0.0,100.0,100.0,100.0,0.0,0.0,100.0,100.0,100.0,100.0,61.53846153846154,100.0,100.0,100.0,100.0,high_traffic,22
0.0143381844671343,0.0256705482757956,1.9106554691222224,4.925727844238281e-05,2.0032222513777778,0.0078986402124035,2.013906792966667,0.1117168360372482,0.00799033880095,0.0056232988112211,0.01676034927086,0.0674264430957894,0.0668469604594736,0.0061766392769339,0.2490920957167105,0.0141131143610197,0.0102180545592542,0.0943398695090131,0.2704911246378289,3.010220725714286,0.3406736348368421,0.3374736810473684,0.2595986754761184,3.5408571057142857,0.009405493732,0.2530086918342105,0.01875467990125,0.2902155778251497,0.1838389195573684,2.99389473643158,0.2578791776888888,0.0033382285711678,0.0219708027345161,0.0361144652692307,100.0,100.0,100.0,100.0,100.0,100.0,100.0,100.0,100.0,100.0,100.0,100.0,100.0,100.0,100.0,100.0,100.0,100.0,100.0,0.0,100.0,100.0,100.0,0.0,0.0,100.0,100.0,100.0,100.0,63.1578947368421,100.0,100.0,100.0,100.0,high_traffic,22
0.0148522710765999,0.0232533103227114,2.30424014,5.0061941146850585e-05,2.3940000466666667,0.0089149830168085,2.4063401166666667,0.0844787911092413,0.0075349085909908,0.0060162431225291,0.0156045116320163,0.0770430962166666,0.0645706584884172,0.0062348219609045,0.0538489132383453,0.0157456780733302,0.0119885748057272,0.0965895721277697,0.0816777661387769,3.012762005,0.3509863217083333,0.3455000320499999,0.0648273323828777,3.5574999425,0.01114356517,0.2532459695766667,0.0162841913469784,0.169480817621948,0.16476354992,2.510249970683333,0.2402431964333333,0.0043191823077199,0.0202552363957142,0.0365873505035294,100.0,100.0,100.0,100.0,100.0,100.0,100.0,100.0,100.0,100.0,100.0,100.0,100.0,100.0,100.0,100.0,100.0,100.0,100.0,0.0,100.0,100.0,100.0,0.0,0.0,100.0,100.0,100.0,100.0,66.66666666666666,100.0,100.0,100.0,100.0,high_traffic,23
0.0177723290776114,0.0234663797425677,1.720622909457143,4.849433898925781e-05,1.8205714191142857,0.0074667135866666,1.8301276450714288,0.0926426529165225,0.0075349085909908,0.0059801261583073,0.0156045116320163,0.072482442848,0.0681717859269444,0.005147748132897,0.0522291594000694,0.0148835468802627,0.0116137525285,0.0930349975709027,0.072423176623125,3.0101148777777778,0.33823767896,0.33679999109,0.0635624925181944,3.5591111388888885,0.013183673219,0.241854631869,0.0153050935885416,0.1993269844983647,0.167156839335,2.95929998907,0.2412304537285714,0.0034594577640898,0.0232380827204166,0.0368129896030434,100.0,100.0,100.0,100.0,100.0,100.0,100.0,100.0,100.0,100.0,100.0,100.0,100.0,100.0,100.0,100.0,100.0,100.0,100.0,0.0,100.0,100.0,100.0,0.0,0.0,100.0,100.0,100.0,100.0,55.0,100.0,100.0,100.0,100.0,high_traffic,23
0.0154180242491721,0.0239597237470182,0.9620730060666668,4.875659942626953e-05,1.0870000513666669,0.008353072509426,1.0891832504666663,0.1360874732626892,0.0081755303308085,0.005822556797958,0.0174895702478085,0.07904432713375,0.0673847112016666,0.0059126338560454,0.0533333325650724,0.0194491558096593,0.0097389404570673,0.0901481517762318,0.0775793687028985,3.0039531442857146,0.33093330258125,0.32812502975,0.0641666806165217,3.5511428585714286,0.009832859039,0.2350818961375,0.0155214002123188,0.3923750499128758,0.151774853439375,2.45118748849375,0.2620944181666667,0.0033804546690334,0.020024049279,0.0356535819807692,100.0,100.0,100.0,100.0,100.0,100.0,100.0,99.84825493171472,100.0,100.0,100.0,100.0,100.0,100.0,100.0,100.0,100.0,100.0,100.0,0.0,100.0,100.0,100.0,0.0,0.0,100.0,100.0,100.0,100.0,56.25,100.0,100.0,100.0,100.0,high_traffic,23
0.0155678964687579,0.022935196590181,2.032518222533333,4.929900169372559e-05,2.1500000120666667,0.0085520517715495,2.163167987983333,0.1295790143019601,0.0089085674273333,0.0058033716963495,0.0179968198098133,0.0800539519961111,0.0636886324576056,0.0060747094664257,0.052492956032676,0.0152706813886807,0.0104071933463461,0.0924723097851408,0.0745420455830281,3.014769256666667,0.3435943258777778,0.3403333425166667,0.0627887383203521,3.570222186666667,0.0094156265233333,0.2435430287861111,0.0163222249080281,0.3628747811836942,0.1579355398455555,3.239111102077778,0.2317140896666666,0.0034930619308949,0.0206609765629166,0.0363167505947692,100.0,100.0,100.0,100.0,100.0,100.0,100.0,100.0,100.0,100.0,100.0,100.0,100.0,100.0,100.0,100.0,100.0,100.0,100.0,0.0,100.0,100.0,100.0,0.0,0.0,100.0,100.0,100.0,100.0,50.0,100.0,100.0,100.0,100.0,high_traffic,23
0.0145442132851644,0.0230916486806254,1.554900285525,4.826188087463379e-05,3.17319992932,0.0086201727377187,2.02081018445,0.0819045032491554,0.0075349085909908,0.0059233594016999,0.0156045116320163,0.1296200752129999,0.0636087008765714,0.00590148806492,0.0527428592850714,0.0155276660076266,0.0108125918592432,0.0938355275447142,0.0738832524734285,3.01344692,0.38762073513,0.38430001731,0.0633571318120714,3.577499865,0.0141155123675,0.291238617848,0.0163076962701428,0.1685237345794193,0.156364822351,2.8382726972545456,0.255577325775,0.0038723902254376,0.0225016629222222,0.0370213143917647,100.0,100.0,100.0,100.0,100.0,100.0,100.0,100.0,100.0,100.0,100.0,100.0,100.0,100.0,100.0,100.0,100.0,100.0,100.0,0.0,100.0,100.0,100.0,0.0,0.0,100.0,100.0,100.0,100.0,81.81818181818181,100.0,100.0,100.0,100.0,high_traffic,23
0.0144883433161111,0.0232445822786321,1.1449423842285713,4.981160163879395e-05,1.2505713836857144,0.008330971852,1.2591461098,0.0815823864481441,0.0075349085909908,0.0059631173089761,0.0156045116320163,0.0701503052335294,0.0629908514241843,0.0044560883168009,0.045829776322929,0.0135996803264856,0.0139229601050909,0.0904963456006382,0.0664629186792857,3.0060734014285715,0.3011875993529412,0.2998823558117647,0.0564326208414893,3.835,0.0104654431305,0.2067669559429411,0.0160966447380714,0.1624411069057051,0.1304378789764706,2.7728235682529414,0.2649546009857143,0.0034586574335133,0.0213209816364285,0.0327281863555555,100.0,100.0,100.0,100.0,100.0,100.0,100.0,100.0,100.0,100.0,100.0,100.0,100.0,100.0,100.0,100.0,100.0,100.0,100.0,0.0,100.0,100.0,100.0,0.0,0.0,100.0,100.0,100.0,100.0,58.8235294117647,100.0,100.0,100.0,100.0,high_traffic,24
0.0143148824771339,0.0242908000912142,1.2895236003166666,4.9179792404174806e-05,1.3956665966333333,0.0058789253232,1.4086238125666668,0.0954633355609086,0.0077253938542237,0.0057183309789209,0.016554942493972,0.07966133951125,0.0662841846799999,0.0058586456493399,0.0476503555508391,0.0131996844044697,0.0128398491757435,0.0934405510123077,0.0707949466056249,3.015047306,0.482377901475,0.480187549625,0.0589230910776923,3.595999998,0.0089650154085,0.31737613628125,0.0166538454921276,0.2226148692038607,0.22250908607,2.460294060494117,0.2618798187428571,0.0034437222900849,0.0204607380737037,0.035945305004878,100.0,100.0,100.0,100.0,100.0,100.0,100.0,100.0,100.0,100.0,100.0,100.0,100.0,100.0,100.0,100.0,100.0,100.0,100.0,0.0,100.0,100.0,100.0,0.0,0.0,100.0,100.0,100.0,100.0,70.58823529411765,100.0,100.0,100.0,100.0,high_traffic,24
0.0159444171565016,0.0238059868718053,1.80417376495,4.800558090209961e-05,2.01280002362,0.0086673569100833,1.933683869,0.1894311113793204,0.0071325996016791,0.0059107081420676,0.0162384492209925,0.0790386944849999,0.06754426279,0.0068749091048865,0.0415149179802462,0.0195734871691133,0.0099093103387,0.0952204554689552,0.0635066405960447,3.0090364880000005,0.3658638701352941,0.371250018425,0.0522985155832089,3.569571457142857,0.007891416549,0.27757984395,0.0167134484205223,0.6229961409191948,0.14640337225375,2.369705869752941,0.2504919170749999,0.0032952326635324,0.0213444016168181,0.0374059946986792,100.0,100.0,100.0,100.0,100.0,100.0,100.0,100.0,100.0,100.0,100.0,100.0,100.0,100.0,100.0,100.0,100.0,100.0,100.0,0.0,100.0,100.0,100.0,0.0,0.0,100.0,100.0,100.0,100.0,70.58823529411765,100.0,100.0,100.0,100.0,high_traffic,24
0.0158945812003374,0.0240004218956266,1.6257063121999995,4.8947334289550784e-05,3.348444456755556,0.0080890993413149,2.540984217342857,0.1768430708400101,0.0075744717075753,0.0063241259136708,0.018516888352726,0.0678507089563636,0.0643835508554109,0.0067497457103883,0.0479109597464383,0.0203341520445706,0.009563828334612,0.0942577254140411,0.0723377571504081,3.012302341111111,0.3233420394238095,0.3207727236772726,0.0590616529826712,3.970818167272728,0.0092464685425,0.2358440810472727,0.017340538380979,0.5596572828159627,0.1640257401590909,3.405809512585714,0.26025295252,0.0031325231508581,0.0209050559944,0.0396967567454687,100.0,100.0,100.0,100.0,44.44444444444444,100.0,42.85714285714285,100.0,100.0,100.0,100.0,100.0,100.0,100.0,100.0,100.0,100.0,100.0,100.0,0.0,100.0,100.0,100.0,0.0,0.0,100.0,100.0,100.0,100.0,38.095238095238095,100.0,100.0,100.0,100.0,high_traffic,24
0.0157886422285928,0.0266400531429314,1.12190885216,4.943609237670898e-05,1.23759994334,0.0137266053081111,1.3387333521833331,0.0872360276702982,0.0078397181197114,0.0060609461028429,0.0164822171960201,0.0662597605994736,0.0656574556357718,0.0085075643055837,0.0463758554951677,0.0143300080618225,0.0106411710493423,0.0957515543605369,0.0669160678566225,3.013782098333333,0.316608869975,0.3119473707842105,0.0568053754274496,3.5653333616666667,0.009912967681,0.2203679335315789,0.0185119161631543,0.1754753531092683,0.1473822969821052,2.15015001088,0.2774018764,0.003327198194661,0.0234638916072222,0.0387672781890384,100.0,100.0,100.0,100.0,100.0,100.0,100.0,99.5744680851064,100.0,100.0,100.0,100.0,100.0,100.0,100.0,100.0,100.0,100.0,100.0,0.0,100.0,100.0,100.0,0.0,0.0,100.0,100.0,100.0,100.0,70.0,100.0,100.0,100.0,100.0,high_traffic,24
0.0148600716096345,0.0239433376447727,1.5867474372428572,4.7218799591064456e-05,2.83679996635,0.0084848403915142,2.0752420377444443,0.0894423392744819,0.0075349085909908,0.0062028905307791,0.0156045116320163,0.0666918659128,0.0672794365955395,0.0053966931953015,0.0544748254702158,0.0162734522844289,0.0119170438130454,0.1178934934073381,0.0788894059723741,3.006713565,0.2930689143519999,0.290320005372,0.0652949552595683,3.56062498125,0.0113244056666666,0.198514223054,0.0169171034822302,0.1920893625461688,0.1285325812991999,2.680519979088,0.2759912694714285,0.0034796974860565,0.0209438469647222,0.0378961302292187,100.0,100.0,100.0,100.0,70.0,100.0,77.77777777777777,100.0,100.0,100.0,100.0,100.0,100.0,100.0,100.0,100.0,100.0,100.0,100.0,0.0,100.0,100.0,100.0,0.0,0.0,100.0,100.0,100.0,100.0,60.0,100.0,100.0,100.0,100.0,high_traffic,25
0.0153568223746496,0.0254076001428795,1.5478638084875,4.746317863464355e-05,1.6732500170625,0.0094115493249696,1.6805873481125,0.0874502976069088,0.0075349085909908,0.0062875694460824,0.0156045116320163,0.0658004067118181,0.0662079020636986,0.005236751824233,0.0506506766303424,0.0177639444238418,0.01244441508906,0.1068249091485616,0.0726288491611643,3.009329275,0.3077989986428571,0.3067272792681818,0.0620342558272602,3.558666738333333,0.012938976285,0.2182888442372727,0.0173924230506849,0.182721160175031,0.1464993194881818,2.337523810009524,0.242590039925,0.0036252325217184,0.0220258424142105,0.039197552689589,100.0,100.0,100.0,100.0,100.0,100.0,100.0,100.0,100.0,100.0,100.0,100.0,100.0,100.0,100.0,100.0,100.0,100.0,100.0,0.0,100.0,100.0,100.0,0.0,0.0,100.0,100.0,100.0,100.0,71.42857142857143,100.0,100.0,100.0,100.0,high_traffic,25
0.014798511438918,0.0250564545682602,1.793505785675,5.3894519805908206e-05,1.916249987775,0.0089047090051415,1.9046906788,0.1482017844282991,0.0075349085909908,0.0058046278098757,0.0156045116320163,0.0838787396657333,0.0650314878799999,0.0052288408884875,0.4180567327141135,0.0138354712292162,0.0102454974077307,0.1121067290395035,0.4360395622910072,3.0062351966666667,0.3138810634,0.3223333040333333,0.4293758948137589,3.5476667833333333,0.012953877444,0.23010365164,0.0182059018467391,0.4488839670898076,0.1433736482946666,1.8874705933058824,0.236701667225,0.0040533889412825,0.0215098857841379,0.0360631861869491,100.0,100.0,100.0,100.0,100.0,100.0,100.0,100.0,100.0,100.0,100.0,100.0,100.0,100.0,100.0,100.0,100.0,100.0,100.0,0.0,100.0,100.0,100.0,0.0,0.0,100.0,100.0,100.0,100.0,82.35294117647058,100.0,100.0,100.0,100.0,high_traffic,25
0.0152006943983,0.0246861260649215,1.803763923275,4.874467849731445e-05,1.905250010225,0.0076485474891666,1.90361207365,0.1738810220222057,0.0075349085909908,0.0056189412512532,0.0156045116320163,0.0729816357222222,0.0668223163241304,0.0058551809996818,0.5717536220746376,0.0136897229567712,0.0106792755590256,0.1125133987557246,0.5936409392482015,3.01895298875,0.3212949978210526,0.3022222385888888,0.5825507133507246,3.58062493375,0.0111204981775,0.2143951389105555,0.017943097528633,0.5536570930598694,0.1336445278349999,2.732947344952632,0.238804697925,0.0034143274464463,0.0201978087396428,0.0363311351241269,100.0,100.0,100.0,100.0,100.0,100.0,100.0,100.0,100.0,100.0,100.0,100.0,100.0,100.0,100.0,100.0,100.0,100.0,100.0,0.0,100.0,100.0,100.0,0.0,0.0,100.0,100.0,100.0,100.0,57.89473684210526,100.0,100.0,100.0,100.0,high_traffic,25
0.0153942948184228,0.0274959206535849,1.6521999023999998,4.982352256774902e-05,1.7643333252666669,0.0099432903353986,1.7760734539666665,0.1663994690175189,0.0075349085909908,0.0067140161428601,0.0156045116320163,0.063291519875,0.0656415465824637,0.0062430217997676,0.518536233783116,0.0148789529181516,0.0120878469346,0.1197481068816666,0.5509481085365672,3.00971388,0.350705550223077,0.3264999985125,0.5289347736439131,3.55899993,0.01569485664,0.238817885475,0.0190381758305147,0.518933700742745,0.170500442349375,1.818714259078572,0.2423867384,0.00333085059998,0.0206754515219354,0.0436772062157692,100.0,100.0,100.0,100.0,100.0,100.0,100.0,100.0,100.0,100.0,100.0,100.0,100.0,100.0,100.0,100.0,100.0,100.0,100.0,0.0,100.0,100.0,100.0,0.0,0.0,100.0,100.0,100.0,100.0,78.57142857142857,100.0,100.0,100.0,100.0,high_traffic,25
0.0146723677746026,0.0239211254609947,1.7348599405857144,4.7653913497924805e-05,1.817571432957143,0.0095501500484883,1.824159379728572,0.0836478857137123,0.0075349085909908,0.0057960266889141,0.0156045116320163,0.0645391849283846,0.0651050526932624,0.0061595997396716,0.0495531947818439,0.0142712837385223,0.0100493356564375,0.0919337526134751,0.0725208666534532,3.007230875,0.2880068374999999,0.280461531376923,0.0599007116020567,3.5568332616666667,0.011257052415,0.1972017746365384,0.0175448979605714,0.1687836952342307,0.1306752974896154,1.927384594184616,0.2595703601285714,0.0035320542062489,0.0221315479224,0.0369220999713953,100.0,100.0,100.0,100.0,100.0,100.0,100.0,99.70193740685544,100.0,100.0,100.0,100.0,100.0,100.0,100.0,100.0,100.0,100.0,100.0,0.0,100.0,100.0,100.0,0.0,0.0,100.0,100.0,100.0,100.0,76.92307692307692,100.0,100.0,100.0,100.0,high_traffic,26
0.0143492640073684,0.0241907119709165,1.4940400095200002,4.873871803283692e-05,1.6058000059800002,0.0091578463704166,1.43333208385,0.1320282623147354,0.0075349085909908,0.0062437828488773,0.0156045116320163,0.0977844541609091,0.0654894384358333,0.0064796730866562,0.0516666535076515,0.0154473367202775,0.011042877682779,0.0982296195709848,0.0716569263421641,3.011103685,0.35804200168,0.3569091015999999,0.0620833255949242,3.740750067500001,0.0096240043635,0.250659227330909,0.017385317724923,0.3796043734757823,0.1507487296690909,3.0907999696100004,0.2688445647,0.003536475787305,0.0205930471405,0.0373972256933333,100.0,100.0,100.0,100.0,100.0,100.0,100.0,100.0,100.0,100.0,100.0,100.0,100.0,100.0,100.0,100.0,100.0,100.0,100.0,0.0,100.0,100.0,100.0,0.0,0.0,100.0,100.0,100.0,100.0,60.0,100.0,100.0,100.0,100.0,high_traffic,26
0.0146628174548867,0.0271595775060336,1.802614507625,5.695223808288574e-05,1.89824992175,0.0093855619415777,1.99929837574,0.1386995282961158,0.0075349085909908,0.0062441144658188,0.0156045116320163,0.0568979581089333,0.0672181569513986,0.0051152130645221,0.0511678232106293,0.0221902097885309,0.0111912488910964,0.0994280951642657,0.0694202509673426,3.007383008,0.3253637700625,0.32920001344,0.0617692220333566,3.55939998,0.015359640118,0.2413582801479999,0.01929410186993,0.4035804164805063,0.1802943388226666,2.335411769294117,0.261292755525,0.0037613511070597,0.021861946581,0.0425452253030434,100.0,100.0,100.0,100.0,100.0,100.0,100.0,99.8533724340176,100.0,100.0,100.0,100.0,100.0,100.0,100.0,100.0,100.0,100.0,100.0,0.0,100.0,100.0,100.0,0.0,0.0,100.0,100.0,100.0,100.0,70.58823529411765,100.0,100.0,100.0,100.0,high_traffic,26
0.0156345999624281,0.0269153222302329,1.6336805768333331,4.97281551361084e-05,3.3948750140375,0.0120933055854827,2.5280936021375005,0.0953323896233939,0.0075349085909908,0.0065388890044626,0.0156045116320163,0.0621902602004761,0.0660896480765753,0.0083738588577669,0.0508150793021917,0.01539214388536,0.0123906323755526,0.1095302202722602,0.0729049901320548,3.0107877885714283,0.3164220991,0.3113809539761905,0.0613424728871917,3.9718571357142856,0.0119747638672,0.2219244298085714,0.0191324574081818,0.2049206280167702,0.1540667896861904,3.139047607980952,0.23397576805,0.004218274895383,0.0212909936875,0.0413437253830555,100.0,100.0,100.0,100.0,37.5,100.0,37.5,100.0,100.0,100.0,100.0,100.0,100.0,100.0,100.0,100.0,100.0,100.0,100.0,0.0,100.0,100.0,100.0,0.0,0.0,100.0,100.0,100.0,100.0,47.61904761904762,100.0,100.0,100.0,100.0,high_traffic,26
0.0153496146168437,0.0241557761405698,0.2608616352,4.937052726745605e-05,3.527666643333333,0.0104665242684,3.003411846666667,0.0888079404687117,0.0076482148284247,0.0063552980699129,0.0163985606806548,0.0549962144105789,0.0650565607224822,0.0060462299256218,0.0454468219751063,0.0147812734154975,0.0152354089489367,0.1101292616780141,0.0628927408717394,3.0045015766666663,0.29750130171,0.2883684634736842,0.0561914765134751,3.6076667,0.0115836143429999,0.1986711024810526,0.0160912740273758,0.1828976517659615,0.1404758377842105,2.799699947315,0.31127154825,0.0035110272844751,0.0213123389623809,0.0354393467713636,100.0,100.0,100.0,100.0,0.0,100.0,0.0,99.8529411764706,100.0,100.0,100.0,100.0,100.0,100.0,100.0,100.0,100.0,100.0,100.0,0.0,100.0,100.0,100.0,0.0,0.0,100.0,100.0,100.0,100.0,40.0,100.0,100.0,100.0,100.0,high_traffic,26
0.0160086836105194,0.0174864655422467,0.2608616352,4.444122314453125e-05,2.44099998,0.0067966461172,0.4397904872,0.0984200798437625,0.0089955880081384,0.0069185916985359,0.0208784323412615,0.0640447480285714,0.0641075500993846,0.0054493616977741,0.0497076694706153,0.0151968702803247,0.0263223149843582,0.1110543947692307,0.0720254384472307,3.003289773333333,0.3789282184999999,0.3655714307,0.0595076964344615,3.688666656666667,0.01657319068,0.2748860971571428,0.0163951176813846,0.1853742135469444,0.2091157776685714,2.279428548514286,0.2598166465,0.002240028786291,0.0231199741333333,0.0409489319823076,100.0,100.0,100.0,100.0,100.0,100.0,100.0,100.0,100.0,100.0,100.0,100.0,100.0,100.0,100.0,100.0,100.0,100.0,100.0,0.0,100.0,100.0,100.0,0.0,0.0,100.0,100.0,100.0,100.0,57.142857142857146,100.0,100.0,100.0,100.0,temporal1,1
0.0167984693692485,0.0217343798824211,1.891689295,4.477500915527344e-05,4.634249970000001,0.009871721266,2.79074311,0.0985192545537923,0.0092738978054666,0.0070357398131035,0.0183100350659199,0.1190160910088888,0.0700151316217333,0.0051467708331495,0.044666674926,0.0176341451176691,0.0231795147632876,0.1153949705621333,0.0682345612310958,3.012448623333334,0.388307899175,0.4112221929222222,0.0544800122505333,4.6310000225,0.011257052415,0.3051156997111111,0.0174013569504054,0.1937899732759036,0.1798203785888888,3.9976249591625,0.3446464538,0.0021442125232463,0.0233955274904545,0.0472957365381818,100.0,100.0,100.0,100.0,50.0,100.0,66.66666666666666,99.2462311557789,100.0,99.68354430379746,100.0,100.0,100.0,100.0,100.0,100.0,98.63013698630137,100.0,100.0,0.0,100.0,100.0,100.0,0.0,0.0,100.0,100.0,100.0,100.0,50.0,100.0,100.0,100.0,100.0,temporal1,1
0.0204185917233333,0.024334344595412,0.2608616352,4.2891502380371095e-05,3.63300013,0.0090523136063793,3.02383327,0.1082433373506712,0.0136946457507761,0.0165796456635607,0.0166860409597014,0.0912093094257142,0.0658022823502985,0.0048244802565894,0.0467611889256716,0.0159361656052545,0.0929020892546976,0.1112274376091044,0.0633730404527536,3.0094819816666667,0.3800785243,0.346142871,0.0564626828861194,3.5471666616666666,0.011257052415,0.2448497839714286,0.01678741679,0.1865797880156757,0.1486513614157142,3.8802499744125,0.06625008583,0.0160210893462647,0.0306135018629166,0.071184694759,100.0,100.0,100.0,100.0,0.0,100.0,0.0,91.23287671232876,100.0,91.55172413793105,100.0,100.0,100.0,100.0,100.0,100.0,65.11627906976744,100.0,100.0,0.0,100.0,100.0,100.0,0.0,0.0,100.0,100.0,100.0,100.0,12.5,100.0,91.48936170212768,100.0,100.0,temporal1,1
0.0150919393442276,0.0248722392893296,0.2608616352,5.25057315826416e-05,2.44099998,0.0110195405539898,0.4397904872,0.105225223328735,0.0096018373953875,0.0144587075214688,0.018341934676825,0.1361478396571428,0.06580615340375,0.0053461364329196,0.050162512054625,0.0148589155183466,0.0774006225318148,0.1185690521982499,0.073066421031923,3.008508836666666,0.46872506138,0.4094286305142857,0.060199993837,3.55199996,0.01417303085,0.3077161992857142,0.0178793260882894,0.1958113610340909,0.16751245087,2.53566662045,0.06625008583,0.0053215990656655,0.0212230086293749,0.0478833336903225,100.0,100.0,100.0,100.0,100.0,100.0,100.0,93.31742243436754,100.0,94.77503628447025,100.0,100.0,100.0,100.0,100.0,100.0,77.77777777777777,100.0,100.0,0.0,100.0,100.0,100.0,0.0,0.0,100.0,100.0,100.0,100.0,50.0,100.0,97.87234042553192,100.0,100.0,temporal1,1
0.0156999381165662,0.0190121443346505,0.2608616352,4.469752311706543e-05,4.967333216666667,0.0095622616397741,3.00256216,0.0977081634449895,0.0105939448705633,0.0065343986434266,0.0191712748796056,0.0647461944066666,0.0701682332430986,0.0043113857803232,0.0448732376019718,0.0150349709180045,0.0136577685649583,0.0968790960738028,0.0619551416868493,3.005829756,0.3484986478090909,0.3614443672666667,0.0544084528719718,3.601400038,0.01820302009,0.2672518093888889,0.0158127180692,0.1758519502416666,0.1967962847488888,3.46530003197,0.3018779754,0.0022213707361065,0.0230874816554166,0.0402278068406976,100.0,100.0,100.0,100.0,0.0,100.0,0.0,100.0,100.0,100.0,100.0,100.0,100.0,100.0,100.0,100.0,100.0,100.0,100.0,0.0,100.0,100.0,100.0,0.0,0.0,100.0,100.0,100.0,100.0,30.0,100.0,100.0,100.0,100.0,temporal1,1
0.0166608087542675,0.0192552602489342,0.2608616352,4.398822784423828e-05,3.55449992,0.0086529626742752,3.0102757175000003,0.0964932820399407,0.0097930756468787,0.0068105856567048,0.0170927734045454,0.0777317583475,0.063995343255303,0.0051929189793617,0.0588939334315151,0.0171601330024637,0.0125408782486511,0.1035520632777272,0.0811198227178787,2.861806836470588,0.4445838629625001,0.4360000192625,0.0689696868142424,3.5610001,0.018401503555,0.33047488325,0.017351002400303,0.1816785073868493,0.17162477968,2.5371249584875,0.06625008583,0.0020753880759708,0.0234312713116666,0.043623304362,100.0,100.0,100.0,100.0,0.0,100.0,0.0,99.72602739726028,100.0,100.0,100.0,100.0,100.0,100.0,100.0,100.0,100.0,100.0,100.0,0.0,100.0,100.0,100.0,0.0,0.0,100.0,100.0,100.0,100.0,50.0,100.0,100.0,100.0,100.0,temporal1,2
0.0165844843128658,0.0204784349934112,0.2608616352,4.5293569564819335e-05,2.44099998,0.0093115891713285,0.4397904872,0.1305440412687387,0.0083910090568428,0.0262414928467198,0.0185589892483714,0.1728376547433333,0.0707940748635714,0.0079600932627959,0.0543999978371428,0.0139876286662647,0.0578963146351162,0.1024827616384285,0.0776090792071428,2.861806836470588,0.5822306473666666,0.5839999516333334,0.0644428593652857,3.5610001,0.01392316818,0.3951252300999999,0.0178423029995714,0.1863177317718181,0.2204764683666666,0.8703335125666668,0.06625008583,0.001998216547053,0.0205450952033333,0.043409039892258,100.0,100.0,100.0,100.0,100.0,100.0,100.0,99.47368421052632,100.0,100.0,100.0,100.0,100.0,100.0,100.0,100.0,100.0,100.0,100.0,0.0,100.0,100.0,100.0,0.0,0.0,100.0,100.0,100.0,100.0,100.0,100.0,100.0,100.0,100.0,temporal1,2
0.015165990046606,0.019748904485406,1.41119861,4.470348358154297e-05,5.79500005,0.0094177088576146,3.00361418,0.1666521258884289,0.0126411097374714,0.0513777535959368,0.0176544734366857,0.1581329107083333,0.065201973904,0.006835142770598,0.0504142999532857,0.0149775761018576,0.1473703009644666,0.1025569983712857,0.0754944103734328,3.0070177850000004,0.4544643560500001,0.4483332633499999,0.0605142797652857,4.767800088,0.0163321495,0.3455506562666666,0.0183040618858571,0.1769163638671794,0.1856446663249999,4.865000005783334,0.3568677902,0.0022324639914038,0.0241211141825,0.0412465767377272,100.0,100.0,100.0,100.0,0.0,100.0,0.0,100.0,100.0,100.0,100.0,100.0,100.0,100.0,100.0,100.0,100.0,100.0,100.0,0.0,100.0,100.0,100.0,0.0,0.0,100.0,100.0,100.0,100.0,16.66666666666667,100.0,100.0,100.0,100.0,temporal1,2
0.016077363791983,0.0214038470660206,0.2608616352,4.3886899948120114e-05,3.58600004,0.0086252829586764,3.01777585,0.1073665157158238,0.0091993840100526,0.0093886032677188,0.0184214930743552,0.113133478147,0.0639374224663158,0.0059986320816057,0.0474473708456578,0.0156717464934239,0.0186737013614262,0.1221730395156579,0.0672473273572152,3.01551878,0.37069382663,0.37020006176,0.0571842224878947,3.56200003,0.0142540931633333,0.268272948216,0.0177675391455263,0.1990675351309638,0.15336863991,2.49800002306,0.06625008583,0.0019183953595079,0.0238499283765,0.040398047515,100.0,100.0,100.0,100.0,0.0,100.0,0.0,100.0,100.0,100.0,100.0,100.0,100.0,100.0,100.0,100.0,100.0,100.0,100.0,0.0,100.0,100.0,100.0,0.0,0.0,100.0,100.0,100.0,100.0,50.0,100.0,100.0,100.0,100.0,temporal1,2
0.0153644092424605,0.0188752334783355,1.682459705,4.380941390991211e-05,2.097500085,0.0091178814566666,2.10753202,0.0988139060114986,0.0099597831255223,0.0066427765931935,0.018171374472388,0.0986557006675,0.069926941563582,0.0056601499246526,0.0567164136314925,0.0142207686817368,0.017551196943,0.1074360840134328,0.0772792865850746,3.003937355,0.417287826475,0.41200006005,0.0665970026444776,3.55500006,0.012446522705,0.30215573307,0.0163633894520895,0.1929090602543243,0.201803684195,3.671999985,0.34206414215,0.0024059833358093,0.0233494440683333,0.0424385686029032,100.0,100.0,100.0,100.0,100.0,100.0,100.0,100.0,100.0,100.0,100.0,100.0,100.0,100.0,100.0,100.0,100.0,100.0,100.0,0.0,100.0,100.0,100.0,0.0,0.0,100.0,100.0,100.0,100.0,50.0,100.0,100.0,100.0,100.0,temporal1,2
0.0167763560018279,0.0192691345981752,0.6795847415,4.408359527587891e-05,2.6470000709,0.0084867867543636,2.282444473733334,0.0918664163720592,0.0085499107824375,0.0061367907397505,0.0181503653486875,0.1284658114,0.0677266299645,0.0046483319374655,0.050525003664125,0.0150085584257789,0.0185282780540461,0.089786446083375,0.0716691075191463,3.00375938,0.4505606491833333,0.4403333266166666,0.060262507191375,3.54299998,0.01673396428,0.3289661406833333,0.016322657461875,0.1652600470153932,0.198770801205,2.617857179357143,0.5589728355,0.0022453233299665,0.0200463036670833,0.0398405413836842,100.0,100.0,100.0,100.0,33.33333333333333,100.0,33.33333333333333,100.0,100.0,100.0,100.0,100.0,100.0,100.0,100.0,100.0,100.0,100.0,100.0,0.0,100.0,100.0,100.0,0.0,0.0,100.0,100.0,100.0,100.0,57.142857142857146,100.0,100.0,100.0,100.0,temporal1,3
0.0155157323838624,0.0206279617812207,1.30559026805,4.312396049499512e-05,1.46899998,0.0087230346952966,1.4802095843999998,0.091841564296866,0.0083696813103658,0.0063467439006265,0.0171374431424268,0.071059489241,0.0620279282946341,0.0049216403790932,0.0529268194885365,0.01515855383241,0.011253141887,0.0895432640708536,0.0748196985519512,3.0043005866666666,0.33392972941,0.3294999599,0.0626585483395121,3.5803333066666667,0.01188588142,0.2280732869859999,0.0182840213502439,0.1623983540023077,0.152841782538,2.05680000483,0.241735816,0.002651190270646,0.0229050462863636,0.0433668173234615,100.0,100.0,100.0,100.0,100.0,100.0,100.0,99.76689976689975,100.0,100.0,100.0,100.0,100.0,100.0,100.0,100.0,100.0,100.0,100.0,0.0,100.0,100.0,100.0,0.0,0.0,100.0,100.0,100.0,100.0,70.0,100.0,100.0,100.0,100.0,temporal1,3
0.0165250737392399,0.0219033809775852,2.28141307,4.438161849975586e-05,2.38499999,0.0090120170280132,2.39516544,0.2285513886976186,0.009205067028129,0.0068308244951504,0.0197112380769677,0.11048552392625,0.0653693598996774,0.0048493030367819,0.7980537458813979,0.0160107814268447,0.0135514423467868,0.0923852125678494,0.8024949947416666,3.00678634,0.442465364875,0.44050002095,0.8077204326134408,3.56299996,0.0155007044433333,0.3416088819,0.0170537392254444,0.7808433868927184,0.2262867092625,1.68250002678,0.2746911048,0.0028614483620275,0.023007507318,0.0458449787506666,100.0,100.0,100.0,100.0,100.0,100.0,100.0,99.78813559322032,100.0,100.0,100.0,100.0,100.0,100.0,100.0,100.0,100.0,100.0,100.0,0.0,100.0,100.0,100.0,0.0,0.0,100.0,100.0,100.0,100.0,80.0,100.0,100.0,100.0,100.0,temporal1,3
0.0167794574469576,0.0216880325315872,2.38046145,4.314184188842773e-05,2.48499989,0.0094824766696949,2.49859094,0.2704332468071962,0.0086746657325185,0.0071846130663893,0.0207104653443209,0.1029979160741428,0.063578852892716,0.0054041157410683,1.0832345616049384,0.0149401304107008,0.0162596665292812,0.0899776117180247,1.1074103813095235,3.0050199,0.4061195509142857,0.4058571883142857,1.0931234519753088,3.55450004,0.01334500312,0.3069473334142857,0.0168828169459523,1.0107816096912223,0.1935301507885714,2.41812490955,0.3537828922,0.0042907899728949,0.02274000644375,0.0427422192322222,100.0,100.0,100.0,100.0,100.0,100.0,100.0,100.0,100.0,100.0,100.0,100.0,100.0,100.0,100.0,100.0,100.0,100.0,100.0,0.0,100.0,100.0,100.0,0.0,0.0,100.0,100.0,100.0,100.0,62.5,100.0,100.0,100.0,100.0,temporal1,3
0.0149745650074545,0.0215514186860048,1.49391636452,4.328489303588868e-05,1.8561427916142856,0.0088035119191052,1.62355141234,0.2406785881085793,0.0090213389613214,0.0068896539891485,0.0217590672585595,0.0618160472152941,0.0629716401941666,0.0047888517373083,0.8706071481034522,0.0144685471452345,0.0202290408184177,0.0994336235980952,0.8848110539901191,3.0118212170000005,0.3060545219588235,0.2991764685235294,0.8803452245579764,3.7144285914285713,0.011257052415,0.2132873114005882,0.0170092014994047,0.8361641714230107,0.1457347168382352,3.3574210426473683,0.2540597915,0.0035310411445212,0.0244677199216666,0.0415186711657142,100.0,100.0,100.0,100.0,100.0,100.0,100.0,100.0,100.0,100.0,100.0,100.0,100.0,100.0,100.0,100.0,100.0,100.0,100.0,0.0,100.0,100.0,100.0,0.0,0.0,100.0,100.0,100.0,100.0,47.36842105263158,100.0,100.0,100.0,100.0,temporal1,3
0.0180635083291772,0.023867573666027,1.7980585951125,4.398822784423828e-05,1.940666671066667,0.0080862094652337,1.896767224325,0.0994263173684603,0.008204790723084,0.0052768203595354,0.0176605607238823,0.0639574439388889,0.0650431087911764,0.004659458024068,0.0444831898136974,0.0156054185456762,0.0129939605423735,0.1056520748355042,0.0628413673090336,3.012799157142857,0.3316762888444444,0.3253703735,0.0539159644455042,3.5617500200000003,0.0125269889775,0.2369440131288888,0.0164763837260924,0.1771858835025095,0.1682717534944444,2.2391724147551724,0.2427786588125,0.0073112213234946,0.0238761424994999,0.0385236294423364,100.0,100.0,100.0,100.0,100.0,100.0,100.0,100.0,100.0,100.0,100.0,100.0,100.0,100.0,100.0,100.0,100.0,100.0,100.0,0.0,100.0,100.0,100.0,0.0,0.0,100.0,100.0,100.0,100.0,72.41379310344828,100.0,100.0,100.0,100.0,temporal1,4
0.0160793084770669,0.0248269188192596,1.6339004003222222,4.278421401977539e-05,1.7911999924,0.0083250403388645,1.736585721211111,0.1012240904877232,0.0097723269852076,0.0052347272200041,0.0170610819787415,0.0687513598037931,0.0650891287730932,0.005327555394494,0.0467415209457627,0.0170384862554397,0.011627596577638,0.1194855095693643,0.0653732882482051,3.0109796463636367,0.2970493086,0.2936551899275862,0.0561694906835169,3.5574544945454547,0.0154273169328571,0.1993424398686206,0.0181103773002118,0.1907484923144444,0.1254303866217241,2.5366666603733337,0.2716721958222222,0.006103573421752,0.0237545132615,0.0397695645464367,100.0,100.0,100.0,100.0,100.0,100.0,100.0,100.0,100.0,100.0,100.0,100.0,100.0,100.0,100.0,100.0,100.0,100.0,100.0,0.0,100.0,100.0,100.0,0.0,0.0,100.0,100.0,100.0,100.0,63.333333333333336,100.0,100.0,100.0,100.0,temporal1,4
0.0154186693676082,0.023716842779151,2.01657143155,4.2504072189331056e-05,2.1129999751,0.0082973419124008,2.1077990988142856,0.097649600858514,0.0092522046491846,0.0053819416622021,0.0194215713360666,0.0686321054114285,0.0744751908907555,0.004952508777997,0.0657330619869067,0.0140271773399002,0.012553053514529,0.1044205119148987,0.0872294016081196,3.0065779325,0.3045276192588235,0.3013999802171428,0.0748813586225847,3.60987502,0.015114466345,0.1996635504668571,0.0159261762043644,0.1840413538917624,0.1254577772705714,2.374171410382857,0.2596935748533333,0.0079385511786329,0.0227801680545,0.0378097401674444,100.0,100.0,100.0,100.0,100.0,100.0,100.0,96.15384615384616,100.0,100.0,100.0,100.0,97.33333333333331,100.0,82.62711864406779,100.0,100.0,92.018779342723,82.90598290598291,0.0,100.0,100.0,82.62711864406779,0.0,0.0,100.0,100.0,84.2911877394636,100.0,77.14285714285714,100.0,100.0,100.0,100.0,temporal1,4
0.0158201413384194,0.0234051744837655,1.7784697256800002,4.367232322692872e-05,2.383714296835714,0.0082325211873034,2.2365909442571428,0.0957990385537168,0.0101090252385937,0.0055338026482116,0.0191765695771562,0.0801671009676923,0.0844478838517961,0.0057129803149434,0.0550169439538135,0.0122981294892518,0.0126563863028536,0.1154292991945365,0.0784893127046808,3.013674093333333,0.4290988715423077,0.4294615613576923,0.0642542343918644,3.564000045,0.015157938,0.2965353267734615,0.0161360775712121,0.1826653918678927,0.2085853629934615,2.746928612442857,0.2698584794499999,0.0091097574947084,0.020716989038,0.0368119345725252,100.0,100.0,100.0,100.0,71.42857142857143,100.0,71.42857142857143,92.8030303030303,100.0,100.0,100.0,100.0,96.11650485436893,100.0,67.79661016949152,100.0,100.0,84.65608465608466,67.65957446808511,0.0,100.0,100.0,67.79661016949152,0.0,0.0,100.0,100.0,70.88122605363985,100.0,64.28571428571428,100.0,100.0,100.0,100.0,temporal1,4
0.0153841188053684,0.022816664085653,1.47869674865,4.251599311828613e-05,1.466818156490909,0.0084896244483881,1.57947470955,0.0994292250944965,0.0086877933676408,0.0054775895742799,0.0195514584889859,0.0683900156274193,0.0793742428972272,0.0052545789453761,0.075076597215617,0.0170500135278479,0.0131271693303223,0.1086285346657951,0.10305192253639,3.007659288,0.335141695984375,0.3261612922516129,0.0842085086952766,3.553199977,0.0128616094549999,0.2357665030825806,0.0152736643487234,0.1984420023448845,0.1451853551870968,2.318548391719355,0.23617558474,0.0089691272132245,0.023387050627,0.0374853489705084,100.0,100.0,100.0,100.0,100.0,100.0,100.0,95.61952440550688,100.0,100.0,100.0,100.0,95.45454545454544,100.0,79.14893617021276,100.0,100.0,92.1951219512195,79.25311203319502,0.0,100.0,100.0,79.14893617021276,0.0,0.0,100.0,100.0,81.15384615384616,100.0,67.74193548387098,100.0,100.0,100.0,100.0,temporal1,4
0.0148927941586938,0.0210749006240358,2.312289115,4.52820847674114e-05,2.438666656666667,0.0082187159297413,2.444385045,0.0974449267785777,0.0093456452034311,0.0058125278489035,0.017695984705055,0.0711841753485714,0.0670872828178899,0.0045766549943006,0.0386238426185321,0.0107470333133268,0.0103162270535189,0.1081710758325688,0.0562906527657798,3.007860555714285,0.3318606444285714,0.3286428621357143,0.0486238571403669,4.1249999200000005,0.0178294181766666,0.2364367927357142,0.0168029693245871,0.1824647128201666,0.1634910957849999,2.697599981106667,0.2391144036999999,0.0029391366597792,0.0209228822135714,0.0387407673688888,100.0,100.0,100.0,100.0,100.0,100.0,100.0,100.0,100.0,100.0,100.0,100.0,100.0,100.0,100.0,100.0,100.0,100.0,100.0,0.0,100.0,100.0,100.0,0.0,0.0,100.0,100.0,100.0,100.0,60.0,100.0,100.0,100.0,100.0,temporal1,5
0.0158384966536947,0.0207405611344866,2.3228371866666664,4.366636276245117e-05,2.86599998,0.0083195231601192,2.6583739700000004,0.09716551841827,0.0090765845651711,0.0060319400307238,0.0166836064099279,0.0953353881713333,0.0646272306936036,0.0047373048711806,0.0396666569688288,0.0132006457668649,0.0114134034569594,0.1068984216176576,0.0573081411653153,3.0117772242857144,0.5192554149133334,0.6571999861,0.0497207297844144,4.593888793333333,0.0144869486433333,0.32242301239,0.0160452546258558,0.1802394858730328,0.2121024290466666,4.00246667224,0.28379565475,0.003346059056181,0.0230051914803333,0.036903455518,100.0,100.0,100.0,100.0,60.0,100.0,60.0,100.0,100.0,100.0,100.0,100.0,100.0,100.0,100.0,100.0,100.0,100.0,100.0,0.0,100.0,100.0,100.0,0.0,0.0,100.0,100.0,100.0,100.0,40.0,100.0,100.0,100.0,100.0,temporal1,5
0.0157832765245859,0.0199052244396151,1.2767066154333333,4.3392181396484375e-05,2.55133330625,0.0083116707212624,2.15866159986,0.0970893558987236,0.0089569343952403,0.0057925327301765,0.0178403510447884,0.0748896428378571,0.0656711963413461,0.0057990647643513,0.0649807727457692,0.0178168937959525,0.0122934964960615,0.1069627128874038,0.0886022585325961,3.00328922,0.3729929753214285,0.3667856965142858,0.074721152866923,3.51299977,0.014683604235,0.2663035392335714,0.0165185759725252,0.1930898105745217,0.1865686688699999,1.9711999867666667,0.3034226894,0.0025777596003847,0.0215202569938461,0.037779296312439,100.0,96.52777777777776,100.0,100.0,50.0,100.0,60.0,98.85057471264368,100.0,100.0,100.0,100.0,100.0,100.0,100.0,100.0,100.0,100.0,100.0,0.0,100.0,100.0,100.0,0.0,0.0,100.0,100.0,100.0,100.0,73.33333333333333,100.0,100.0,100.0,95.1219512195122,temporal1,5
0.0144028130370967,0.0199814076159051,2.28950095,4.277229309082032e-05,2.40999996,0.0087174121708604,2.42087149,0.0964296354681805,0.0080621566572621,0.0060213403838299,0.0185035918477669,0.07092764377,0.0656230009770873,0.0076901880239183,0.0571941634886407,0.0137351154558021,0.015195028278432,0.1040840287616505,0.0812385244121359,3.00345897,0.38552081578,0.38140001293,0.066767002761165,3.539499995,0.01488053798,0.2852037191,0.0171649167784615,0.184954107816842,0.212504267651,1.89619998739,0.2446701526,0.0045492789311321,0.0218647251934782,0.0368467345790625,100.0,91.6083916083916,100.0,100.0,100.0,100.0,100.0,97.66990291262135,100.0,100.0,100.0,100.0,100.0,100.0,100.0,100.0,100.0,100.0,100.0,0.0,100.0,100.0,100.0,0.0,0.0,100.0,100.0,100.0,100.0,80.0,100.0,100.0,100.0,87.5,temporal1,5
0.0162874704658562,0.0216953320901869,1.7402984710714284,4.969145122327303e-05,1.8217143637857145,0.0094666205899615,1.834270440157143,0.099074926689304,0.0080407006388571,0.0060363713716342,0.0179292043011047,0.0713380483430769,0.06501779555,0.0045820146589194,0.0515999952851428,0.0148942709718791,0.0174767896501458,0.1118592602665714,0.074367725268,3.032857175,0.3719900204153846,0.3639999902538461,0.0615238007934285,3.58800005,0.0149559974599999,0.2632777873769231,0.0175472554661904,0.1850153351268103,0.1882634712761538,2.2811538038538464,0.2648254802714286,0.0036966617281033,0.0227265477164999,0.0392046629174509,100.0,100.0,100.0,100.0,100.0,100.0,100.0,100.0,100.0,100.0,100.0,100.0,100.0,100.0,100.0,100.0,100.0,100.0,100.0,0.0,100.0,100.0,100.0,0.0,0.0,100.0,100.0,100.0,100.0,84.61538461538461,100.0,100.0,100.0,100.0,temporal1,5
0.0164599989235308,0.0192716336757753,2.28725838,4.397034645080567e-05,2.42733319,0.0081508713099821,2.4420274833333333,0.0941981144807503,0.0100259421955806,0.0063151775363991,0.0173853110202473,0.0661770184774,0.0693507681473118,0.0051318039560451,0.0438172022417204,0.014031186495942,0.0125669680112368,0.0930761726784946,0.0627659802652688,3.0053278162500003,0.3199563661799999,0.3168000220799999,0.0533763259859139,3.984777788888889,0.011257052415,0.2187344391699999,0.0151869968658064,0.1716478264085437,0.1373497485906666,3.1968666522066664,0.2673279443666667,0.0043932723990951,0.0220363323492307,0.0384328524224444,100.0,100.0,100.0,100.0,100.0,100.0,100.0,99.36842105263158,100.0,100.0,100.0,100.0,100.0,100.0,100.0,100.0,100.0,100.0,100.0,0.0,100.0,100.0,100.0,0.0,0.0,100.0,100.0,100.0,100.0,46.66666666666666,100.0,100.0,100.0,100.0,temporal1,6
0.0165134861485416,0.0212321846540137,1.74242171762,4.274249076843262e-05,2.240500047633333,0.0097233227294285,2.13399543388,0.0949484968213311,0.0086733893332315,0.0060735000593863,0.0180519957249368,0.0906837582525,0.0639498660336842,0.0048977692912444,0.0452316008051578,0.0151978817805589,0.0141324094781621,0.0945920668,0.0633289914297894,3.027453336666667,0.3243027328916666,0.3232500552583333,0.054610525926421,3.577666596666667,0.01333785057,0.2341472704758333,0.0170333285037894,0.1677485828950476,0.1400652726191666,2.532153841453846,0.3142656326,0.0066503378052723,0.021257853505,0.04237438241125,100.0,100.0,100.0,100.0,100.0,100.0,100.0,99.38271604938272,100.0,100.0,100.0,100.0,100.0,100.0,100.0,100.0,100.0,100.0,100.0,0.0,100.0,100.0,100.0,0.0,0.0,100.0,100.0,100.0,100.0,76.92307692307692,100.0,100.0,100.0,100.0,temporal1,6
0.015872987071542,0.0210392617435007,0.2608616352,4.215240478515625e-05,2.44099998,0.008316777999619,0.4397904872,0.1137727402785899,0.0102956818356219,0.0063716478657359,0.0172789038647439,0.0575027806304285,0.0680617210225609,0.0053516274585327,0.0469878097769512,0.02047962639355,0.0155687178304032,0.0970472039109756,0.0651420616404878,2.861806836470588,0.2643344227414634,0.2590454599568181,0.056475604445,3.5610001,0.034456610675,0.1681612187847727,0.0159602824635106,0.2706404092814423,0.0947151309405263,1.699749984125,0.06625008583,0.004098305701415,0.0215929638231818,0.041461524958,100.0,100.0,100.0,100.0,100.0,100.0,100.0,97.48953974895396,100.0,100.0,100.0,100.0,100.0,100.0,100.0,100.0,100.0,100.0,100.0,0.0,100.0,100.0,100.0,0.0,0.0,100.0,100.0,88.46153846153847,100.0,50.0,100.0,100.0,100.0,100.0,temporal1,6
0.0164260232956974,0.0206180533039961,0.2608616352,4.277229309082032e-05,2.44099998,0.0082113118392619,0.4397904872,0.1142026046130338,0.0090046248769512,0.006216750052329,0.0189455718485853,0.25563347335,0.0641701221345121,0.0046946748349098,0.0447073069941463,0.0190267334912299,0.0141496763473529,0.0925595091407317,0.0645222491387951,3.00332927,2.566056365,4.67179994,0.054987825989878,5.61400008,0.01694822311,0.9021267843,0.0158678818732258,0.2570678834938835,0.61638402935,6.926666553333334,0.06625008583,0.0041379022589416,0.0226794140632142,0.0410243868772727,100.0,100.0,100.0,100.0,100.0,100.0,100.0,97.67441860465117,100.0,100.0,100.0,100.0,100.0,100.0,100.0,100.0,100.0,100.0,100.0,0.0,100.0,100.0,100.0,0.0,0.0,100.0,100.0,89.32038834951456,100.0,66.66666666666666,100.0,100.0,100.0,100.0,temporal1,6
0.0167091067745412,0.021134239783121,0.2608616352,4.285573959350586e-05,4.6857498825,0.0087999001783043,3.00529877,0.0980183827875247,0.0089612926031041,0.0063644600021791,0.017900985971677,0.0842949284412222,0.0705637906894791,0.0049251598462573,0.0420312384701041,0.0137575026821473,0.01413942813522,0.0980591500654166,0.0637335578488541,3.009871,0.4203232923777778,0.4160000217888889,0.0517916753809374,3.57700014,0.01249146461,0.3132613234611111,0.01652193317375,0.1765322010034906,0.22314371,2.584666620133333,0.06625008583,0.0066334931345208,0.0230652468482857,0.0435415267885,100.0,100.0,100.0,100.0,0.0,100.0,0.0,100.0,100.0,100.0,100.0,100.0,100.0,100.0,100.0,100.0,100.0,100.0,100.0,0.0,100.0,100.0,100.0,0.0,0.0,100.0,100.0,100.0,100.0,55.55555555555556,100.0,100.0,100.0,100.0,temporal1,6
0.0166030881470833,0.0221449111336959,1.809687909175,4.2939186096191405e-05,1.9144999328,0.0080483467842991,1.92324161145,0.0958450115893199,0.0083859643180709,0.0058784463830643,0.0176322223404539,0.0537206445371428,0.0671022716041134,0.0051622533077512,0.0375531869525531,0.0148277039842974,0.0147854500422268,0.0920198639932624,0.056256934468951,3.01075601,0.3341820409785714,0.32857143875,0.0472269514704255,3.643500085,0.01344203948,0.2407435178371428,0.0164772014318243,0.1682150516373076,0.1777057817721428,1.7047332896866665,0.24525361056,0.0034025105551048,0.0257249736756,0.0392660344048148,100.0,100.0,100.0,100.0,100.0,100.0,100.0,99.85185185185183,100.0,100.0,100.0,100.0,100.0,100.0,100.0,100.0,100.0,100.0,100.0,0.0,100.0,100.0,100.0,0.0,0.0,100.0,100.0,100.0,100.0,86.66666666666667,100.0,100.0,100.0,100.0,temporal1,7
0.0157716431781938,0.8962657144278586,1.87060713362,4.251599311828613e-05,2.0513333435833334,0.5857613021457322,1.9869750925,0.4523422602204939,0.0086154276309483,0.3104688112407804,0.0198987945386903,0.0691365634647058,0.0649698180416774,0.0059082257683515,0.0443419425643225,0.295493360881527,0.4220761078761041,0.101272890626258,0.0610603347807742,3.011424376666667,0.3421178284235294,0.3465293855705882,0.0538903251689677,3.5552856885714283,0.013372611996,0.244620631687647,0.0169373789094193,0.17789970500269,0.1659870147464706,2.6595789605368423,0.25572028156,0.0481848213734353,0.0232402801479999,0.7315388765792187,100.0,100.0,100.0,100.0,100.0,100.0,100.0,100.0,100.0,100.0,100.0,100.0,100.0,100.0,100.0,100.0,100.0,100.0,100.0,0.0,100.0,100.0,100.0,0.0,0.0,100.0,100.0,100.0,100.0,63.1578947368421,100.0,100.0,100.0,100.0,temporal1,7
0.0160108767027543,2.0534500176100856,2.0889042716428574,4.857778549194336e-05,2.1959999448125,1.5865648472544471,2.1720362698,0.9557198651097868,0.0086296695134573,0.7519071907075943,0.0233094618243953,0.1973085231621428,0.0674500890365891,0.0050627695537783,0.0896744228404651,0.7067692434561291,1.060509394194321,0.1105228671545736,0.11752949084375,3.01219749,0.4660014079785714,0.461928588442857,0.0993023213783721,4.109428604285715,0.01682937145,0.3726673463085714,0.0161178950178125,0.2135472745741258,0.1708665234321428,3.5983571442071427,0.2657230240571428,0.4184458195223556,0.0226550102199999,2.862909083656316,100.0,100.0,100.0,100.0,100.0,100.0,100.0,99.83870967741936,100.0,100.0,100.0,100.0,100.0,100.0,100.0,100.0,100.0,100.0,100.0,0.0,100.0,100.0,100.0,0.0,0.0,100.0,100.0,100.0,100.0,57.142857142857146,100.0,100.0,100.0,98.24561403508773,temporal1,7
0.016328756876563,1.3878800248913938,1.572150123842857,4.291534423828125e-05,2.4992500516375,0.3956250072695714,1.8657178851571428,1.0177148314336026,0.008961360269723,0.782842110371642,0.0204957686898615,0.0781324931480952,0.0669877162246923,0.0057373531562032,0.0570846044014615,0.7352210326774509,1.4450128348217233,0.101038764056923,0.0902696362079999,3.008905334,0.4117537338095238,0.4052857099333333,0.066592317351,3.659900041,0.01704025268,0.2717130750409523,0.016746402692748,0.1835467164314685,0.1673005648766666,3.243000004952381,0.2607235908,0.8694859449259605,0.026599002600909,1.0131166392671052,100.0,100.0,100.0,100.0,100.0,100.0,100.0,99.68203497615262,100.0,100.0,100.0,100.0,100.0,100.0,100.0,100.0,97.87234042553192,100.0,100.0,0.0,100.0,100.0,100.0,0.0,0.0,100.0,100.0,100.0,100.0,52.38095238095238,100.0,100.0,100.0,100.0,temporal1,7
0.0153110804559797,0.4238789415158023,1.586785104475,4.532933235168457e-05,1.7029999759125,0.0291664224283333,1.71300571805,0.3580901646610732,0.0079820334010447,0.1791965246350023,0.0182438732932014,0.07722420989,0.0653138801140298,0.0053781597229,0.0744179095125373,0.1769308568521043,0.504924669016302,0.1060770358458955,0.1070155829890298,3.0214250066666666,0.35627305479375,0.3479999746,0.0838208838736567,3.567666603333333,0.01666402816,0.2606384152,0.0164670659491044,0.1906002791379729,0.147125139791875,2.2333124537125,0.3071341514125,0.0748735600775523,0.0216795247120689,0.4674886892752273,100.0,100.0,100.0,100.0,100.0,100.0,100.0,100.0,100.0,100.0,100.0,100.0,100.0,100.0,100.0,100.0,100.0,100.0,100.0,0.0,100.0,100.0,100.0,0.0,0.0,100.0,100.0,100.0,100.0,81.25,100.0,100.0,100.0,100.0,temporal1,7
0.0160944977525768,0.0246139611918268,0.2608616352,4.315972328186035e-05,3.56800007,0.0088011630158831,3.024895785,0.1077247011522254,0.0084489928875329,0.0060265218921812,0.017798929646406,0.0611692950784761,0.0645476779240609,0.005391581015628,0.0515126806740101,0.0126296906013921,0.0120777227910427,0.1498307588098985,0.0723527929971573,3.0083016725,0.351377499045,0.3451904909428571,0.0613045571306599,3.57999992,0.01376064618,0.250591028245238,0.0172431849901546,0.2173542725308675,0.1832242579428571,1.6552857317238097,0.06625008583,0.0043417839761856,0.0234354664264705,0.0397673249204687,100.0,100.0,100.0,100.0,0.0,100.0,0.0,100.0,100.0,100.0,100.0,100.0,100.0,100.0,100.0,100.0,100.0,100.0,100.0,0.0,100.0,100.0,100.0,0.0,0.0,100.0,100.0,100.0,100.0,71.42857142857143,100.0,100.0,100.0,100.0,temporal1,8
0.0152640837674855,0.0250085148312595,2.29229426,4.401206970214844e-05,3.26787498,0.0088506815196788,2.86165922375,0.0952666614135801,0.0104359106783417,0.0059840742265189,0.017795258426809,0.0767220407625,0.0660185741886432,0.0052824062498939,0.055216071583618,0.0158514298672039,0.0145664933820073,0.0990936827848241,0.0770711003074111,3.00835871,0.3691255251066667,0.34068751330625,0.0650150691908542,3.559499975,0.0157097180633333,0.2535670548181249,0.0175100630811055,0.1745909343698636,0.17036397751875,3.1219285359,0.27702403065,0.0062460130243726,0.0224281152059259,0.0395326235032954,100.0,100.0,100.0,100.0,25.0,100.0,25.0,100.0,100.0,100.0,100.0,100.0,100.0,100.0,100.0,100.0,100.0,100.0,100.0,0.0,100.0,100.0,100.0,0.0,0.0,100.0,100.0,100.0,100.0,42.85714285714285,100.0,100.0,100.0,100.0,temporal1,8
0.0162967749156798,0.0271385943596914,1.4433769353,5.2809715270996094e-05,2.6898333201749995,0.0087031771404203,2.267461664372728,0.3386041883091331,0.0093535840103443,0.0065461088589313,0.0186198562934172,0.0836540460504545,0.0644163681797948,0.0054635335030143,0.0540769209923589,0.0211377121102611,0.0158758893270204,0.0970391689042051,0.0736802937544387,3.005469495,0.4840363856166667,0.7772608835913044,0.0635589745923589,4.024333365555555,0.01345332463,0.30117174694,0.0189357720844102,1.0402153021536575,0.2098811322790909,3.547192275638461,0.2964928546833333,0.0056082576983471,0.02291842698475,0.043884541672826,100.0,100.0,100.0,100.0,58.333333333333336,100.0,54.54545454545455,100.0,100.0,100.0,100.0,100.0,100.0,100.0,100.0,100.0,100.0,100.0,100.0,0.0,100.0,100.0,100.0,0.0,0.0,100.0,100.0,100.0,100.0,50.0,100.0,100.0,100.0,100.0,temporal1,8
0.0167020981812217,0.0240526110267308,1.5475738014909093,4.259347915649414e-05,1.7165833481999997,0.0083971158248474,1.6633907850727274,0.2688792617565007,0.0085380096272301,0.0064443484663201,0.0182558184526666,0.0671129226631034,0.06570421694495,0.0051165471464409,0.0610299956687,0.0248337583598053,0.0106116644152441,0.0996320938915499,0.0895013677882499,3.0086380600000004,0.3229377950607142,0.3168620487310345,0.07074501036365,3.56479997,0.01691651344,0.2230585936337931,0.0154334134686069,1.0762662453778828,0.1334046084055172,2.573200024,0.2487341490181818,0.0041941519694932,0.023652620312,0.0413345959409722,100.0,100.0,100.0,100.0,100.0,100.0,100.0,100.0,100.0,100.0,100.0,100.0,100.0,100.0,100.0,100.0,100.0,100.0,100.0,0.0,100.0,100.0,100.0,0.0,0.0,100.0,100.0,100.0,100.0,66.66666666666666,100.0,100.0,100.0,100.0,temporal1,8
0.0168230501428988,0.024048222431947,0.2608616352,4.782676696777344e-05,4.03160004,0.0090728832060532,3.013631674,0.1137384560971755,0.0084166515206601,0.0059305971859646,0.0190537010541359,0.0700584649982142,0.0655852093153398,0.005729770659462,0.0488106880290291,0.0138827210833323,0.0165928006142236,0.1087835853367961,0.0724479209939999,3.0126183930000003,0.2896449735607143,0.2911071436321428,0.0587766968973786,3.584400005,0.0145325660666666,0.2090444990203571,0.0157223452442857,0.2361766060535682,0.1332641413957143,2.628321406971428,0.287461996,0.0053125131310719,0.0247613588903333,0.0401224387268421,100.0,100.0,100.0,100.0,0.0,100.0,0.0,100.0,100.0,100.0,100.0,100.0,100.0,100.0,100.0,100.0,100.0,100.0,100.0,0.0,100.0,100.0,100.0,0.0,0.0,100.0,100.0,100.0,100.0,46.42857142857143,100.0,100.0,100.0,100.0,temporal1,8
0.015309449760856,0.0202193644706297,1.66548704864,4.302263259887695e-05,2.3495714282,0.0090884609478985,2.2034815342714285,0.0987692128337109,0.0103466261973739,0.0058516546090577,0.0189085338379304,0.0645075695771428,0.0646899969564347,0.0051463059845214,0.0410087004874782,0.0115502492559901,0.0134313571710731,0.1222202570306087,0.0596126991666086,3.03054249,0.3238153116428571,0.3254285539357143,0.0513652138006956,3.590499995,0.015892326825,0.2345519746757143,0.0152618988659999,0.1928264962971653,0.1668372835057143,2.361785681692857,0.2905788421,0.0028919073238582,0.0209644635483333,0.0377002089580392,100.0,100.0,100.0,100.0,71.42857142857143,100.0,71.42857142857143,100.0,100.0,100.0,100.0,100.0,100.0,100.0,100.0,100.0,100.0,100.0,100.0,0.0,100.0,100.0,100.0,0.0,0.0,100.0,100.0,100.0,100.0,71.42857142857143,100.0,100.0,100.0,100.0,temporal2,1
0.0150310824246558,0.021954150195697,1.6423376766999995,5.7417154312133786e-05,1.7483333317166665,0.0102512836445161,1.7629367879166666,0.0996960659946911,0.0078251535230363,0.0064717460750109,0.0170930558944,0.076413348306875,0.068920644836,0.0053800782059493,0.0434727061827272,0.011258539214184,0.0122828055620769,0.1206635886717272,0.0582195122945045,3.00310535,0.2999748289062499,0.29906255001875,0.0538272792553636,4.278333333333333,0.01473295688,0.2112353294762499,0.0170794140163636,0.1946791370943442,0.12226305899625,2.56481247786875,0.2593229611,0.0075423900890168,0.0225714903561538,0.0416292285864,100.0,100.0,100.0,100.0,100.0,100.0,100.0,99.81617647058825,100.0,99.54545454545456,100.0,100.0,100.0,100.0,100.0,100.0,100.0,100.0,100.0,0.0,100.0,100.0,100.0,0.0,0.0,100.0,100.0,100.0,100.0,68.75,100.0,98.07692307692308,100.0,100.0,temporal2,1
0.0156503812203232,0.0240881760870739,0.9908749243666666,4.382729530334472e-05,1.1500000952,0.009716689585,1.1562648596666667,0.0990910472997981,0.0083005124860181,0.0117921614917213,0.0167250199708727,0.082715968285,0.0656446391782727,0.005274166033905,0.0433272556758181,0.0130449455482489,0.0407698465325434,0.1200443375944545,0.0629708658481818,3.0027749500000005,0.339607735425,0.3372500140916666,0.0541636336840909,3.5513333433333334,0.0140792528733333,0.24469413355,0.0155464302367272,0.1907439759157377,0.1542225281066666,1.87275004185,0.2969595590333333,0.0297871760477259,0.0211657683022222,0.051637468657931,100.0,100.0,100.0,100.0,100.0,100.0,100.0,93.21100917431193,100.0,92.6052332195677,100.0,100.0,100.0,100.0,100.0,100.0,76.08695652173913,100.0,100.0,0.0,100.0,100.0,100.0,0.0,0.0,100.0,100.0,100.0,100.0,75.0,100.0,79.24528301886792,100.0,100.0,temporal2,1
0.0166742606285288,0.0296601369925446,1.7876449953285714,4.789233207702637e-05,1.951249954575,0.0169096482096153,1.907292567028572,0.1032719128627717,0.0093361278363,0.0112175079225383,0.016664729511925,0.064766466613125,0.0650948484615833,0.0049739125220535,0.0442249993398333,0.0125341998182101,0.0227076946876075,0.1158510168165833,0.0662786270832231,3.00702061,0.3227038532,0.3158125131875,0.0543916662408333,4.206999963333334,0.016775655742,0.224030479735625,0.0165416995645833,0.1887516108026515,0.151912555070625,2.753941197317648,0.2598870140571429,0.0121676436126739,0.0231513977011999,0.042440722965098,100.0,100.0,100.0,100.0,100.0,98.71794871794872,100.0,94.54855195911414,100.0,94.8051948051948,100.0,100.0,100.0,100.0,100.0,100.0,89.87341772151899,100.0,100.0,0.0,100.0,100.0,100.0,0.0,0.0,100.0,100.0,100.0,100.0,70.58823529411765,100.0,94.44444444444444,100.0,100.0,temporal2,1
0.0157272039649215,0.021044039103244,1.88563417922,4.222393035888672e-05,2.04839992236,0.0092749975525824,2.06026649014,0.0982367007879719,0.0107728723873333,0.0061843134896256,0.0178249133201315,0.0849140340509091,0.068985213303421,0.0056051104146111,0.0408508861191491,0.0135342812254714,0.0189425349202352,0.1212266955260526,0.0609640363960526,3.00789456,0.3879444815272727,0.3879090872363636,0.0510175416261403,3.5571999,0.013867616645,0.2917588406818182,0.0166884493363157,0.1970137565464286,0.2043946222509091,3.3270909310272727,0.25300207134,0.0058944454546894,0.022126269338,0.0395159195998305,100.0,100.0,100.0,100.0,100.0,100.0,100.0,99.644128113879,100.0,100.0,100.0,100.0,100.0,100.0,100.0,100.0,100.0,100.0,100.0,0.0,100.0,100.0,100.0,0.0,0.0,100.0,100.0,100.0,100.0,54.54545454545455,100.0,100.0,100.0,100.0,temporal2,1
0.0151860425520967,0.0204077498917951,0.2608616352,4.331270853678385e-05,3.564999935,0.0085527506732727,3.007881755,0.0954381374244739,0.0093884348855125,0.0059927462784862,0.0181880623060875,0.0899644891308333,0.061573085180875,0.0059923529618214,0.0470250129634999,0.012674660924489,0.017530912372506,0.0917722791303749,0.0686417926325974,3.011113601666666,0.345995151023077,0.3325833479166666,0.05757497845775,4.126285751428571,0.015599489205,0.234391172695,0.0165160973821333,0.1643091954572727,0.1396021842691666,3.2878333309333336,0.06625008583,0.0042025794576217,0.0218570113155,0.0455501224,100.0,100.0,100.0,100.0,0.0,100.0,0.0,100.0,100.0,100.0,100.0,100.0,100.0,100.0,100.0,100.0,100.0,100.0,100.0,0.0,100.0,100.0,100.0,0.0,0.0,100.0,100.0,100.0,100.0,33.33333333333333,100.0,100.0,100.0,100.0,temporal2,2
0.0149217967058997,0.0203165370815427,2.96507716,4.287866445688101e-05,3.640999946666666,0.0073306249522173,3.0024356,0.1048926607917429,0.0103803660756301,0.0130557846185786,0.0179285088586027,0.1163749217709999,0.0633809043841096,0.0050423122579142,0.0512876673828767,0.0144206176749589,0.0518419219139863,0.0904727112619178,0.0779424357895945,2.861806836470588,0.383750259825,0.4393999575799999,0.0620548039138356,3.5610001,0.02414989471,0.3348577022,0.0181468028481818,0.1624984387645679,0.2166662215519999,2.5741666929166667,0.2930474281,0.002067079543333,0.0227491497975,0.04307195663,100.0,100.0,100.0,100.0,0.0,100.0,0.0,100.0,100.0,100.0,100.0,100.0,100.0,100.0,100.0,100.0,100.0,100.0,100.0,0.0,100.0,100.0,100.0,0.0,0.0,100.0,100.0,100.0,100.0,50.0,100.0,100.0,100.0,100.0,temporal2,2
0.0162415322579661,0.0201770699505537,0.2608616352,4.331077017435213e-05,3.58300006,0.0082829986591981,3.021859995,0.194143636223519,0.010757130544,0.0720621039896987,0.0182936417050945,0.091513657558,0.0700334600395945,0.0067904760236037,0.0534459416839189,0.0115302753712459,0.2448973717331549,0.0926568282506756,0.0735725917180263,3.020139371666667,0.4057098301454545,0.3755000113899999,0.0639864947237837,3.81299996,0.017743190125,0.28108048434,0.0177169264935135,0.1746479417795122,0.1818515061899999,3.834090880090909,0.3011932373,0.0041040380787107,0.0245175702189285,0.0397783756196666,100.0,100.0,100.0,100.0,0.0,100.0,0.0,99.50738916256158,100.0,100.0,100.0,100.0,100.0,100.0,100.0,100.0,100.0,100.0,100.0,0.0,100.0,100.0,100.0,0.0,0.0,100.0,100.0,100.0,100.0,18.181818181818187,100.0,100.0,100.0,100.0,temporal2,2
0.0165515683003763,0.0215560847152865,0.2608616352,4.458427429199219e-05,3.6009999500000003,0.0081986916128867,3.01340353,0.1361228181384122,0.0108568609482222,0.0312264015158079,0.0188413696485061,0.088737058633,0.0638487986455555,0.0060115050415309,0.0493086296761728,0.0115382134416823,0.1152065226238852,0.0928482655981481,0.0718091505433333,3.018741125,0.36014478202,0.35749998087,0.0597654330765432,3.7120000675,0.011257052415,0.2673057555549999,0.0198335245389156,0.1679543939498876,0.174731278375,2.89890003014,0.28775990005,0.0037759498306523,0.0214293135511111,0.0424706603165116,100.0,100.0,100.0,100.0,0.0,100.0,0.0,99.52830188679243,100.0,100.0,100.0,100.0,100.0,100.0,100.0,100.0,100.0,100.0,100.0,0.0,100.0,100.0,100.0,0.0,0.0,100.0,100.0,100.0,100.0,40.0,100.0,100.0,100.0,100.0,temporal2,2
0.0147322507975213,0.0190522503399833,2.97942566,4.37773191011869e-05,3.691999986666667,0.0086267209433852,3.008726193333333,0.09460664507397,0.0101081244138533,0.0061738719721171,0.0171527957879866,0.086595678318,0.0697176964977333,0.0064335225886261,0.0554266865956,0.0144642316079791,0.0120506489500425,0.0898552830889333,0.0735120741409333,3.00266154,0.3618820666699999,0.35519995684,0.0657733185952,3.5437499875,0.01238703727,0.264951777404,0.0171499824474666,0.1736843614272289,0.17429389949,2.990727225990909,0.2743339538,0.0023611038916252,0.0199081420874999,0.0391244590225,100.0,100.0,100.0,100.0,0.0,100.0,0.0,100.0,100.0,100.0,100.0,100.0,100.0,100.0,100.0,100.0,100.0,100.0,100.0,0.0,100.0,100.0,100.0,0.0,0.0,100.0,100.0,100.0,100.0,36.36363636363637,100.0,100.0,100.0,100.0,temporal2,2
0.0152987386551635,0.0218516677141107,1.89024304936,3.780126571655274e-05,1.99720005628,0.009082986461129,2.01029490922,0.0993165203151899,0.0101433941643297,0.0064518128657282,0.0178114911305106,0.0665121237386666,0.0649232610640425,0.0056587350891641,0.0471063928330851,0.0145633068225066,0.0218906250366808,0.1123684035757446,0.0631090224954255,3.02681622,0.3241695721466667,0.31939997668,0.0582553224235106,3.571800036,0.011257052415,0.2316722233599999,0.0166203138634042,0.1839795387340384,0.1569966633786666,2.5377333610399995,0.25615873332,0.0061343765248176,0.0238052964185,0.04094198345675,100.0,100.0,100.0,100.0,100.0,100.0,100.0,100.0,100.0,100.0,100.0,100.0,100.0,100.0,100.0,100.0,100.0,100.0,100.0,0.0,100.0,100.0,100.0,0.0,0.0,100.0,100.0,100.0,100.0,66.66666666666666,100.0,100.0,100.0,100.0,temporal2,3
0.0155099679632846,0.0212840942204934,1.0436931221,3.908872604370117e-05,2.993857172028572,0.0094156231170142,1.918057755,0.2071143592493416,0.0092665115977888,0.0058419852003109,0.0188821236248222,0.0760988394361111,0.0671501901327777,0.0054743675077153,0.0523444572997777,0.0218959063237963,0.0215662570446404,0.1247508949502222,0.0729028410264444,3.015066858,0.2953354384611111,0.2912777661833333,0.0625111182437777,3.55479998,0.01583409309,0.198914951695,0.0179496871054444,0.6524622703867,0.1167024108888888,2.480578933378947,0.305075108925,0.0048375597176445,0.0235773866804545,0.0412867296264285,100.0,100.0,100.0,100.0,57.142857142857146,100.0,66.66666666666666,99.56803455723542,100.0,100.0,100.0,100.0,100.0,100.0,100.0,100.0,100.0,100.0,100.0,0.0,100.0,100.0,100.0,0.0,0.0,100.0,100.0,100.0,100.0,63.1578947368421,100.0,100.0,100.0,100.0,temporal2,3
0.0169002808691807,0.0219219622688341,0.2999367713499999,3.934502601623535e-05,0.39849996565,0.0083790847228571,0.41109573835,0.3128378245286517,0.0085424066885494,0.006285860485274,0.0204324093447252,0.0742347056961538,0.0665654349996703,0.0046426594704503,0.0547582579061538,0.0275717456442109,0.0129360581757323,0.1107015583356044,0.0712347292531098,3.0037459075,0.3063951638461538,0.3033845974538461,0.0655934024503296,3.6479999375,0.01432299613,0.2173450726376923,0.0170806711805494,1.0863279734700988,0.1309648843723076,1.78771422385,0.2605875333,0.0053761339180499,0.022665548322,0.0401627042029545,100.0,100.0,100.0,100.0,100.0,100.0,100.0,99.57173447537473,100.0,100.0,100.0,100.0,100.0,100.0,100.0,100.0,100.0,100.0,100.0,0.0,100.0,100.0,100.0,0.0,0.0,100.0,100.0,100.0,100.0,71.42857142857143,100.0,100.0,100.0,100.0,temporal2,3
0.0162021994014155,0.021526483924939,1.88586539786,3.870725631713867e-05,1.99359998162,0.0078968612035288,1.99891962418,0.2111697826961393,0.0090503444260625,0.006804659010227,0.0180769413667083,0.085359549519,0.0640185971962499,0.0048256306080441,0.04574999709375,0.0165532756055695,0.0124352939068805,0.1171007056868749,0.0629372174441666,3.0064342,0.36959121224,0.37130002972,0.0563020706094791,3.570999975,0.0184409618299999,0.26734187599,0.0158058926419791,0.632606823393585,0.175319099389,2.4568000034,0.25625667568,0.0046786022174769,0.0238645582421212,0.0404327915516129,100.0,100.0,100.0,100.0,100.0,100.0,100.0,100.0,100.0,100.0,100.0,100.0,100.0,100.0,100.0,100.0,100.0,100.0,100.0,0.0,100.0,100.0,100.0,0.0,0.0,100.0,100.0,100.0,100.0,80.0,100.0,100.0,100.0,100.0,temporal2,3
0.0161440811632775,0.0225410443197236,2.30258822,3.814697265625e-05,2.3935000225,0.0088885663955772,2.4026494575,0.1218065669682799,0.0086995402524835,0.0072024211921234,0.0191678817412747,0.0681042671149999,0.0689198184696703,0.0051927730320687,0.0516373508493406,0.0171346370547763,0.0122210278202352,0.1296732425525274,0.0715310128057142,3.0079266375,0.381771326,0.37850000853,0.0624175962413186,3.5597500175,0.0188053250275,0.291096925671,0.017101691314945,0.2078792811962377,0.215975594466,3.14849996113,0.2447712420749999,0.0042782735813053,0.0240202971810204,0.0483096667653571,100.0,100.0,100.0,100.0,100.0,100.0,100.0,100.0,100.0,100.0,100.0,100.0,100.0,100.0,100.0,100.0,100.0,100.0,100.0,0.0,100.0,100.0,100.0,0.0,0.0,100.0,100.0,100.0,100.0,60.0,100.0,100.0,100.0,100.0,temporal2,3
0.0157011462205694,0.0217188500970889,1.5256794433,4.16100025177002e-05,1.62440004124,0.007966479207863,1.63311013892,0.1058774559431083,0.009702857006103,0.0058968342922233,0.0187072409748144,0.0588659558929285,0.0673598898959793,0.0051987780262408,0.0539381282750515,0.0135625575318278,0.0159447223682948,0.1533827068575257,0.0749508142346,3.00569335,0.3330385514214286,0.3298571109357143,0.0651546409309278,3.55749996,0.01417613029,0.2374741860192857,0.0186371409972164,0.226801475552243,0.1716348443421428,2.8137857360142857,0.24709043498,0.0025637617289553,0.0197625893792307,0.0455180236197142,100.0,100.0,100.0,100.0,100.0,100.0,100.0,100.0,100.0,100.0,100.0,100.0,100.0,100.0,100.0,100.0,100.0,100.0,100.0,0.0,100.0,100.0,100.0,0.0,0.0,100.0,100.0,100.0,100.0,57.142857142857146,100.0,100.0,100.0,100.0,temporal2,4
0.0158316309719854,0.0199548024362347,0.9767099190666668,4.240274429321289e-05,1.081999937133333,0.0081295251832333,1.0860040957333332,0.1020404190194103,0.0077825690912471,0.0059246314502157,0.0175577040426067,0.0613516569095714,0.0633958484256179,0.0048720596365271,0.0464157254435955,0.0162656056657691,0.017181896391258,0.1370582017729213,0.0731430589358426,3.004019453333333,0.2983152865714285,0.2919285296857142,0.0566853887469663,4.126285748571428,0.01364501317,0.1962213856371429,0.0164059532967777,0.2120074080482999,0.1284384897492857,2.537571361435714,0.2637686729,0.0025517847011491,0.02018346388875,0.0379566406337931,100.0,100.0,100.0,100.0,100.0,100.0,100.0,99.78401727861772,100.0,100.0,100.0,100.0,100.0,100.0,100.0,100.0,100.0,100.0,100.0,0.0,100.0,100.0,100.0,0.0,0.0,100.0,100.0,99.0,100.0,57.142857142857146,100.0,100.0,100.0,100.0,temporal2,4
0.0157581151768297,0.0206791771012006,0.2608616352,4.374384880065918e-05,2.44099998,0.0092158487808571,0.4397904872,0.115486497516,0.0091506851463936,0.006148735681204,0.0160916840734787,0.0575027806304285,0.0678336087585106,0.0044410919789202,0.0492553000673404,0.0124258375038463,0.0141996435191621,0.1535303440210638,0.0715045273799999,2.861806836470588,0.2643344227414634,0.2590454599568181,0.0595106520459574,3.5610001,0.01609408855,0.1681612187847727,0.0169583825191262,0.2893921971989565,0.0947151309405263,1.699749984125,0.06625008583,0.0042623722984928,0.0221435716029032,0.0399727565857142,100.0,100.0,100.0,100.0,100.0,100.0,100.0,98.07692307692308,100.0,100.0,100.0,100.0,100.0,100.0,100.0,100.0,100.0,100.0,100.0,0.0,100.0,100.0,100.0,0.0,0.0,100.0,100.0,91.30434782608695,100.0,50.0,100.0,100.0,100.0,100.0,temporal2,4
0.0157459985559952,0.0197949640756457,0.2608616352,4.317164421081543e-05,5.5669999,0.0084364065296951,3.00347852,0.1139330115102224,0.0101377122527294,0.006187720364902,0.0192337877561411,0.13195641834,0.0653937704314117,0.0049448604574399,0.0538941271051764,0.0135836988116253,0.0194586102735384,0.1455461725895294,0.075636048195,2.861806836470588,1.0935565622333334,1.7903333486666668,0.0643999828891764,3.5610001,0.011257052415,0.5992848854666667,0.0178108139198936,0.274162551304466,0.4073435465133333,3.9753333690666666,0.06625008583,0.0024806976307812,0.0219547525021874,0.0392229709174468,100.0,100.0,100.0,100.0,0.0,100.0,0.0,98.30508474576273,100.0,100.0,100.0,100.0,100.0,100.0,100.0,100.0,100.0,100.0,100.0,0.0,100.0,100.0,100.0,0.0,0.0,100.0,100.0,92.23300970873788,100.0,66.66666666666666,100.0,100.0,100.0,100.0,temporal2,4
0.0158359579958022,0.0213663628722797,1.767519945,4.28617000579834e-05,2.79633331,0.0098429574395336,2.601981156666666,0.1084518621272435,0.0087416714945643,0.0066246602907058,0.0184999102372475,0.0959384874718182,0.0696459878653465,0.0057698784130992,0.0519901006447524,0.0135474295798302,0.0156623272382696,0.1417170868939604,0.0719283075490099,3.0048696375,0.3224880911636363,0.3239091309090909,0.0621683172554455,4.748799932,0.0174601078,0.2211894121645454,0.0166107876421782,0.219249559918018,0.1218241778072727,3.113727286390909,0.3383334875,0.00332124233134,0.02375698619,0.0395181106748484,100.0,100.0,100.0,100.0,66.66666666666666,100.0,66.66666666666666,100.0,100.0,100.0,100.0,100.0,100.0,100.0,100.0,100.0,100.0,100.0,100.0,0.0,100.0,100.0,100.0,0.0,0.0,100.0,100.0,100.0,100.0,54.54545454545455,100.0,100.0,100.0,100.0,temporal2,4
0.015801556349304,0.0211820012613342,1.88527383548,4.093647003173828e-05,2.00579995552,0.0077197085242663,2.02250003418,0.1006949276236737,0.0102596982305133,0.005591073550959,0.0173803043324999,0.0632745311319047,0.0652533117811333,0.004667873693813,0.05380666891,0.0150184686599404,0.012814450969198,0.1282504828525333,0.0770457283534,3.006950636,0.3145763419476191,0.3068094934142857,0.0643533325076,3.9249090154545456,0.017955541605,0.2221258708014286,0.015598707195,0.1998691673336144,0.1543540954257143,2.923523819309524,0.2621842384,0.003630859509682,0.0219475572727272,0.0373449012827868,100.0,100.0,100.0,100.0,100.0,100.0,100.0,100.0,100.0,100.0,100.0,100.0,100.0,100.0,100.0,100.0,100.0,100.0,100.0,0.0,100.0,100.0,100.0,0.0,0.0,100.0,100.0,100.0,100.0,52.38095238095238,100.0,100.0,100.0,100.0,temporal2,5
0.0170825256702806,0.0215909714511853,1.3118626258,4.8279762268066406e-05,1.4174999358833331,0.0076580222580825,1.4283645513333332,0.1044959146103589,0.0075980935764675,0.0057630028315677,0.0177809913393246,0.0672410796558823,0.0650804971624675,0.0037578694311972,0.0491493537742857,0.0153660588851928,0.0135565753094077,0.1458174996288961,0.0702838285828947,3.0188866560000003,0.3376670865058824,0.332647071117647,0.0593506469264934,3.562200018,0.01609859466,0.2413288705064706,0.0162176485841721,0.2140880247772353,0.1701157793858823,2.232058816694117,0.24310223255,0.0055320518345264,0.0230322389860606,0.03662426966,100.0,98.45360824742268,100.0,100.0,100.0,100.0,100.0,99.58734525447042,100.0,100.0,100.0,100.0,100.0,100.0,100.0,100.0,100.0,100.0,100.0,0.0,100.0,100.0,100.0,0.0,0.0,100.0,100.0,100.0,100.0,70.58823529411765,100.0,100.0,100.0,98.1132075471698,temporal2,5
0.0159841002053981,0.0224416139354787,1.3021239004250005,4.119873046875e-05,3.1711818057181818,0.0083269214616959,2.38372635528,0.0973929553784276,0.0094325481303205,0.0058767153045137,0.0174855345294358,0.0810664829368421,0.0646914611345212,0.0058458894482904,0.0540266036884042,0.013740345973358,0.0141419001954586,0.1319464280009574,0.074346847621164,3.013289883333333,0.4527190231052631,0.773749971285,0.0643244702644681,3.567333295,0.011257052415,0.2912459121521052,0.0167114792053614,0.2029819225739713,0.1979360329115789,3.596368419889474,0.26530700915,0.0049353914863586,0.024605099356,0.0370423354548684,100.0,91.55555555555556,100.0,100.0,36.36363636363637,100.0,40.0,97.58883248730965,100.0,100.0,100.0,100.0,100.0,100.0,100.0,100.0,100.0,100.0,100.0,0.0,100.0,100.0,100.0,0.0,0.0,100.0,100.0,100.0,100.0,36.8421052631579,100.0,100.0,100.0,92.10526315789474,temporal2,5
0.015428244175199,0.0211817485350904,1.5197968719444443,4.169344902038574e-05,1.6801111136,0.007461959573126,1.6930075989555555,0.1091793533603113,0.0086381673797272,0.005150025481295,0.0170002850578272,0.0701621345053571,0.0665857451179803,0.0062274874701846,0.0508226678786699,0.0136329758868109,0.0129434309468947,0.1218781788155665,0.0736510139748514,3.0120019,0.3394505888851852,0.3381071430785714,0.0612315215395073,3.5558181418181816,0.0127339363,0.2483190212489285,0.0162173186834806,0.1978116077649553,0.1540268744339285,2.625642823685714,0.2579179604333333,0.0041456487427605,0.0200565655995238,0.0375557994796,100.0,90.57377049180327,100.0,100.0,100.0,100.0,100.0,99.29245283018868,100.0,100.0,100.0,100.0,100.0,100.0,100.0,100.0,100.0,100.0,100.0,0.0,100.0,100.0,100.0,0.0,0.0,100.0,100.0,100.0,100.0,60.71428571428572,100.0,100.0,100.0,96.0,temporal2,5
0.0155644573406204,0.0217604527377475,1.90384149136,4.20689582824707e-05,2.00980000276,0.0074361322205131,2.02234554102,0.0979452225721126,0.0090815221991968,0.0051928912157105,0.0161147713624893,0.068302893634,0.0661000382372588,0.0059218389696583,0.0508832411003045,0.0123430960562552,0.0128026958212203,0.1278707896160406,0.0716680090489949,3.004542823333333,0.3510112988904761,0.3401500105349999,0.0609132720386734,3.556571444285713,0.012854576105,0.251794755393,0.0152574543931155,0.1994259882042201,0.179534828622,2.333095230861905,0.2552926539999999,0.0048495042501707,0.0202967795431818,0.0361924604890909,100.0,100.0,100.0,100.0,100.0,100.0,100.0,99.7709049255441,100.0,100.0,100.0,100.0,100.0,100.0,100.0,100.0,100.0,100.0,100.0,0.0,100.0,100.0,100.0,0.0,0.0,100.0,100.0,100.0,100.0,66.66666666666666,100.0,100.0,100.0,100.0,temporal2,5
0.0159558017158513,0.020217608518943,0.2608616352,4.342198371887207e-05,2.44099998,0.0101628140922727,0.4397904872,0.099208062184193,0.0109929968309852,0.0070526298839447,0.0173092659745294,0.134367465958,0.0651440339822058,0.006438717244927,0.0501764697086764,0.0122118414003231,0.0114915678547096,0.1225166355608823,0.0731211725292647,3.003520965,0.45305166242,0.45500001906,0.0611176525720588,3.542500135,0.0161080360333333,0.34094924924,0.0164778863641176,0.1966843254966666,0.19996833796,2.2201999169999995,0.06625008583,0.0025835138675584,0.0233309622137037,0.0403666929718181,100.0,100.0,100.0,100.0,100.0,100.0,100.0,100.0,100.0,100.0,100.0,100.0,100.0,100.0,100.0,100.0,100.0,100.0,100.0,0.0,100.0,100.0,100.0,0.0,0.0,100.0,100.0,100.0,100.0,60.0,100.0,100.0,100.0,100.0,temporal2,6
0.0155436917254597,0.0193142870170024,0.2608616352,4.2957067489624026e-05,6.011000046666666,0.007683753965,3.00329625,0.097272007294711,0.01174868265644,0.0061855682079901,0.0185527547164133,0.08446291088125,0.0664362557630666,0.0046342555599719,0.0494800090736,0.0124073153654092,0.0124922380179756,0.1258171780706666,0.0718706893807999,3.005268806666667,0.3781577944375,0.3731250166375,0.0599866199365333,3.5703333166666664,0.01974606513,0.2730357646375,0.017338577902,0.1980487840359036,0.18066138024625,3.6153749791875,0.06625008583,0.0043619573104855,0.0218997266527777,0.03924546638625,100.0,100.0,100.0,100.0,0.0,100.0,0.0,100.0,100.0,100.0,100.0,100.0,100.0,100.0,100.0,100.0,100.0,100.0,100.0,0.0,100.0,100.0,100.0,0.0,0.0,100.0,100.0,100.0,100.0,37.5,100.0,100.0,100.0,100.0,temporal2,6
0.0162492845272435,0.0180426960870562,0.2608616352,4.278421401977539e-05,2.44099998,0.0086916287734166,0.4397904872,0.0980995840470884,0.0119136174502592,0.0064832029896342,0.0191730128342407,0.1140694618066666,0.0670898180623077,0.0062397551784301,0.09912307801,0.0184311803842754,0.0132231800614444,0.1100388432933934,0.1185409582024615,3.00225782,0.3980437119,0.4026667276666666,0.1097999865027692,3.550999995,0.015460920328,0.2715857823333333,0.0172362180815384,0.2118422686341666,0.15561946228,3.163333333466667,0.06625008583,0.0021549661947099,0.0243515542557142,0.0412470154095652,100.0,100.0,100.0,100.0,100.0,100.0,100.0,96.96132596685082,100.0,100.0,100.0,100.0,98.46153846153848,100.0,83.07692307692308,100.0,100.0,88.52459016393442,83.07692307692308,0.0,100.0,100.0,83.07692307692308,0.0,0.0,100.0,100.0,84.72222222222223,100.0,33.33333333333333,100.0,100.0,100.0,100.0,temporal2,6
0.0206241186644817,0.0194833930714654,0.2608616352,4.3004751205444336e-05,4.508999952,0.0080746991284,3.0035728175,0.0998222370734275,0.0095237016663,0.0060897506595581,0.0213457067750666,0.098799037913,0.0719716450821917,0.0058414236112752,0.069181829288961,0.0153995417254068,0.0132795862218918,0.1052456446818142,0.0941350552740259,3.002763583333333,0.3753532647599999,0.37449998851,0.0798441589448051,5.145400017999999,0.022265076635,0.263695168454,0.0173718681538961,0.1815379591131765,0.1595470666429999,3.88270005915,0.06625008583,0.0044342489796304,0.0216561116647368,0.0417651534034375,100.0,100.0,100.0,100.0,0.0,100.0,0.0,95.82309582309584,100.0,100.0,100.0,100.0,100.0,100.0,77.92207792207792,100.0,100.0,85.71428571428571,77.92207792207792,0.0,100.0,100.0,77.92207792207792,0.0,0.0,100.0,100.0,80.0,100.0,30.0,100.0,100.0,100.0,100.0,temporal2,6
0.0159262578724832,0.0182845452230176,0.2608616352,4.2492151260375975e-05,4.621500005,0.0078605789863947,3.00352883,0.1048058073388013,0.0096447701537843,0.0068528032015192,0.0208193601293137,0.0724693877264285,0.0740889906771428,0.005583000182,0.0996451645474193,0.0185255847154632,0.0137339868819677,0.1151259508749454,0.1117495544150793,3.004527422,0.3014419419,0.3004285948142857,0.1102741840874193,3.5633998840000003,0.01502378781,0.2106081587578571,0.0178159552191935,0.2127410948175362,0.1269130536307142,2.8224285817428565,0.06625008583,0.0038752708020783,0.0234493326233333,0.0427437146436666,100.0,100.0,100.0,100.0,0.0,100.0,0.0,96.28571428571428,100.0,100.0,100.0,100.0,100.0,100.0,82.25806451612902,100.0,100.0,92.72727272727272,82.53968253968254,0.0,100.0,100.0,82.25806451612902,0.0,0.0,100.0,100.0,84.05797101449275,100.0,42.85714285714285,100.0,100.0,100.0,100.0,temporal2,6
0.0166426920539605,0.0219858006393271,1.4726520352666668,4.249811172485352e-05,2.577571492,0.0084577816624676,1.832387206783333,0.1047331355125275,0.0082149158237284,0.0060965609073714,0.0218296840445562,0.0854746368072222,0.0650726311935761,0.0054515805346325,0.0579536561052317,0.0130111202522673,0.0131823321150833,0.1340020839490728,0.0802150830365562,3.0039002577777776,0.3400046559999999,0.3399999803555555,0.0686556313880132,3.5890000070000005,0.0175204277,0.2383222579388889,0.0153018474536,0.2050866694834131,0.1488146119372222,3.279555567938889,0.2776642526285715,0.0037154371070966,0.0226390659771875,0.0381673051552631,100.0,100.0,100.0,100.0,100.0,100.0,100.0,100.0,100.0,100.0,100.0,100.0,100.0,100.0,100.0,100.0,100.0,100.0,100.0,0.0,100.0,100.0,100.0,0.0,0.0,100.0,100.0,100.0,100.0,50.0,100.0,100.0,100.0,100.0,temporal2,7
0.0164859239417441,0.0222741497852256,1.6323409436333334,4.346966743469238e-05,1.7479999817000005,0.0092387354879673,1.7577679113166669,0.103650198350939,0.0089063173633566,0.0058303757120683,0.0224809418771656,0.0794737058464706,0.0649694712944586,0.0062716336833179,0.0578853582764331,0.0151993906242108,0.0162577319113999,0.1253819966238853,0.0782976044089172,3.01203751,0.3361816125294117,0.3373529069117646,0.0684331085910828,3.59574997,0.0114613771349999,0.2438483938852941,0.015744295296962,0.2012035458169767,0.1552725539199999,2.1939999606176475,0.2337055205833333,0.00407284498094,0.0222846031155,0.0370372345522807,100.0,100.0,100.0,100.0,100.0,100.0,100.0,100.0,100.0,100.0,100.0,100.0,100.0,100.0,100.0,100.0,100.0,100.0,100.0,0.0,100.0,100.0,100.0,0.0,0.0,100.0,100.0,100.0,100.0,76.47058823529412,100.0,100.0,100.0,100.0,temporal2,7
0.0168024824951282,0.023800777985342,1.7907006705,4.360675811767578e-05,2.047500008333333,0.0084218578164789,1.89555614835,0.2588471396588888,0.0095467281997887,0.0060284430198905,0.0181063682216197,0.076463937754,0.0659555801118309,0.0061530048395631,0.8895774591366902,0.0141584739332074,0.0142069290816923,0.1261907765338028,0.9077625101723572,3.007799455,0.335982310725,0.33259997364,0.9000915424317606,3.6356666673333335,0.01492881774,0.230576980075,0.0171784565555395,0.8600932980529746,0.1490206718185,2.734416640541666,0.2272985378466666,0.0042377667756017,0.0236425201070833,0.0398332595776363,100.0,100.0,100.0,100.0,100.0,100.0,100.0,100.0,100.0,100.0,100.0,100.0,100.0,100.0,100.0,100.0,100.0,100.0,100.0,0.0,100.0,100.0,100.0,0.0,0.0,100.0,100.0,100.0,100.0,58.333333333333336,100.0,100.0,100.0,100.0,temporal2,7
0.0154981554532565,0.0232742682377793,2.275923964,4.2837858200073245e-05,2.4087143257142856,0.0088343024237091,2.397560736,0.2917231126249814,0.0088135579801768,0.0064195693544738,0.0203060844272108,0.0797247290491666,0.0645565743236734,0.0048474474531611,1.0768911601360545,0.011539908123771,0.0168931273817549,0.1306180872615646,1.0995960720134228,3.0165245740000004,0.3162811777454545,0.3161666591416667,1.0873265293877552,3.570727279090909,0.0170770372614285,0.2129583755625,0.0163354358112837,1.00471916135546,0.1258517702133333,2.8013333155791664,0.2515799044999999,0.0036358373198987,0.0221450593688888,0.0409749681250909,100.0,100.0,100.0,100.0,100.0,100.0,100.0,99.85754985754986,100.0,100.0,100.0,100.0,100.0,100.0,100.0,100.0,100.0,100.0,100.0,0.0,100.0,100.0,100.0,0.0,0.0,100.0,100.0,100.0,100.0,58.333333333333336,100.0,100.0,100.0,100.0,temporal2,7
0.0152962895510416,0.0236657121753425,1.2995636172999998,4.3463706970214846e-05,2.318083340891666,0.0105860515053727,1.5411313615555555,0.2406101580922062,0.0089285593491063,0.0066153715238638,0.0218455791422695,0.0777964856816666,0.0604638664343262,0.0052822395335273,0.7919716297144681,0.0183714562775298,0.0143391067300909,0.1516739087452482,0.8202941334604827,3.016419286666667,0.330489289715,0.3324444690888889,0.8027234076923403,3.566142861428572,0.0146017074566666,0.2348891363727777,0.0176987097767832,0.7820170325058333,0.1503092447622222,2.4082592557777778,0.2541965378111111,0.0033084509649932,0.0247973857345161,0.0410768040243103,100.0,100.0,100.0,100.0,100.0,100.0,100.0,100.0,100.0,100.0,100.0,100.0,100.0,100.0,100.0,100.0,100.0,100.0,100.0,0.0,100.0,100.0,100.0,0.0,0.0,100.0,100.0,100.0,100.0,77.77777777777777,100.0,100.0,100.0,100.0,temporal2,7
0.0152250289890769,0.0190812797518181,0.2608616352,4.472732543945312e-05,3.5615000266666663,0.0074912201263636,3.016663116,0.1095846563883786,0.0445363913165176,0.0062593379035771,0.0187489200998941,0.0671810626909999,0.0681653555569411,0.0055396458323223,0.0616941171441176,0.0155830635239247,0.0114013379593548,0.12742630732,0.0857729967727058,3.004544333333333,0.36229557986,0.36159999367,0.0719176348370588,3.557666693333333,0.02488279342,0.24739699359,0.0156631666029411,0.2030524471580851,0.177033185914,3.5855000223100006,0.06625008583,0.0048575012043456,0.0223652882986363,0.0387275082671428,100.0,100.0,100.0,100.0,0.0,100.0,0.0,99.77324263038548,100.0,100.0,100.0,100.0,100.0,100.0,100.0,100.0,100.0,100.0,100.0,0.0,100.0,100.0,100.0,0.0,0.0,100.0,100.0,100.0,100.0,20.0,100.0,100.0,100.0,100.0,temporal2,8
0.0159359610053,0.0189639720886788,1.2802031009333332,4.3565034866333006e-05,1.6170000979666668,0.0087889712524567,1.6239704239666668,0.1362189378895099,0.0093513781359659,0.02823261051885,0.0195740461298409,0.1029044091587499,0.0667100792470454,0.0051619280119062,0.0528636520460227,0.0351865178468105,0.0122130823106,0.1214358752224999,0.0786634024324706,3.00607675,0.4338446259125,0.4287500381,0.0644658993475,3.5587499675,0.018378973,0.3278326689624999,0.0152898535968235,0.194016546580204,0.21295225616875,3.20562499415,0.3056060472666667,0.003987741469175,0.0240989242253571,0.0517019383973529,100.0,100.0,100.0,100.0,100.0,100.0,100.0,99.77827050997784,100.0,100.0,100.0,100.0,100.0,100.0,100.0,100.0,100.0,100.0,100.0,0.0,100.0,100.0,100.0,0.0,0.0,100.0,100.0,100.0,100.0,50.0,100.0,100.0,100.0,100.0,temporal2,8
0.0190767441523474,0.6672538186439686,0.3602764606,4.3565034866333006e-05,0.4919998645,0.0478004891766746,0.485820055,0.6835148391386405,0.0087108738866914,0.3932074527332372,0.0183918628244893,0.10150137542,0.0634029849962766,0.0054271826369,0.0548404277545744,0.3778783285827858,0.3905876979912208,0.1249936463738297,0.0753832158219587,3.0037237733333337,0.4027556776625,0.393624961325,0.0655319183314893,4.516499867499999,0.011257052415,0.2908501624725,0.0159909110665979,0.1959846574899029,0.1809805929175,2.482125043575,0.2245335578,0.2442275353440735,0.0246069815796774,0.668636586205641,100.0,100.0,100.0,100.0,100.0,100.0,100.0,100.0,100.0,100.0,100.0,100.0,100.0,100.0,100.0,100.0,100.0,100.0,100.0,0.0,100.0,100.0,100.0,0.0,0.0,100.0,100.0,100.0,100.0,62.5,100.0,100.0,100.0,100.0,temporal2,8
0.0156067093594072,0.4543258857246897,1.675746195,5.1635503768920896e-05,3.895999902,0.3483837337715729,2.6012160725,0.4626326327869634,0.0085859468990833,0.2941612314036025,0.0207785453078571,0.0694592680199999,0.0681726251211904,0.0046880475928064,0.0570952352904761,0.2858023953337622,0.5180311394689506,0.0973609600580952,0.0809614204073809,3.007159601428571,0.3459695485461538,0.3498571769928572,0.0674047555120238,3.67485717,0.0176013310733333,0.2554683173928571,0.0160908698992771,0.1770949464802128,0.1797354902142857,3.7555384604461537,0.287879109325,0.0271102306394929,0.0226486225891666,0.1189404456654838,100.0,100.0,100.0,100.0,40.0,100.0,50.0,100.0,100.0,100.0,100.0,100.0,100.0,100.0,100.0,100.0,100.0,100.0,100.0,0.0,100.0,100.0,100.0,0.0,0.0,100.0,100.0,100.0,100.0,30.769230769230774,100.0,100.0,100.0,100.0,temporal2,8
0.0158809722904433,0.5051809427311693,1.35851979005,4.261136054992676e-05,1.5075001694,0.0084333150604838,1.5079168076,0.341938687959547,0.0102053934865227,0.2070026465242052,0.0182025351264431,0.0771947990627272,0.0636863193620454,0.0075572056139596,0.0551818148547727,0.2043569743359922,0.1552604810977342,0.1111033016812499,0.0800317786056321,3.003845606666667,0.3553047974416667,0.3480909087,0.0655681734604545,3.5623333366666667,0.012646436685,0.2589795805709091,0.0169639424805681,0.1871647564003092,0.1715601140390909,1.8156666346,0.2447929382,0.1474970759842657,0.0212229645726086,0.4266769308765517,100.0,100.0,100.0,100.0,100.0,100.0,100.0,100.0,100.0,100.0,100.0,100.0,100.0,100.0,100.0,100.0,100.0,100.0,100.0,0.0,100.0,100.0,100.0,0.0,0.0,100.0,100.0,100.0,100.0,75.0,100.0,100.0,100.0,100.0,temporal2,8
