ORCH_1_Dstop,ORCH_1_Drestart,ORCH_1_Fstop,ORCH_1_Frestart,PSCS__TAU,HUM_1_VEL,HUM_2_VEL,ROB_1_VEL,ROB_1_CHG,PRSCS_LOWER_BOUND,PRSCS_UPPER_BOUND,DUMMY
6.86900131361842,2.67120161373822,0.731399177794845,0.116785921423154,376.0,39.2277146333914,87.0344579039429,31.8549880094666,11.5003049352049,0.901855,1.0,1.0
7.35185131048836,3.29067025157513,0.55380284492722,0.169180493118767,326.0,59.7480918607381,85.4152589918,57.8880667000558,11.1778361210249,0.901855,1.0,1.0
5.88259478803575,3.22982866980215,0.534793185397112,0.162922667872377,479.0,43.4354600156356,65.0917656555825,74.9030433337465,11.2138084284267,0.0337242,0.133311,1.0
6.00002275224842,2.9216227133917,0.694556880906811,0.13899409599056,483.0,91.729516015217,35.6157048221872,35.1832576922924,12.2011641503287,0.0,0.0981446,1.0
7.44186499247343,3.13633694186044,0.728686993845921,0.172212426168471,644.0,39.6690235433676,78.5535267394293,31.6244999338597,12.3896206312053,0.901855,1.0,1.0
7.33350390155295,3.91920229820937,0.634589850786229,0.18436026007441,613.0,86.874751512256,51.9934149456387,39.1088086023804,12.2521296094257,0.0,0.0981446,1.0
7.38115668395882,3.89220759567819,0.658504801357747,0.168326996070244,263.0,51.3942668047687,30.7832933411535,83.1672049732045,11.2248423282839,0.0,0.0981446,1.0
7.49424153804912,2.52980757022802,0.517184278009429,0.104960897616657,413.0,97.6106061507958,95.9997218225992,40.599502792208,11.9467433945868,0.0257282,0.125623,1.0
6.57918407939699,3.16545577149552,0.502351640588754,0.214076204025351,317.0,49.488813011071,34.3903733911998,67.7209981237563,11.7199718790277,0.0,0.0981446,1.0
5.0564803481159,4.39059220345317,0.545575704026951,0.236580146072913,588.0,35.0847311762938,84.6004382364738,89.2973621256163,12.0591119829234,0.901855,1.0,1.0
5.20287722511529,4.12188292231936,0.697891792642103,0.345379410767389,429.0,41.7052692500792,31.5559726183377,90.3345957098118,12.2798696541353,0.0519702,0.151639,1.0
6.39065681148932,3.82312533335468,0.524137173682878,0.357758576237757,698.0,36.3280752441199,32.6975940164918,32.8592148068629,11.8624784047392,0.901855,1.0,1.0
6.16112363867383,3.63148731853244,0.591472520199717,0.166926567418064,464.0,83.9954367686289,36.9435702735554,91.6871121976095,11.9995833812659,0.901855,1.0,1.0
7.09930522453246,3.13864055173408,0.539083565695773,0.136933866412481,313.0,64.1516195141508,34.4879659608926,88.9146045244956,11.6484208685167,0.320755,0.420677,1.0
5.78253038076106,3.66709841700779,0.542672944916351,0.116420928933203,572.0,53.5109509466072,60.4405158350685,83.4888893597311,12.0718603366008,0.421586,0.521483,1.0
6.3717081722281,2.64322682103772,0.51891722312447,0.268818847237373,548.0,87.9473237242065,92.5712350116488,58.201462698284,11.2694441425018,0.0257282,0.125623,1.0
5.89862447862543,2.71259886395128,0.797222102555209,0.173896697014521,255.0,31.3713026628283,69.2099480038449,97.8381787834587,11.2309604583555,0.87865,0.978536,1.0
5.54376124843205,2.17571047743533,0.721295487004346,0.354330505737431,453.0,99.7450074575811,40.1681135209766,84.317473879079,12.3670332539331,0.0,0.0981446,1.0
7.09721405628528,3.99763767308066,0.580446948953573,0.221965961179463,289.0,97.9914331796861,71.5821249411147,45.7078969800388,11.3333557133509,0.0,0.0981446,1.0
6.02451627563213,2.45977375362857,0.573793703865572,0.379059344160255,433.0,84.5655783127059,44.3288725918993,40.3962948723314,11.3113164527495,0.000468738,0.0989152,1.0
6.0698734681737,2.51090861458568,0.540930181883928,0.356134706620503,337.0,50.7427646989397,64.3890457163653,88.1572139905166,11.5595830675255,0.00358196,0.102241,1.0
6.14207719856703,3.29404352454325,0.624265716227849,0.396781232743837,584.0,44.7642090874247,40.3289714950343,42.7758679230053,11.4503590289451,0.0,0.0981446,1.0
6.35920353951548,2.27378036720357,0.701322155875758,0.318969081246221,453.0,89.4239571479456,32.879488306059,73.0690213358916,11.1635599211491,0.0,0.0981446,1.0
7.37603157339475,2.12669214693508,0.524423083787765,0.32112244140844,452.0,45.7741935166419,76.0909826379709,45.9853350467378,11.133687726665,0.0,0.0981446,1.0
5.67788313195556,2.36312342090181,0.722834282352107,0.231534802450593,460.0,67.0071605436455,47.2095267189343,73.5170253474745,12.3932938439127,0.901855,1.0,1.0
6.55754670207638,3.60501147182589,0.770953576435381,0.246258745697194,466.0,46.8508756823483,72.772439291106,76.456831310472,11.2675471724417,0.725308,0.825123,1.0
7.49500756601021,3.47884977048638,0.612392820062432,0.243893258955672,443.0,76.8968486857557,72.1869474731306,56.5730197969447,11.1957264561933,0.0,0.0981446,1.0
7.26083492631112,3.91131644313293,0.764414108630954,0.260037234938329,685.0,37.599894036319,70.0093074204632,92.4014230634672,11.9272466851697,0.901855,1.0,1.0
7.15881618492765,4.32300670029912,0.599111860828555,0.337368951036691,651.0,57.1374013194938,82.5132074292012,49.4705436464014,11.4371003866051,0.445099,0.545024,1.0
5.65811683664922,4.41286045348609,0.564720177915815,0.234815418407054,512.0,86.9172657069829,44.74983085406,94.3199735656393,12.1023896563784,0.176811,0.276565,1.0
6.82712716023684,3.9623763259818,0.588824978809902,0.115538567696213,455.0,50.4002286497094,78.4848603606359,30.6891336732182,11.8784051611118,0.0885171,0.188298,1.0
6.00790845005,3.93697932709647,0.508540972893257,0.220788276319584,535.0,62.3391222076361,48.2459784679528,51.7152817231635,11.5272216079796,0.901855,1.0,1.0
6.75585865820032,2.87922771033841,0.758938780008811,0.293975155592906,295.0,38.8843227885827,32.9463817362628,83.4507434335593,11.8725355961644,0.901855,1.0,1.0
7.43882858183916,2.27025184660014,0.509153581687,0.186383475285656,374.0,33.9036275813664,45.8533207746027,92.4146047794995,11.6069597853164,0.0,0.0981446,1.0
7.39439458490125,4.47751377499621,0.794736161887272,0.324328955623101,385.0,71.111414640716,73.4252641900239,41.0974286510455,11.7696931585829,0.0651433,0.16499,1.0
5.30091955561103,3.22968103847561,0.518065379437669,0.106384402011557,570.0,95.6741702120783,58.402981853135,64.8431240320183,12.2263048245469,0.000468738,0.0989152,1.0
6.5606430168661,4.36584395401901,0.549705586066755,0.315220041889685,533.0,78.8617487182573,44.2801963367814,67.9942188808309,11.9824444642629,0.387386,0.487301,1.0
6.96819609507491,2.08387431774671,0.621970671249958,0.257557523221462,586.0,39.3276575035456,63.2865765484277,42.9858355606052,11.38244517859,0.87865,0.978536,1.0
6.35487199612728,2.42060404514652,0.778718211385415,0.395640204703181,633.0,81.5980022661447,80.861181939094,30.1525643635323,11.4699053587505,0.0,0.0981446,1.0
7.10606342549052,3.05138198331796,0.62137787799033,0.166429378732992,490.0,92.5996925383614,39.0083172305609,58.1440709938948,11.2630324947573,0.702436,0.802418,1.0
5.64438347213573,3.31421132568389,0.566894554476216,0.241199867726882,418.0,94.9070329030426,80.3606617027324,94.502161854635,11.8839816118038,0.901855,1.0,1.0
6.17668415305219,3.0418439226397,0.579390149646325,0.246414081440109,465.0,30.4128999579762,91.9596067334065,55.4025704361737,11.8811134795308,0.0,0.0981446,1.0
5.29599923553967,3.15615053245809,0.763464722294172,0.155255088363214,413.0,85.7858611533883,62.5270562896692,40.8393373137663,11.3538524997928,0.0,0.0981446,1.0
6.85284790176941,3.90967291423292,0.726693906897007,0.334640254159279,321.0,91.4291970603495,47.4544326053012,86.9167336151424,11.2059189460448,0.901855,1.0,1.0
5.40395361623548,3.37616760150669,0.692319607055459,0.356085902651208,618.0,78.2439424745378,94.2163364336278,44.3112832032478,11.9873658270388,0.121814,0.221635,1.0
5.4321700472682,3.98814007212311,0.75659302195731,0.330131832368004,607.0,89.2887872024056,49.1814476697539,46.0105866147639,12.3830119465101,0.0,0.0981446,1.0
7.2803256007279,2.71715701922606,0.671730372996886,0.161692023545717,474.0,64.6496126971459,86.0488847589179,60.6721101305308,11.6305242448464,0.0,0.0981446,1.0
6.12805440009945,2.96948150880993,0.646983810744163,0.296737840778572,460.0,44.5401574395064,94.7175643405695,81.5180692137809,11.2284325425534,0.0,0.0981446,1.0
5.0363556642807,2.1720544478816,0.591239118024301,0.211057015026361,514.0,77.8307591008622,78.6174179289637,78.3349984900888,12.3386325610169,0.000468738,0.0989152,1.0
5.61971385218583,2.16504584592356,0.788720856842947,0.233771593660319,434.0,41.3315699724548,56.4455410148481,37.9458982053294,11.2577796010209,0.901855,1.0,1.0
6.69547655587238,3.08380282750518,0.614494111652942,0.380253799661285,294.0,79.0521346260602,45.9335301058005,64.4572174227789,11.5504882441989,0.0169465,0.116203,1.0
6.76642573690928,3.67774682317812,0.716234705553276,0.263903128972131,391.0,69.329171042986,75.3138954446892,78.1268897840457,11.7704432612907,0.345654,0.445587,1.0
5.96653107783562,2.7789705274449,0.724931334794485,0.120570236418597,440.0,51.0977392274774,33.0678393804015,32.3041353201511,11.8328249541461,0.0,0.0981446,1.0
7.13384982283698,2.04601969711411,0.672250044343139,0.329342272403349,459.0,57.1294680235771,48.0770077651637,61.3507044659689,11.8332847386209,0.901855,1.0,1.0
6.55961232827173,4.07873768456766,0.598307089221447,0.139682094306161,669.0,83.3099764202004,85.3278457122044,65.4692936281862,12.0890067567251,0.901855,1.0,1.0
5.92526319530594,2.41925525658413,0.612071344326744,0.321603138255883,619.0,62.2922213054579,67.3617986753166,54.2426172675271,12.0195197761593,0.245656,0.345549,1.0
6.78112894575485,2.458614942297,0.791403574937744,0.276062044998088,489.0,50.6171330550653,76.0031293809312,89.2281677440362,11.7045739875762,0.0169465,0.116203,1.0
5.79519130733774,3.79544711822687,0.797396932939751,0.185445367157942,501.0,59.0459878332606,73.0158202096645,74.2613287955352,11.3076596325291,0.000468738,0.0989152,1.0
6.2595802805541,3.48575695039771,0.708832708710578,0.315235296316661,550.0,85.9628512878862,91.3889757202967,92.70225156003,11.1640883957073,0.091354,0.191234,1.0
5.97560116161783,2.62254804891376,0.743890261322446,0.375241896326328,375.0,83.4999394007975,40.423364419257,59.5827363085153,11.7549844497743,0.218743,0.318568,1.0
7.10909329738905,3.01046816310592,0.567852127095296,0.322436030622342,688.0,82.8906626199446,32.4263638001058,94.1710203562952,11.6814704204933,0.454976,0.554901,1.0
6.67616664612499,3.68292205927112,0.715920581393348,0.395115441917131,651.0,40.1651068488867,84.9607969052149,79.6639368974386,11.6850556252873,0.0,0.0981446,1.0
6.92391739868706,2.61971341427881,0.638173375675088,0.117361320028179,366.0,99.6818464626548,49.272136842472,56.0589272049679,11.4436038660315,0.000468738,0.0989152,1.0
6.638910683588,4.36459239803103,0.611528284176818,0.261046487319312,543.0,46.5890699900749,30.4925534446512,96.4620538628014,11.1715038608095,0.0,0.0981446,1.0
6.8627809136443,3.20234380135068,0.61376849644577,0.167309402994228,462.0,33.3250849860594,89.3677111621425,57.5626714376282,11.222340394801,0.0,0.0981446,1.0
7.11976334866636,3.00198460862331,0.674261578805015,0.282870946026808,589.0,43.8624939739435,55.8328438058258,71.94723960678,11.3054911286197,0.901855,1.0,1.0
5.92850126513351,3.06367635975025,0.695557348118802,0.102550413564959,574.0,74.2837021902855,35.3190036734486,60.7933648025972,11.9263832583517,0.901085,0.999531,1.0
5.10889447239219,2.95669505874313,0.576418595517962,0.20851923346123,580.0,97.9262945162508,46.0535498037556,41.3127260148773,11.4621107135546,0.0,0.0981446,1.0
6.32296765067178,3.60344833553382,0.652517781193113,0.230286345968814,574.0,39.8831612116877,61.0366885218233,89.4316412469324,12.3072067931466,0.901855,1.0,1.0
6.82184355085566,4.49540001925111,0.688835298799597,0.313369180284826,521.0,50.1266316094982,37.0310355577672,30.9578394237902,11.9460887270776,0.493564,0.5935,1.0
7.42344088231665,3.21645183387449,0.563686960564877,0.139259205029818,655.0,52.7266179391116,56.8526922277604,45.2729528816432,12.3629899528038,0.901855,1.0,1.0
7.32511225496632,2.5857037864811,0.767852999815471,0.337014011759301,282.0,91.5962939677803,88.0162552189745,74.6046531647636,11.8027866021901,0.901855,1.0,1.0
7.35674881190204,4.29124783153815,0.657349075874429,0.377433167490349,548.0,72.532739580323,79.2290932058213,62.8169653170119,11.3798153351385,0.901855,1.0,1.0
7.4838490763631,4.05150541757072,0.572717293202947,0.130297339146801,321.0,33.842163627796,51.7861669504682,50.9400625316662,12.2180012484935,0.179362,0.279345,1.0
6.07121084620174,3.25263480424332,0.688024478571987,0.384367960984388,427.0,60.7682131159202,82.1479209304808,75.8277805714479,11.8747467710063,0.901085,0.999531,1.0
6.36686619692707,4.46090777303179,0.763641126240974,0.10277093380713,611.0,84.5746545863062,72.6566420254392,60.1429676152864,12.3208024703888,0.0,0.0981446,1.0
7.49362320000479,2.17477039717327,0.734517669040814,0.15362732907989,257.0,75.0924816865768,68.7565360859661,47.7611650325879,11.6088395451778,0.0,0.0981446,1.0
5.31849026606486,2.41011451006102,0.695426587791381,0.384514963156284,321.0,91.6777618136313,80.5545055256441,69.0147221156927,11.7554095731448,0.788539,0.888178,1.0
5.8629856319414,3.88190059535491,0.566305766138166,0.120271421308577,359.0,99.0998939912489,42.9339723879067,63.5042741144883,11.9327362009241,0.0,0.0981446,1.0
6.55048321325863,3.67352949374311,0.705933422336144,0.170345030549692,595.0,34.1758964879916,72.7350168858116,63.8925677616057,11.4242173084594,0.901855,1.0,1.0
6.55263944286256,3.31875936299356,0.527851764091675,0.381650565877328,442.0,49.8534804383235,80.2594291369902,39.6908798411445,11.2241576858117,0.742338,0.842098,1.0
7.32512865047915,2.25555703101576,0.544136848563497,0.216778304698994,578.0,93.0506112058443,44.5901766231375,90.1606768176293,11.8274841456635,0.628444,0.72828,1.0
5.91775444988206,3.98961946425903,0.521348756941356,0.145449843912376,477.0,79.870169262536,40.2626118419753,56.7008211154516,12.1915306191067,0.0,0.0981446,1.0
5.61821735260851,4.47480640007119,0.527996184238352,0.240006992762077,492.0,39.8550936920435,61.6516846243463,78.497135072424,11.6594429293213,0.795511,0.895417,1.0
5.78941491443878,4.17000941891025,0.651712409340907,0.310467961149972,660.0,45.2878187887685,88.8808439782509,99.8179595148692,11.9412974112185,0.901855,1.0,1.0
5.42957278539209,2.35806774590407,0.682686351187913,0.127080680260218,590.0,73.8633506024352,98.2422970086091,37.7524376466806,11.7933416957056,0.0,0.0981446,1.0
5.2724359754951,4.07480295541136,0.577182403081399,0.234408079272509,529.0,42.7061428598293,35.0407603604937,51.615002736936,11.8885301123306,0.901855,1.0,1.0
7.13716005598901,2.22120840109829,0.618722970704062,0.254648091718268,597.0,81.6582050797007,71.5358608832964,58.1964232626032,11.5171387376202,0.901855,1.0,1.0
5.32875857936828,3.02358530451777,0.510736654212753,0.107246408663675,482.0,92.9021927111317,59.3086049254044,33.5625726773613,12.1310056821369,0.0,0.0981446,1.0
7.07563414532816,4.31951571297016,0.553652522232851,0.312305474466691,572.0,38.0405102195563,75.748658945479,31.9647254983261,11.3566454803771,0.0,0.0981446,1.0
6.5537863662595,3.14209330621989,0.710650094498905,0.106916069368584,252.0,51.4179324694836,66.0300683977937,93.0829615363971,12.1934557679348,0.0551815,0.154589,1.0
6.18249629026313,2.38190549268256,0.762356636239186,0.154833924351315,523.0,38.3651135699723,84.2865837457563,85.6159612967481,12.1397043541797,0.0,0.0981446,1.0
7.11221716365124,3.30124405960591,0.612489213481613,0.188710268645085,254.0,59.4309943136424,72.2683201303063,39.3468238950359,11.1273860459865,0.0,0.0981446,1.0
7.47097359485432,3.18435440347391,0.632625999298913,0.231808165056383,258.0,98.3373227416989,45.1282501237471,54.734260384278,12.0086607253529,0.0,0.0981446,1.0
5.35771741739969,2.12613923145479,0.541416294317718,0.240197232411758,641.0,80.6103310030428,65.1330430831721,64.2681198624595,11.3306735715642,0.0,0.0981446,1.0
7.04272182411961,2.67228187500678,0.759033439835608,0.270580686224514,308.0,70.8651581210507,31.6033816850883,52.8856639622685,12.3853613333533,0.901855,1.0,1.0
7.1417154310561,2.22683130994688,0.656178770421023,0.223867772993781,322.0,51.7314360808471,47.633517312407,51.0166852544078,12.0859206927952,0.0,0.0981446,1.0
5.27523248804123,2.80296284546952,0.565023146982129,0.326827433307033,652.0,76.2278212903526,97.6586398541666,39.0410728150231,11.9594797855636,0.0,0.0981446,1.0
6.70605110962732,3.01809105921517,0.721456756689635,0.129999063848076,427.0,97.9445493325311,69.7113704863033,48.4377664533492,11.680568837825,0.0,0.0981446,1.0
7.46236814197323,4.02357621671798,0.787661012883916,0.317692157101554,393.0,75.2547440286086,45.9160966907977,56.9617666720905,11.4652897200074,0.300046,0.399964,1.0
5.32650221250503,3.30474445002565,0.635809780653572,0.337918939634525,379.0,82.7007388583539,34.4141141620101,55.7782427166186,12.2056783176832,0.432781,0.532652,1.0
7.44364431264444,2.24321657728888,0.733490889019745,0.324319642796118,649.0,83.382595410753,82.1797622173426,33.0086943327204,12.1181155814074,0.0,0.0981446,1.0
5.6125585804142,3.35353348715066,0.637364379737354,0.217398255125829,646.0,84.5833745946967,46.2680557040678,65.5022025262966,12.3289167710199,0.699289,0.799034,1.0
7.06272140434666,2.22915431771819,0.761844744399278,0.290798475781399,314.0,95.4798124912041,60.910022941635,41.4200064772576,11.5619461113656,0.0,0.0981446,1.0
6.80521778486352,3.49865964713189,0.550470598336724,0.171478967167568,299.0,80.1923119025475,38.047833485814,96.2763313371325,11.9798401648584,0.0,0.0981446,1.0
6.66730551896329,3.12452929753837,0.706162492581402,0.179733799726788,364.0,75.4577945755758,30.8399245621111,34.6638095271859,12.2041568131338,0.0,0.0981446,1.0
5.90852651868195,2.87518268730148,0.668343787091108,0.171199154779599,649.0,52.8128582567192,54.9089284846548,90.4581189149524,11.3988227038509,0.901085,0.999531,1.0
6.34490517871225,2.45695952365772,0.701371925065759,0.226123290451173,621.0,39.0900095692062,39.5556667306958,38.1148156815491,12.3610530601205,0.282956,0.382804,1.0
5.26713576294418,2.0831534550007,0.736059729441756,0.164870600309108,539.0,71.3070226386591,72.3174322753704,84.2353869578841,12.3234394084578,0.778365,0.878186,1.0
5.28009456209208,2.90071141345554,0.764988529779646,0.162622742557591,312.0,62.5654683811433,40.3159162991835,41.7264017958778,11.7077748025395,0.0,0.0981446,1.0
5.79789719865528,3.35347658893844,0.564414356634889,0.228695754427211,642.0,40.5657887266944,87.8325642395034,30.0537969849623,11.9236915565308,0.870781,0.970278,1.0
6.61424766697282,2.48664357010742,0.505087211409725,0.121757785717737,254.0,65.7966982293932,55.9269742535245,68.3801662086454,11.2621080309167,0.0,0.0981446,1.0
5.70129171526331,2.66525669740785,0.56104623261527,0.211579329248016,429.0,88.2664908936888,91.1757587032708,51.750481672181,11.6974330191855,0.0800269,0.179748,1.0
6.31463885997848,3.54239500312329,0.560301587964721,0.372665612233284,661.0,70.903743046496,53.7016519548268,59.2772268953224,11.1593511938995,0.0,0.0981446,1.0
6.00117119828028,4.15865270793158,0.579370885884441,0.340376796214784,582.0,61.1422826193468,82.8529176125624,74.9713719797814,11.814223460071,0.349758,0.449732,1.0
5.02335417585875,4.27776540255231,0.690422381932267,0.195326098867154,700.0,69.2279838227573,55.0383579646412,75.5503864501394,12.0786498814568,0.664135,0.763976,1.0
7.49729192030524,3.35993134486685,0.67151528635291,0.396282877867003,447.0,51.4857947774645,32.677711452096,41.1659492908444,11.993255054686,0.901085,0.999531,1.0
6.68125688348713,2.26225158404323,0.70173697670702,0.17127864261099,278.0,66.0814421739322,36.3925149272757,94.577315829078,11.8829334423195,0.841731,0.94138,1.0
6.26650388769538,3.84143667926589,0.542858459520573,0.390901994247815,432.0,41.6250025620237,32.6201157535144,49.959369117437,12.073793807217,0.32666,0.426627,1.0
6.53526286408508,3.2640799923369,0.798572389907836,0.277306930853258,255.0,59.4563651629302,39.8869512369347,53.7961449013528,11.4496465864341,0.102059,0.202013,1.0
7.48507075182646,3.96763924056389,0.751352797209974,0.137830294570993,390.0,60.4482869048853,32.3928531139998,94.7413220195258,11.2619975553565,0.0,0.0981446,1.0
6.48154836655498,3.25931701932809,0.551270869967624,0.38889586936961,450.0,87.101630870448,85.9542960081385,95.0795486738863,11.3870348396446,0.286628,0.386462,1.0
7.3629107465069,2.14838204171107,0.690906460534236,0.311800368755087,366.0,95.2412973946245,81.215958928155,84.0214051234902,11.4387529202965,0.0830837,0.183028,1.0
6.87760607232808,3.17945286426116,0.518888047411733,0.293317890775422,652.0,53.4170409912336,66.3008363584743,68.1215726336359,11.4069031360883,0.79079,0.890537,1.0
5.41786846966045,4.40480925550064,0.722850588400905,0.300578269647954,370.0,46.048976079329,66.1353365203316,69.571394844063,12.3512927957773,0.476028,0.575952,1.0
6.38391240623446,2.36311556098503,0.586876825378471,0.213563081299379,575.0,57.6367566841758,97.1599815714028,89.9354909476163,11.8047261777318,0.805931,0.905875,1.0
5.64126546953483,4.35042908640273,0.592722656111788,0.33312354228489,585.0,52.1769329911462,78.4771666631657,97.2035884434564,11.7963552885898,0.598297,0.698189,1.0
5.83820021108813,3.84661998498218,0.673035302090069,0.101536725478988,430.0,92.9529439296234,41.8228596885006,51.2414460949089,11.2913466694384,0.0,0.0981446,1.0
6.67116417807242,3.74049435067813,0.607751766699103,0.360744666492643,535.0,74.5336435786154,61.7859340237636,80.7272435097175,11.5074371182895,0.901855,1.0,1.0
7.24075399299214,3.55280201516144,0.769902001624812,0.223283502830575,388.0,76.6801462329022,77.706638873318,79.3828567534551,11.6427383831089,0.361001,0.460884,1.0
5.76839017983984,4.20474249244034,0.687227714105747,0.367190624469153,401.0,67.7045541631751,37.4361273652983,63.682390655195,11.1608332777779,0.0,0.0981446,1.0
5.31537368948532,2.44557655031135,0.564700559886343,0.345012415942573,700.0,64.9881247337997,80.6594596862271,90.1243976986658,12.1114953516151,0.901855,1.0,1.0
5.31834852734217,2.37664367535611,0.786649490195028,0.24380228684109,513.0,90.1338157573997,42.7443551983804,93.4887379858207,11.741860297166,0.46857,0.568559,1.0
7.19514995075794,2.55931913158237,0.665735650617778,0.257153655021504,674.0,89.9103821048341,73.7248740783539,77.4617176534733,11.7178282426901,0.114648,0.214562,1.0
7.46903394073332,3.0532679933645,0.688804830545622,0.153891741322757,534.0,36.6600278961561,81.165042631502,73.8112981167024,11.5208096862099,0.901855,1.0,1.0
6.43812382076217,4.35928998617784,0.633182999596088,0.136169794831858,438.0,40.7252442382831,97.6323294452972,92.6846861748148,11.4448239166619,0.0,0.0981446,1.0
5.15996480054078,3.58975270383319,0.51507459152763,0.378667006638869,379.0,85.5261424063646,69.1239146926262,74.1678049799738,11.7908702518546,0.56278,0.662604,1.0
6.6995282401026,4.3315952775592,0.553662461663306,0.28731332999823,459.0,95.250561876868,50.8175122773587,73.6045338943904,12.0252463127495,0.332512,0.432506,1.0
5.19381067993548,2.9703036704872,0.794597102772343,0.313633861161965,435.0,73.8217952396731,39.2193187466518,97.2072570537959,11.190002446921,0.230388,0.330255,1.0
6.07497456029995,2.715554067695,0.522964952127075,0.22991319070856,595.0,71.46075942573,97.5182594979986,34.508378025017,12.1948846716783,0.0,0.0981446,1.0
6.97194021852684,3.93434088904885,0.58471942812681,0.236228744341733,360.0,60.3366912746948,87.5339998501206,53.231025520534,12.1985973973821,0.0,0.0981446,1.0
5.5705480760178,4.07405623960076,0.70254923116476,0.394819581148696,342.0,85.5089911200763,85.2532993330975,61.7726151257295,12.3338368344477,0.901855,1.0,1.0
5.23931877990409,2.68219338252573,0.654373548199825,0.223910311948648,531.0,68.4943234972572,41.802987772339,95.0946326219151,12.2897374200624,0.147397,0.247387,1.0
7.12474896291554,4.08318176020717,0.683785710747084,0.330170287303868,693.0,52.7738796967961,32.0620352207255,91.6720810471291,11.8885150995665,0.901855,1.0,1.0
6.46854670682026,3.00874276782681,0.788862719482112,0.100005156263797,443.0,48.9182908356372,66.4793223614624,69.744116685945,12.3919471857092,0.901085,0.999531,1.0
6.42517157406832,3.01338778179285,0.776564815376556,0.246706042091482,673.0,78.8975394044398,30.8197580798239,73.700732455354,11.8116931097608,0.32666,0.426627,1.0
6.65438471040432,3.2058864407498,0.789898556682603,0.399134298723403,540.0,59.2062340688421,95.1215658353069,98.4905350946988,11.1542671709166,0.0,0.0981446,1.0
5.71991286148021,3.40740541228084,0.687148948239863,0.240743613965365,438.0,31.6264471187069,62.9089210408691,52.2022034164071,11.6582931756667,0.748942,0.848666,1.0
6.08223968563678,2.86908789837523,0.790261286354376,0.367627118661728,328.0,41.0839236675134,34.4228489766769,83.9660609723684,11.4433462189508,0.0,0.0981446,1.0
5.82808634842872,4.18628078633785,0.691889405601407,0.300477559304678,421.0,83.6696774265659,85.6348507157575,75.2918487309112,11.4871608373909,0.901855,1.0,1.0
5.33615412460289,2.70500274527604,0.57279384424544,0.358739763549352,549.0,85.2790794454012,42.7163383752378,74.4181692319714,11.5781613260951,0.897759,0.996418,1.0
5.53670731844918,3.2467119027733,0.609521021506084,0.283612345905438,259.0,88.8751188840793,44.2420237849818,92.5765668701479,11.592688612584,0.0,0.0981446,1.0
7.42158168719037,3.37203538371264,0.609736750207979,0.133142728077187,579.0,71.187692908472,43.5214611729118,37.8659377159971,12.171613710772,0.00790082,0.106991,1.0
6.29465932593258,2.15127402864197,0.633106064293689,0.322302556810426,290.0,82.2344896828754,79.740907991649,34.1698696134761,12.289087219229,0.0,0.0981446,1.0
5.01456738790164,3.13488472982421,0.652398313795501,0.332001241432595,337.0,72.6373082193621,35.7167232021731,66.4865742260288,12.1908304282586,0.0,0.0981446,1.0
5.70685310507343,2.5855401774546,0.503379364342951,0.157868986836619,483.0,77.1070374138702,80.5971360055799,72.7373894521905,11.3623935186122,0.254991,0.354859,1.0
7.22202498114574,4.47712203977546,0.65940219889761,0.138952095986306,614.0,72.9764226821264,99.036730250431,49.76900033178,12.2043802485258,0.845411,0.944818,1.0
5.33342766822137,2.59112000592989,0.789224993582709,0.209508889126837,547.0,48.193750910283,52.3893734353669,36.8148659332496,11.6535130085884,0.778365,0.878186,1.0
6.36384135550381,4.01588106028701,0.79622018667558,0.100361140981293,353.0,55.4991094911699,95.2043540610555,62.1383437672381,11.5465557034546,0.901855,1.0,1.0
5.34907171485839,2.14956480085102,0.567209776927762,0.170703829150084,687.0,51.0655598785831,40.8378063610436,46.9329460821341,11.6119365606326,0.901855,1.0,1.0
6.69879811870117,3.3469062913483,0.512649796594296,0.278993979673599,301.0,67.9786681079527,39.5733849784188,61.5676678218274,11.3202884219996,0.901855,1.0,1.0
6.54579092697363,2.47051154537808,0.661412829806634,0.114461513678024,515.0,92.5873332806717,83.3608336995528,99.9148650545984,11.835528711115,0.164223,0.263944,1.0
5.65026869503407,3.48620811906846,0.578554568513905,0.140917993411245,574.0,55.5560372833734,52.7747482777038,56.033106898848,11.2952975438152,0.79079,0.890537,1.0
7.18777664500696,3.09072576796893,0.603154059369817,0.172135695968782,506.0,81.4363589078473,63.4004181146892,61.8271291755353,11.8603157261755,0.145087,0.245027,1.0
5.08664788305457,4.21086109214119,0.709283983848159,0.390127612524303,508.0,72.2462770564575,71.942477821147,66.5247616542694,12.1552924552486,0.901855,1.0,1.0
6.36766041136054,2.79781609792911,0.576795712272242,0.244842778957199,463.0,72.8977044817149,32.9413130251687,42.8352915761329,11.9043348584005,0.0413775,0.141115,1.0
5.1367836657649,3.34589041823546,0.524911575590745,0.256484164922868,585.0,62.4417768537055,36.3546310684147,71.8199064178106,11.2277953920708,0.424048,0.523972,1.0
5.25223962469809,3.44396615554936,0.64209808998964,0.309746198425558,412.0,30.487224067128,55.1430707887928,56.9006840088966,12.1294431164183,0.0,0.0981446,1.0
5.92839202709219,2.88955973396223,0.74579125727353,0.333284132694502,336.0,64.3457800136287,34.8216955656277,46.9649302749654,12.0600188205016,0.0,0.0981446,1.0
7.069984671057,3.47797329427822,0.518341265266861,0.161821592853594,676.0,79.3126722651176,85.9137324640869,72.0672330882284,12.1096880978988,0.478517,0.578414,1.0
5.76081145827147,2.0562878760005,0.575159758754272,0.2064960263201,328.0,93.7713035465396,97.5157704639585,68.1443542338488,12.2605111470171,0.114648,0.214562,1.0
6.57984990204091,4.33594447853933,0.529350639137608,0.116299480649327,612.0,35.2669680532801,91.4299531505927,78.540580123128,11.4351957150897,0.901855,1.0,1.0
6.49309562692303,2.882512331391,0.704344887356949,0.347945906718629,311.0,97.4406492760042,88.4066049517698,96.1468930977432,12.0055510409747,0.901855,1.0,1.0
5.47858406987214,2.0577315248937,0.516265071710519,0.182619568959683,292.0,53.517155242589,53.1979508637254,45.9715050816233,11.5778881720515,0.0800269,0.179748,1.0
5.20484924026263,3.92871237434358,0.799165358631842,0.155642027532169,689.0,41.4230275323186,36.1356483321783,72.2744569371581,11.7281195404557,0.0,0.0981446,1.0
5.76107160151718,4.14842117220513,0.586855236409968,0.257977989238072,268.0,57.7722887661179,37.1195301337096,83.8395673532113,11.6027813003209,0.0,0.0981446,1.0
5.66693422206125,2.78326520250472,0.513775746817479,0.184860540085674,369.0,72.5782726999034,66.4319139841641,63.6297405129653,12.2506106418914,0.901855,1.0,1.0
6.28104088974569,2.81783628425235,0.582966281079932,0.104603540965651,375.0,94.5171222904681,68.775353319334,86.0896674450149,11.5319551823954,0.901855,1.0,1.0
5.77963675553138,4.41336854176456,0.628092651983407,0.146087932176405,384.0,66.9210516265431,36.088838141544,90.4508708904389,12.303481102318,0.0830837,0.183028,1.0
6.52279093711487,4.3442649235383,0.581765207746807,0.107025831076052,611.0,97.5357150592204,87.5231919968969,34.8974962110421,11.2258020700057,0.000468738,0.0989152,1.0
7.25855952113203,3.06911772639763,0.595558910980859,0.259871566661399,547.0,99.2286484729337,40.0847120784879,75.7012566812184,12.080882927117,0.0712232,0.170976,1.0
6.17988125716914,2.74049430254012,0.529631572120186,0.394868256433483,316.0,47.9656810108625,48.5787512933143,86.1812287090696,11.5613051216833,0.901855,1.0,1.0
6.33919573934522,2.47037585679909,0.551660420474585,0.305167360048357,670.0,38.9561739531995,89.4500938254341,83.8443302493609,11.5276468998573,0.863085,0.962497,1.0
5.11476580586815,3.91095663942708,0.742914258404825,0.37223587370944,518.0,76.6223052048756,36.2819910990307,86.5822849324705,11.419895195434,0.0,0.0981446,1.0
6.46722169388648,2.28091837833649,0.762974358447698,0.121772965432174,314.0,81.510447558476,50.5345819453834,64.1084577586478,11.5151512825836,0.901855,1.0,1.0
5.68881113492264,2.4129058771137,0.705546842509587,0.184670896333882,646.0,50.0976991944889,50.0008992398893,40.8220987818343,11.2138486049632,0.0,0.0981446,1.0
5.87923316980844,3.21486029105274,0.667189742270246,0.314732077824687,446.0,65.2252629053275,77.4569361075085,36.3899633762122,12.2049891632476,0.0,0.0981446,1.0
5.20037444008248,4.1573163302044,0.647739817513851,0.391706974095346,316.0,52.1174856866381,67.5733193809765,86.901604156771,12.3102606768309,0.901855,1.0,1.0
5.75567985815862,2.82296178917125,0.75512014074407,0.369864188496796,578.0,65.44650708237,42.813361754392,98.4066607541336,12.1654059300129,0.580966,0.680932,1.0
6.53074159792863,2.07545999579717,0.570513654667087,0.127579742491174,259.0,51.2740844472245,58.7708425452783,85.443674794586,11.632541994446,0.795511,0.895417,1.0
6.36410133143847,2.80063470510833,0.533149054147059,0.367093349868515,605.0,50.1385391324898,47.4492903031758,78.747841871263,11.5037287838613,0.241542,0.341328,1.0
5.58821932357866,2.80362997395998,0.63325921378828,0.273884475701848,498.0,43.7746370294307,95.3384052704718,40.485523727821,11.8178002710436,0.901855,1.0,1.0
6.80628628260235,2.82471843138991,0.720994342151859,0.300713849816952,651.0,35.2267783734687,39.3158559027853,35.859835733946,12.1125660610005,0.901855,1.0,1.0
7.29252424430358,2.98084870847768,0.757438610273194,0.125099408104824,668.0,67.2979945689905,54.1477728102341,78.2824525197705,11.7785104965919,0.901085,0.999531,1.0
5.23900835326981,3.47738706999611,0.676581417544085,0.141332046323664,489.0,52.5264558562127,47.1721264144266,81.8853303656533,12.2842039219043,0.555943,0.65594,1.0
6.32544546238368,3.42738489923726,0.505570314297623,0.120372845162126,388.0,72.9192837743767,83.7266759966142,43.2703238082635,11.8425315254421,0.467348,0.567219,1.0
5.86639611475741,4.07443788741351,0.678415608608069,0.371189721108053,315.0,40.8124385183619,30.9392071642429,92.9545714413563,11.8711141676294,0.0,0.0981446,1.0
5.40639340741679,3.25417169453405,0.509759892551435,0.27094564227385,502.0,45.743775091538,90.4547280060385,47.329303310989,12.1283143727807,0.848361,0.94803,1.0
5.55418172157232,3.26648398851903,0.508439906897668,0.160643750424108,271.0,70.9214577233102,38.7389461163058,30.4873043469225,12.1986576506312,0.0,0.0981446,1.0
5.52799951391635,4.40562788395978,0.601228652063925,0.305384875263747,639.0,77.732101085222,88.3547923171796,30.2901154617772,11.1748978738194,0.0,0.0981446,1.0
5.91745274109858,3.49879338702549,0.542771094759165,0.293883196928705,495.0,38.6137704298234,47.5444586397104,77.1754830972328,12.1085727775533,0.0,0.0981446,1.0
6.8028184492515,4.18384240756704,0.757131842835465,0.370455714781749,583.0,91.6300234463535,48.639051019107,98.949690075252,11.1532246413167,0.0,0.0981446,1.0
6.25440499454549,2.13353136896211,0.615001237635011,0.261551194151804,691.0,41.9927956368867,50.631643302473,32.9389643026732,11.129094609628,0.0,0.0981446,1.0
5.46253798991882,3.50780151109312,0.744481510229691,0.365000169469411,409.0,80.6934571836151,90.9372939920839,56.0360886028465,12.0425638442265,0.0,0.0981446,1.0
5.60403569827738,2.16930140736207,0.525722838668596,0.175821694039725,323.0,43.6204255022135,38.4502164775792,56.4811552103178,11.7419943203151,0.0,0.0981446,1.0
6.96276540827424,2.63938916657217,0.779258110294453,0.194132001256494,251.0,74.7595144359038,79.6612882483713,75.7090725670426,11.2811827638075,0.901855,1.0,1.0
6.02430093906623,2.02102276977877,0.78370640133279,0.199271728277174,601.0,95.1405682354455,62.2902708618202,30.2416811973567,11.2055973677684,0.0,0.0981446,1.0
7.1083170171491,3.13641962222574,0.625158493031362,0.321208661953585,522.0,32.7251993736044,50.5672414259713,91.4406233515568,11.537622029293,0.0,0.0981446,1.0
5.52245792296929,3.16321894063167,0.75066717907834,0.39836724907641,469.0,43.2812757064189,89.1090856534678,80.5387884098178,12.048329010793,0.408967,0.508944,1.0
7.33314786602152,2.86702201675107,0.575927901555956,0.298799467723272,596.0,74.8153413822213,50.4005377277752,69.6240356879369,11.2476920276899,0.288451,0.388274,1.0
7.33256391780312,3.2436883557514,0.691391907186086,0.263317219302056,496.0,65.2922259638275,98.5158317995148,42.957899996281,11.7523430767226,0.379491,0.479453,1.0
6.58147992783586,2.39024149183772,0.765224846534948,0.109136470667433,688.0,98.348734342654,68.5379245699699,37.1232908834043,11.6433368479455,0.0,0.0981446,1.0
5.66062667231982,2.09804817553463,0.552425059163307,0.387939853276138,350.0,39.2648030044404,97.641218677276,64.627664344969,11.2725253684426,0.901855,1.0,1.0
5.12822101656068,3.7353910516654,0.793231763204841,0.310033734074087,383.0,95.5782145320731,34.7246818404435,44.5748644519243,12.2589599906022,0.0,0.0981446,1.0
6.38799250691044,3.49285859170046,0.698676731697821,0.111455506177318,340.0,65.4790307931017,73.5589338346825,47.8282354720424,11.7403955602295,0.901085,0.999531,1.0
5.57980962830871,3.09657838681838,0.525401831156467,0.251779543174046,383.0,37.5156428833714,62.1943731389907,52.6536945281252,11.8485489797636,0.901855,1.0,1.0
6.66390861208188,3.67817380367489,0.622175042591387,0.31150354947136,344.0,53.6871177999719,95.8559447835457,51.0820781516729,11.5104517492177,0.447566,0.547495,1.0
5.90343819689656,2.98527673141819,0.677498168890856,0.132411259109683,304.0,64.9164370391463,69.3806012864076,35.6396158881754,11.3490135933642,0.0,0.0981446,1.0
7.09127665550413,2.05745065702466,0.635587375242878,0.140661211094108,352.0,86.3414044977817,46.0987415967128,41.6322278599609,11.9910686493257,0.0,0.0981446,1.0
6.03636484749832,3.22255032135155,0.506817644077971,0.357089483038059,471.0,81.7747274653693,71.7858382503929,32.1177070280759,11.8414330668254,0.0,0.0981446,1.0
6.56394421131704,2.29693655545865,0.786000475312719,0.123550149020306,356.0,70.6805325970877,92.9541202160741,93.1523410841851,11.3295088669524,0.814746,0.914388,1.0
5.7022483130207,4.31913040956508,0.738936609446813,0.316299492043255,361.0,35.8732349812112,92.3928758392914,46.5833469097443,11.5505573786551,0.0,0.0981446,1.0
6.71771673444715,4.24967907181348,0.717429951992759,0.356736422740021,603.0,99.5578055250251,73.6557340556424,74.8482494725684,12.002066030549,0.901855,1.0,1.0
5.29098153569207,3.17956643523198,0.779664946909698,0.11447776346001,404.0,95.3571173954946,71.7247396726514,63.9377124853884,11.531592480388,0.0682364,0.168067,1.0
5.43210280969465,3.29242145787067,0.773375179008574,0.353906094454025,299.0,81.7892427732421,75.6949472587982,48.269378254896,11.4319320828436,0.085612,0.185254,1.0
6.59822583637457,3.58902550580184,0.570283390056713,0.343947358246242,338.0,93.4649392164394,36.9073892353853,88.2038494811631,11.4599895829152,0.174877,0.274692,1.0
7.26170710183007,3.33311691637954,0.614864542874078,0.210033958285264,593.0,79.5698587036757,76.663111682052,79.0893587557527,11.5389557395916,0.18312,0.282947,1.0
6.76431486084867,3.58388750579806,0.670925962104362,0.233958833219232,419.0,32.2322703327713,45.2564408391407,72.9829797255467,11.2289149026298,0.0,0.0981446,1.0
6.14822315920915,4.11856258308594,0.618393207562299,0.243028881056857,544.0,48.8116150389762,32.4882424070728,79.1132069113659,12.3016767932362,0.0,0.0981446,1.0
6.53111563950149,3.39465332844423,0.561220242962123,0.246437731855557,480.0,84.895924340804,67.9845813173722,82.2801210581917,11.6471624380537,0.34406,0.444057,1.0
7.35491484746681,3.27176012984927,0.711828463632541,0.138430142663097,560.0,84.1369587240501,95.7197907322469,89.1960947672193,12.2214295472319,0.459921,0.559832,1.0
5.28920497418266,2.56092814407603,0.760728147460224,0.322235870432397,495.0,50.5414391571854,67.9435596204341,30.9367077081204,11.1099367914659,0.0,0.0981446,1.0
6.33307856807556,3.43251863629367,0.690385622959093,0.380538582225251,279.0,63.2987386016468,84.415242564247,69.2713071421859,11.2442801939715,0.901855,1.0,1.0
6.16098442096282,2.1800394724894,0.556906030886812,0.392438532267591,440.0,65.6789598689587,49.0035203760836,63.5231321114358,11.9846724565108,0.0,0.0981446,1.0
6.23266907577374,3.34543347883711,0.638551700698176,0.163823450362807,583.0,76.2671105231247,69.8031510656407,38.3966140692781,11.6858078639024,0.0,0.0981446,1.0
6.46884164850357,3.27208397533155,0.718002872033547,0.200126094410745,547.0,79.750148437651,73.5200678127975,43.5544566188957,11.1127404958404,0.0,0.0981446,1.0
6.98481998953359,3.13028338921236,0.619080908568795,0.120472102276253,265.0,81.8984137169624,69.9584237255196,60.2638155788887,11.5312610458025,0.0,0.0981446,1.0
6.09750101517208,2.64861289145462,0.59435227141944,0.317595330874503,406.0,81.9458184036791,69.3556276224367,30.4162417241457,11.4540205928618,0.0,0.0981446,1.0
5.11467675940148,2.07728372246583,0.531002233458247,0.274223963507986,443.0,82.0750501379806,36.0105756820328,47.1868213249979,12.3714996171483,0.0,0.0981446,1.0
7.30665178339935,3.72712775516103,0.688415121969904,0.218105554873222,330.0,54.1883386256342,35.1404105924687,70.9364971725417,11.7606060952504,0.164223,0.263944,1.0
5.9382234130451,2.66543947344068,0.604641991102677,0.104561437550171,256.0,61.429174893013,36.5987875353328,42.4098376394739,12.127598294974,0.0,0.0981446,1.0
6.37727403486314,3.30136810047363,0.724525570606105,0.169910723322398,601.0,74.318447628017,41.3722334167832,35.24444033083,11.9220582892035,0.0,0.0981446,1.0
7.14008090139832,3.1929821981594,0.660431763340008,0.192714798996289,559.0,60.7622440384428,84.5636948882674,38.9557950761993,11.5574976269794,0.0,0.0981446,1.0
5.21478378617908,4.2280623161706,0.702826289239502,0.107850698730471,618.0,61.640199875269,94.4301095843795,96.4865069840147,11.536998686824,0.52707,0.626969,1.0
5.69365049641724,3.72879017385485,0.687344889567688,0.333094937843707,286.0,54.8169823708711,51.1294781515197,53.3681861802566,11.3045305603668,0.567494,0.667488,1.0
6.30227198335998,2.32549584344948,0.771067011587178,0.35505041223657,531.0,91.1689607258311,53.5552205337662,36.3642958137559,11.4547434631121,0.00358196,0.102241,1.0
7.42405162450598,4.05899485126191,0.781855941292175,0.233276299891676,408.0,75.5855707329376,78.1616346381715,48.1132631331246,11.5008696782688,0.901855,1.0,1.0
5.69308848655198,3.07681675314395,0.527961755585097,0.230648364839002,328.0,62.7717638303735,64.6121932197789,98.8382312394088,11.5661221898248,0.901855,1.0,1.0
5.56832539777401,2.84297799720526,0.713501400528427,0.316054551366893,429.0,33.3635503181906,63.5637921226306,62.1414184218196,12.3787810549122,0.0,0.0981446,1.0
5.8029350472377,3.58470492961784,0.729407825012043,0.300362239936248,670.0,82.3077944972438,32.3611200117656,42.6634738000325,11.6842602627417,0.0,0.0981446,1.0
6.90165880237207,4.12704138477613,0.668814072911686,0.23333811883408,557.0,81.4164954408536,72.6255448090991,69.4386883264532,11.6130688602562,0.901855,1.0,1.0
6.55493935218824,2.12144973853952,0.582701821109399,0.125118984310918,475.0,76.1761125487931,52.922972632724,93.2699461665227,12.124660038962,0.0,0.0981446,1.0
7.34972523922877,3.99242845918651,0.724267609550932,0.114900123435316,397.0,32.2339991869121,60.3015379970907,96.6097274228841,11.7623825264439,0.445099,0.545024,1.0
7.22955493118914,2.35033713638343,0.714785242263631,0.215914867005994,549.0,61.6452097615895,31.4790167623007,82.0072528573355,11.3403323016629,0.288451,0.388274,1.0
7.24141795040386,3.85933693872947,0.665036706517923,0.159674557356716,327.0,63.4814435729642,99.2402307557379,75.0430137344527,12.3684166258218,0.204953,0.304718,1.0
5.6331621773786,2.23917264004696,0.54127400477829,0.255171851565889,336.0,54.2547484112675,49.0009797405186,30.5063740981183,12.0793822586311,0.0,0.0981446,1.0
7.43821091767643,3.99500317400498,0.782627685590447,0.349354750227019,482.0,95.0781161424237,85.4931539595639,48.3931812799934,11.9437347868177,0.0551815,0.154589,1.0
6.61998505325769,3.37359144533988,0.771137618276869,0.242916392285804,255.0,45.8585370552694,67.5745655420361,93.793014104466,11.383819300022,0.901855,1.0,1.0
6.97801137860497,3.67945673066372,0.612737900759724,0.133413368193528,407.0,86.7062682712733,91.1777348527084,81.214368327845,12.1381377373612,0.0413775,0.141115,1.0
7.05701166942406,2.20403170825636,0.613867398931175,0.276510329816428,403.0,65.5699536220188,61.9416056416349,55.9828924405777,11.5957155240401,0.746704,0.846449,1.0
6.87445261743102,3.30081502951309,0.564363573930065,0.315973801546435,415.0,33.9907737421791,52.6630906853064,67.8211971286988,11.3434088913232,0.901085,0.999531,1.0
6.3913906756392,3.41309401976106,0.559074790919565,0.264069345196216,623.0,52.803992073771,90.979146703203,82.2329395595074,11.3133275261933,0.617196,0.717044,1.0
7.46954806473062,3.38701399786548,0.760397869240933,0.329038904600226,403.0,84.9773199352309,96.2179482733846,71.8471253582761,12.344050072109,0.901855,1.0,1.0
5.19770637281958,2.33399809582067,0.509112280587683,0.276686276153539,485.0,76.1049766867039,89.5465909045567,55.2050440673741,11.5714569037618,0.000468738,0.0989152,1.0
7.25522497381993,3.51191287762427,0.60827360957434,0.320666861655058,335.0,33.7759640158094,84.5342805188682,33.697741014685,12.0553680819022,0.0,0.0981446,1.0
7.44462861505877,3.6940276988249,0.729513383702683,0.205195780235381,437.0,93.7654462809799,74.7525877074609,93.1479480519772,11.7461244205139,0.901855,1.0,1.0
6.61802097507131,4.18871654025671,0.576349226537913,0.297605837848545,405.0,84.4220186787094,35.3650209064126,54.6396014935186,12.0796293665156,0.269815,0.36964,1.0
5.35643743160373,2.37933104361541,0.619616927205005,0.281056340441184,658.0,71.3837437909675,37.7114352544452,51.9771827479225,11.4558221343284,0.254991,0.354859,1.0
7.2390462961615,4.0689186508725,0.525710598915289,0.169028145875655,665.0,47.4616220910272,96.7708868890207,94.7421146395291,12.106410740548,0.901855,1.0,1.0
5.92721162284221,3.54073356517374,0.72537800788404,0.282253000170881,479.0,58.786189688599,33.5351782196705,85.9787731688691,12.1144885895023,0.901855,1.0,1.0
6.69848255699416,2.93306751982339,0.768258584103965,0.164628720489532,479.0,73.4776183412056,30.2713218757126,79.1818066433627,11.5125889660101,0.0169465,0.116203,1.0
6.08830145642978,3.76046943517304,0.765516167947914,0.139234224015068,477.0,60.4468614871845,96.2184380947052,38.8304432177121,11.2225172626286,0.328317,0.428233,1.0
6.33621276128479,3.14563470084223,0.536859325371551,0.384770090552563,271.0,81.8525378729027,85.2057074051354,80.8797997036427,11.8988271373207,0.300046,0.399964,1.0
5.45805138864948,2.23714774316019,0.75726844201117,0.145561113607035,274.0,62.0618150536375,77.1028891352495,93.9109937324246,11.9333886636854,0.901855,1.0,1.0
7.15106229729527,4.49446158833363,0.510430208023521,0.125390213703597,548.0,59.8007382802914,87.9849818872935,47.8458657670341,12.3382666216525,0.901855,1.0,1.0
5.5854806638588,2.75544392392166,0.697907166708278,0.200899137257225,660.0,55.1312586752961,92.1643626647978,32.823224358313,12.0714500483167,0.0,0.0981446,1.0
5.31089550432683,2.09957996871369,0.590722225964102,0.234003284737691,309.0,72.2894197227664,90.5669014691818,55.8565921251578,11.8173146984973,0.222444,0.322213,1.0
5.80428095757773,3.09569639581725,0.775493923768406,0.3847749508107,624.0,68.2391080727244,63.4352397042471,31.0260411872886,11.919906321523,0.0,0.0981446,1.0
5.91857283858938,2.25118803514674,0.769035199611,0.178197870503823,320.0,58.6396999721834,94.3446193337278,54.1229610613916,11.3877645811583,0.901855,1.0,1.0
5.05909934243497,3.88598415300603,0.697537719593613,0.170953632369126,407.0,36.2344614908835,59.4930246718619,68.4073265370539,11.3781016958955,0.0,0.0981446,1.0
6.60015625762476,3.58072422402169,0.552541791305948,0.16087877256647,330.0,57.2939113491359,86.781781462157,71.8040885266411,11.5917476250758,0.329966,0.429831,1.0
7.4536302223559,4.09650929816342,0.71170306410965,0.236626436149443,612.0,66.7215394092812,61.5357466159999,37.3175981353515,11.7637035469443,0.901855,1.0,1.0
6.57405962128139,4.1457909196878,0.572991370670205,0.101633459090097,295.0,82.0780239034044,65.7939974673907,31.0124435435868,11.4707206363613,0.0,0.0981446,1.0
7.11839604978494,3.6184529345578,0.729576694378243,0.164990112517876,581.0,84.7240821459795,52.6129980559438,67.7693739425258,12.2493654921118,0.766507,0.866371,1.0
6.93621696852798,3.79917796929039,0.632409075530664,0.1980728251063,251.0,84.8773398835425,33.4569148885948,73.9144732841446,11.243995147979,0.085612,0.185254,1.0
5.28013015192826,3.47290173300186,0.655298495918075,0.273178012431174,651.0,77.4513233849895,39.714790823706,32.8573938421044,12.3247095069554,0.0,0.0981446,1.0
7.31708382466729,2.27021042946111,0.631255567016154,0.149097917812289,512.0,65.4196529065513,30.4851612476408,56.8541325006539,11.5634258106579,0.0,0.0981446,1.0
5.39352020327903,3.89421916880276,0.707220739474287,0.240567049874677,496.0,84.0578950447827,91.8820121665652,93.0777767139225,11.7885813736425,0.181252,0.28116,1.0
6.5894643557868,4.00445644709552,0.649112246081507,0.104468292165646,519.0,55.8396594365392,82.5802317458674,67.6845522918346,12.3792164425567,0.375518,0.475494,1.0
5.37114136463152,2.23390653817905,0.710169075010881,0.123440092163813,667.0,99.8279635216417,83.2468626010187,36.7130882880757,12.3826694544062,0.0,0.0981446,1.0
5.88322415165048,3.5378199460048,0.624590553288624,0.355262446732061,476.0,78.7653444395413,62.059902337097,75.8285292732183,11.8224490982357,0.220956,0.320882,1.0
5.35600516605097,3.85979934641472,0.617864870885643,0.290722872250597,559.0,38.1813406504133,66.1543036427247,76.3638272733991,11.1739839049845,0.000468738,0.0989152,1.0
5.4937407945462,2.54910545537972,0.698569078602163,0.146635484564378,565.0,86.2964435044272,59.687967436873,50.3137870046559,11.5709058551748,0.0,0.0981446,1.0
6.1664908582991,3.35453859333498,0.551603689162028,0.266721042450505,506.0,63.5046735092825,76.0361530220596,53.1694139108313,11.7967211455323,0.822723,0.922673,1.0
6.43529080702927,2.01080899983713,0.595558444179879,0.140128423347775,637.0,78.7233166181209,81.6754384448982,44.6667479147758,11.4066617344395,0.0,0.0981446,1.0
7.37699096761565,3.78356734961601,0.611609079029105,0.371981612563597,360.0,44.9016126756525,66.146835688346,78.8551687198893,11.1738694401283,0.901855,1.0,1.0
6.47579751881943,4.24341624877348,0.613552262010193,0.344370095174236,587.0,44.6551193676765,93.2404467146767,68.9776378230527,12.278840898052,0.893009,0.992099,1.0
6.69893375999112,3.126619213798,0.574518205284898,0.205479723376824,346.0,37.0306188802553,53.0362189558102,60.6135464070961,12.0379489111798,0.0,0.0981446,1.0
5.28077549027342,3.56569763809487,0.687888931450998,0.158928753990126,365.0,61.0992662916159,39.3033001904294,34.349054950596,12.3463077315131,0.0,0.0981446,1.0
6.80764839984543,4.14855826579478,0.655173468393939,0.120866145688026,360.0,99.2345979022163,84.7206491756224,38.9214547021354,11.6412815957555,0.0,0.0981446,1.0
5.51900167497371,3.20420775283453,0.652433720279996,0.209628004907101,456.0,76.3496045121408,92.5214041160698,81.3614545441064,11.3756607785154,0.174877,0.274692,1.0
6.85048528726264,4.48247751190768,0.682554059489488,0.322043443738313,260.0,64.0196574869487,98.7679303585082,75.2119127388593,12.3054048796851,0.359461,0.459419,1.0
5.16963367342481,3.33278064045913,0.509119660877012,0.385916469074216,580.0,54.0604431900315,77.2795436471044,67.8238011895116,11.7603202628586,0.0,0.0981446,1.0
7.21537625393674,3.11754342526362,0.659743481180654,0.219714483014439,664.0,51.8014630510948,64.7501001386702,99.8415170133356,11.1453667506201,0.0,0.0981446,1.0
6.30853232304759,3.09279081236702,0.790252094650053,0.295297171008691,381.0,42.7092163829258,95.1443542033903,50.1686545123435,11.420135653617,0.72721,0.827081,1.0
6.30962506305184,4.06503386253732,0.67617376083595,0.353695330189427,530.0,33.2773312925156,40.3644165625251,57.0536161049354,12.2972528660635,0.901855,1.0,1.0
6.40164933806233,2.12140370534532,0.719666406390962,0.14367048694939,550.0,57.3029735056192,91.1016088370302,98.5945013716102,11.4327078197896,0.0,0.0981446,1.0
6.40373605826956,4.22274487385485,0.68178502236285,0.145313050503583,537.0,44.5392763853024,30.9864894370542,75.2623670728288,11.9130598587935,0.901855,1.0,1.0
5.27513717752997,4.30687701946461,0.533270740274572,0.330839733330953,667.0,59.6792240173739,61.9973937932771,46.4572698143633,11.736515573145,0.0,0.0981446,1.0
6.7392739374252,2.21194368202084,0.513588793886061,0.120964573447643,594.0,96.8202636567939,77.297739102905,59.4892085896965,11.6695381890319,0.0,0.0981446,1.0
7.01371026753567,3.30719184963525,0.774176850292307,0.37925767809509,616.0,45.360595366857,37.0861415132565,57.12423846212,11.3662957855388,0.473541,0.573489,1.0
6.03849408125467,4.01087645140138,0.520244321533189,0.130889536425148,251.0,36.9851687689848,48.6461235277541,89.2876623395915,12.3394248909491,0.0,0.0981446,1.0
5.80843516310118,2.00961773325564,0.532507088665728,0.168873740294361,673.0,70.4362810286011,84.5543228406143,51.6925564508181,11.2309642299902,0.669745,0.769612,1.0
5.0420078559672,4.33777230522545,0.788336084218152,0.331698664038831,524.0,61.163515640855,51.9070847454242,31.6481495759646,11.8093901850736,0.000468738,0.0989152,1.0
6.33668449549885,2.14510364273299,0.667662966527393,0.155947883519226,468.0,39.5050500976079,82.1864885365595,73.616195881298,12.0230772510963,0.184964,0.284708,1.0
5.25655419135697,3.33478927073538,0.70486100622974,0.192414017884465,338.0,72.9702168116458,69.3044949693825,73.0465469294366,11.2588276921334,0.288451,0.388274,1.0
6.30383462762993,4.01336353379347,0.786095142453807,0.309060726766453,366.0,50.4153175980464,74.7582732822406,71.8992301963663,12.0150868740355,0.0,0.0981446,1.0
5.51082369792735,3.65803359954956,0.691973557563439,0.314323365860353,652.0,84.1856810338122,95.3227476602643,41.5206999596518,11.817673938895,0.000468738,0.0989152,1.0
5.30935128794881,4.24175827898205,0.736342468527939,0.187264206757031,383.0,95.9644192579469,73.3948275898219,49.8159309635558,11.3336133650591,0.0830837,0.183028,1.0
6.39387605966093,4.04964495764623,0.745010027658225,0.206512318807757,607.0,42.1033833378113,98.2916894761873,59.3788974487027,11.5021413437034,0.901855,1.0,1.0
6.18696882653863,3.69593253698392,0.72613257610704,0.148559885578496,646.0,58.8931712059187,83.0533658493662,33.9521444956429,12.1507930633845,0.179362,0.279345,1.0
6.92661895220015,2.56700455074638,0.758292708813643,0.189504235731944,336.0,59.5658979966693,36.4974891164023,63.9183554838165,12.100901930558,0.901855,1.0,1.0
5.73153583350455,3.4797823474417,0.550224322895042,0.214481936359227,588.0,90.5200867821844,58.8174175959848,64.2212987989548,11.2396857037219,0.0,0.0981446,1.0
7.37347263967357,2.22675647935457,0.783457822985853,0.336386479330172,280.0,99.3851403219248,44.7964546701788,37.3349543576737,12.1566111563814,0.0,0.0981446,1.0
5.84017529585789,4.13271415747972,0.672953629858548,0.181358971307377,661.0,97.132041821363,86.8602239491468,61.845956684007,11.8655765801058,0.0169465,0.116203,1.0
6.55545958481861,3.48198878877665,0.717584893174796,0.370668967626771,540.0,81.6209875862417,58.3465771476598,87.6627430576356,12.3953101502431,0.417753,0.517731,1.0
6.85834333557995,3.86895131488057,0.548485801130567,0.123038945204465,699.0,59.2685465797702,53.599113650034,39.2606071963928,11.9316443192174,0.901855,1.0,1.0
5.80747417366606,2.90229067733583,0.766646826102554,0.19157949945527,553.0,79.0394319320538,81.7572469129446,84.7740995540158,11.2062970843911,0.901855,1.0,1.0
6.1994427662031,2.27943989255626,0.674509210088046,0.373349486853858,253.0,89.2618057669826,64.3628734914675,56.7233947849591,12.3295187785379,0.0,0.0981446,1.0
7.36312220152999,3.88416148450568,0.797691830141317,0.305195205723418,513.0,81.1286677711537,99.9908753420057,46.4531111132367,11.989905087056,0.0712232,0.170976,1.0
6.40365275358494,4.28565524148966,0.754351304097248,0.133237298284903,517.0,97.6751102940318,92.9950778191263,75.0365970392616,12.1115174115968,0.258954,0.358884,1.0
6.78527863831318,3.58297222358784,0.586619026147228,0.150954596139573,402.0,37.6226937717678,83.2076744379935,93.5510638044734,11.1839023051971,0.0,0.0981446,1.0
5.97734831918362,3.76649916817995,0.721925304042798,0.365356400214838,600.0,92.7311540032938,84.9630952361722,74.0261399844075,11.8327215260579,0.870781,0.970278,1.0
7.11981846589106,3.02331371461042,0.741353635763537,0.241429053732896,290.0,57.6074947566186,57.8479802105302,69.0918081003368,11.6777783793092,0.901855,1.0,1.0
7.2595584548819,3.70718859158099,0.511556038665603,0.375345250016102,463.0,46.7475035280443,50.2092170498019,90.6607899801196,11.705817194035,0.0,0.0981446,1.0
5.39505982770209,3.80651737580272,0.600176643042834,0.356552354242053,425.0,62.8631666255156,89.5371467977131,49.0044091292522,11.5253132429317,0.200966,0.300711,1.0
6.17923814074463,3.22594140800087,0.672602232464867,0.171557107840298,525.0,75.6474600966908,92.68682936477,81.7217335008727,12.1495706426038,0.296492,0.396454,1.0
6.91306201039584,3.61884925484964,0.606668414177924,0.121538257453477,431.0,43.4465066546784,96.8424864429278,69.043735764706,11.4607515871536,0.901855,1.0,1.0
7.04574414922995,2.19345032561576,0.797522126317427,0.241982737536758,279.0,48.0854019902413,59.3862084314038,98.415557730656,12.04155323867,0.0,0.0981446,1.0
7.38162340263901,3.23771992125859,0.719237667570502,0.115731135081272,476.0,88.7815850411925,36.0913247256093,31.7757367704844,12.0425579778329,0.0,0.0981446,1.0
6.54629672700501,2.86947204379567,0.743784382144402,0.34604198975726,692.0,68.7553338412936,59.4138723075604,39.3781965792218,12.2078325862094,0.27172,0.371556,1.0
6.53130871569403,2.59407206905992,0.591133047296543,0.371484767396692,482.0,68.622110831233,89.1994884156453,73.4438566794274,12.2047033095534,0.334148,0.434086,1.0
6.64575370107601,2.67407247971897,0.681361218146581,0.327869008327928,412.0,32.7900358555671,78.6400574218284,45.0514187778886,11.81226317545,0.901855,1.0,1.0
6.39668587897324,2.77538523585129,0.685592354935652,0.235980382622362,560.0,38.3419160617268,44.6428541487523,95.5943957396299,11.5024334292746,0.0,0.0981446,1.0
6.64966072419753,2.91822955409214,0.724988221193687,0.249884696626026,506.0,77.3609255282199,49.7564013777793,61.5874823831349,12.1465488577371,0.329966,0.429831,1.0
5.65773104540751,2.40430298012692,0.655255806355176,0.203632542841766,449.0,70.0579982246475,85.7171903331885,30.4452495241529,12.3994941314359,0.0169465,0.116203,1.0
5.08234353127286,4.35866759403106,0.636521463314908,0.167180171940757,656.0,96.4953261129292,40.5749925154737,82.0281859832701,11.7923552302168,0.282956,0.382804,1.0
6.56953305803746,2.51960200627117,0.733014237934243,0.299579846240742,497.0,81.3917234855414,57.8548632329982,54.3484085835661,12.2041976789732,0.147397,0.247387,1.0
6.04406976622728,3.68028347205013,0.716982909291926,0.335128446172138,549.0,46.9398871926939,62.1555811730949,37.6961468571234,11.3356948735655,0.893009,0.992099,1.0
7.02722479817793,2.08773407144463,0.718616708464582,0.144149148677955,645.0,65.3339591117852,85.4092911521367,54.7381579671901,11.1178823824394,0.0,0.0981446,1.0
6.59449068547168,3.58762500279686,0.513574049094543,0.165653958008653,385.0,55.4997199811096,57.0239416964582,88.9313244100818,11.5573708768587,0.32666,0.426627,1.0
5.76873029919738,3.13695074443583,0.697131509345281,0.367346390070182,318.0,60.5222642225766,50.651995161797,91.2782628690725,11.8793899855606,0.140376,0.240181,1.0
5.76347940889214,3.23707074631544,0.781691220565753,0.244066481891974,589.0,39.4580285269778,49.7963816840248,35.2890409766305,11.5442851833907,0.897759,0.996418,1.0
5.15664581775193,4.49854419608888,0.635706271353609,0.370377916408883,256.0,92.4607029119891,60.7118544529398,86.3410202036077,11.2023526828685,0.540581,0.640539,1.0
5.91567938949354,2.68506531430623,0.789349262527031,0.22856027670784,353.0,70.6808437757764,77.5514293103435,35.4384653209331,11.6373407114261,0.0,0.0981446,1.0
6.93516606337999,4.40988264392296,0.788658987962435,0.24828453939504,523.0,75.8123155330744,36.9375368290764,60.2589999877754,11.2520554402327,0.131122,0.23086,1.0
6.48796403675291,2.92409951369581,0.76675480730166,0.189457372685067,545.0,54.333762882634,85.6801297103562,90.2497260781508,11.1705853902443,0.0,0.0981446,1.0
5.27411593423608,3.6759471737807,0.677869206248667,0.191498611701744,639.0,97.3105161835338,70.6089288909572,53.20554384117,12.1243559013871,0.0,0.0981446,1.0
5.22246559836797,2.15440159464566,0.595547406851439,0.355173432336016,680.0,61.7553781730527,91.4744291048229,74.9454789195104,11.9898910440694,0.18744,0.287382,1.0
5.65339577195071,2.14944599142329,0.584757345544779,0.399224016736105,256.0,78.7709319610943,95.488944713495,62.7876911859472,11.6673185698394,0.0,0.0981446,1.0
5.94892038065065,3.77228513169904,0.680599308966815,0.111028018106862,341.0,72.8813855690328,40.1275184823508,91.6667183551291,11.353194597091,0.0450759,0.144939,1.0
5.33210614756898,4.3918893774308,0.713944603324259,0.108162005120565,463.0,88.6334561601368,76.3155489920816,66.1760741367172,12.3852041259723,0.269815,0.36964,1.0
6.28522538714517,4.14818397162483,0.643243748530678,0.372448545237709,484.0,88.0612929656683,54.1739179382716,89.6807638747174,11.7685273333116,0.752613,0.852603,1.0
6.06564160845613,2.02488419770367,0.595183103208322,0.357083579560785,332.0,86.7395099698897,98.4610444516592,88.4418654006921,12.0339632958898,0.866689,0.966276,1.0
7.07447479325028,3.25411900280462,0.513452818361817,0.15317977740255,539.0,75.8166572570517,98.9279578006331,76.6398518245064,12.3982146421745,0.901855,1.0,1.0
5.23474943977346,2.84762958109347,0.581033188802774,0.275222884926471,614.0,67.0900132829756,38.6114170102555,63.5801684705772,12.2884592592153,0.901855,1.0,1.0
5.3689470761569,4.32507266285818,0.50661334459902,0.242562534993612,438.0,90.2603430485425,76.4265457713138,65.1719783832327,11.856271615583,0.901855,1.0,1.0
5.10437562913769,3.0735259114908,0.517025562624486,0.316196761064097,641.0,36.9733541599829,76.7675634372767,72.7390733623021,12.0509536349082,0.816972,0.916916,1.0
5.20549691251943,3.49058176819374,0.675164778784641,0.2469626900594,445.0,60.3881370240352,62.7585980869325,67.2854272466841,11.1336706116173,0.0,0.0981446,1.0
6.39359294067548,4.08748861969079,0.522012124436818,0.302609067893564,513.0,75.1321889841611,54.4689386004799,92.1832225068863,11.3921541481061,0.901855,1.0,1.0
5.98441872859415,2.83536047744288,0.715187383314753,0.225323067028116,517.0,53.3674260801175,63.7447303810642,98.2629366605019,12.2075726669846,0.622768,0.722621,1.0
6.15412225479049,3.34804996397131,0.565546715697052,0.170457844417156,668.0,49.5665613948637,72.839865672158,58.6719621004561,11.5023888721664,0.901855,1.0,1.0
7.04875215379137,3.28813999439039,0.625448905091736,0.380758420974292,542.0,98.9381006799485,43.8162108511258,41.6280085592573,12.1829923469291,0.0,0.0981446,1.0
7.24498303167031,4.39294090302881,0.776860533648438,0.155645597397815,428.0,52.6052993480398,87.179077219947,92.8155286503952,12.1192393443534,0.355404,0.45534,1.0
6.91285683250285,3.22490849259273,0.614690257555072,0.293182725387172,594.0,60.2995070651878,88.8967334933711,85.6216871271567,11.2180324711843,0.855061,0.954924,1.0
6.00107086707315,4.27266723012838,0.509778214925945,0.351095219122028,462.0,79.0111128256731,34.3912145435251,53.875760050546,11.3091615483929,0.294701,0.394684,1.0
5.39038697910893,2.49777483878978,0.768801066409514,0.103426630806612,523.0,46.4104870836402,50.0940612493162,94.7866705839748,11.9568844859386,0.56013,0.660073,1.0
6.13110849918603,3.10573835035849,0.596135840406275,0.257553921630413,280.0,50.6245356232501,38.0599403966495,74.6074437722632,11.3521667201533,0.247697,0.347638,1.0
7.2105927432215,2.50964736727383,0.576515508685149,0.352702930458287,427.0,31.9482538464429,77.4213699425964,76.081636679155,11.2391527907727,0.901855,1.0,1.0
5.41644683170722,3.93921338497484,0.546875446686417,0.1549495807861,250.0,58.8316350319898,86.1853877127183,96.7217200434082,11.4299118766293,0.356958,0.456821,1.0
6.39711816204468,3.790783236963,0.758985304763998,0.38414476329693,647.0,35.5462503293545,86.2196240066929,68.6154136175086,11.3205283816965,0.673247,0.773198,1.0
5.00353546717007,2.78677469606425,0.511746053144849,0.111218704478055,337.0,91.2836486303925,42.8468418590778,42.7212571223296,11.2072937933448,0.000468738,0.0989152,1.0
5.0256044014584,2.86449111189677,0.647831498258643,0.18443878245447,556.0,70.4933095284205,71.1871562777919,32.951689032836,12.1688102815069,0.0,0.0981446,1.0
6.97210610248745,3.70851765656023,0.788552584354413,0.220051383600452,632.0,59.9935554334188,91.3690137978686,55.551892443996,12.2293649083605,0.901855,1.0,1.0
6.50412123252011,4.36180794815127,0.671469929814705,0.131500130847569,641.0,51.1415706616183,39.4457732173629,31.4394739679811,11.9304482087769,0.901855,1.0,1.0
5.75675815492183,2.45994991084424,0.616295655915286,0.34727615686088,442.0,61.0134320240332,83.4296619845529,82.2456313798472,11.972995768497,0.367523,0.467505,1.0
7.09760168972225,4.14282953833502,0.718982998098162,0.248466482921511,624.0,40.1640247924174,57.6450450647276,56.4795068308242,11.8277069547139,0.901855,1.0,1.0
6.78270330845191,4.45045291788132,0.623926005238785,0.32178264755131,690.0,64.6574517890889,42.2655020814037,75.5500375856317,11.1832309223038,0.901855,1.0,1.0
5.88510794837497,2.40686729784259,0.686354854603344,0.10645918041708,263.0,35.5892971856388,33.2918528524407,71.1645083961765,11.9239160853944,0.617196,0.717044,1.0
5.51912203182961,2.6867702307357,0.506596910690179,0.202238707476486,633.0,89.452095188832,68.8670265772415,32.2135438383744,12.1822720242515,0.0,0.0981446,1.0
6.56773779579724,3.04453729511848,0.795764741628942,0.268934371584796,389.0,75.159651726114,94.2664648287484,86.5488961529685,11.1474430129129,0.0,0.0981446,1.0
5.35497213278532,4.12964762543839,0.648462662981912,0.330821555811052,534.0,57.7348460674237,47.8685302064213,85.1360079443029,11.9146492685777,0.901855,1.0,1.0
5.44012774077416,3.45512472175451,0.699730214272176,0.386711385003961,545.0,84.7504573011342,97.5783917257067,84.5564195517531,12.089204546422,0.275502,0.375352,1.0
6.93788685197014,2.83937613195387,0.750404646457463,0.244511847177588,573.0,76.8848443870577,81.7867585012047,83.2740269089311,11.1136438823705,0.0,0.0981446,1.0
7.33922291496458,3.1144922592481,0.575016733922345,0.340684366564426,268.0,38.9783710511454,70.526507499739,88.5017979765787,12.2419818208122,0.0,0.0981446,1.0
5.74714578041648,2.51134026982083,0.552002363378004,0.220326551673236,329.0,78.3920519561346,60.7094233473547,99.0523919093987,12.0263532140783,0.0968312,0.196807,1.0
6.26635274992909,2.36377476653226,0.7902267826806,0.288578467559951,483.0,51.289125029692,93.6508307599057,40.4919114889143,12.3802195981451,0.866689,0.966276,1.0
5.45353329464847,3.16811602279347,0.560119308939443,0.212362522587056,382.0,71.0329163675103,63.3305960834989,72.4852729683965,12.3376358439563,0.314797,0.414654,1.0
5.25582285351208,4.22522815984993,0.720181099843655,0.149389247000248,369.0,39.4990747474297,71.5228105256201,80.9079887378243,11.258926327387,0.901855,1.0,1.0
5.3528928956528,4.33450963670434,0.568936071988671,0.11349510271018,363.0,31.6759990253269,36.2579494825705,80.7821191964324,11.7743820319561,0.184964,0.284708,1.0
5.90088706638029,2.42092932854952,0.790355164084058,0.128326990352486,554.0,74.7283089924593,87.6057393760807,79.826188541926,12.346193945916,0.145087,0.245027,1.0
6.98919070027741,3.15471535138548,0.730625139578603,0.151588739132153,571.0,66.1564940246645,32.3664803261274,34.4021299637418,11.4975513720154,0.000468738,0.0989152,1.0
6.31508106285092,3.67160300939124,0.659739846649369,0.333570845649845,371.0,36.9253609098236,97.7538360403119,69.2756371187093,11.3421661654944,0.901855,1.0,1.0
6.24669014512929,3.55316217426897,0.520098961879262,0.312214999575808,599.0,90.0278140585419,63.5074602559347,96.6957071184861,11.2655155005997,0.901855,1.0,1.0
7.03829265603589,2.56933985455184,0.627937858503381,0.127087959906269,658.0,82.2598017855524,88.5080250170999,44.0275988985213,11.105756850036,0.0,0.0981446,1.0
5.64122405356125,2.68974839668577,0.75941426716066,0.273946821540752,584.0,78.6449874385829,58.6447768985964,98.0759961356304,12.1222869963751,0.901855,1.0,1.0
5.12570957161358,2.63189388341517,0.544609431178261,0.11615096802921,447.0,86.5410229057233,57.1190999688795,97.4831441946594,11.924841796847,0.901855,1.0,1.0
5.08737766572817,4.19407701441748,0.577845484584968,0.174106623444911,334.0,75.2261992052456,54.1418631401921,44.6409677410627,12.3113152615434,0.0,0.0981446,1.0
6.19446450199647,2.02603288675856,0.776138943758277,0.194276472108909,376.0,70.9039149756448,90.0683487688537,67.0053061309214,12.1194089746605,0.314797,0.414654,1.0
6.96885472134851,2.77933772495733,0.776475893344702,0.328222035133153,555.0,53.5090691724695,85.6944750802628,60.9259249505609,11.8432550489853,0.473541,0.573489,1.0
6.583138003214,2.5905698208598,0.596098721812659,0.355503874953873,310.0,68.1875050810921,76.0475624502137,72.2673021425717,11.6785983342745,0.00358196,0.102241,1.0
7.1480091772094,2.54097338425579,0.709376473772517,0.239657231731232,512.0,88.9155097666585,37.9144176126064,36.5495407229399,11.6515347879097,0.0,0.0981446,1.0
6.69712677730805,2.33833924261263,0.646844583573004,0.200937311467051,271.0,84.8435113921187,30.0486942910057,35.4531759569128,11.5627570740904,0.0,0.0981446,1.0
5.28333558592895,3.60356037206806,0.755096389726226,0.145930827151682,325.0,94.9044210905418,50.1517013998562,30.4589069307282,11.6342018548472,0.0,0.0981446,1.0
5.07613434684179,2.07337591757338,0.778266911770508,0.268539214153205,583.0,50.5722105051686,53.4959767818948,52.5134880632175,11.4814221457238,0.901855,1.0,1.0
5.67893687068784,4.11828165836904,0.776307305907134,0.305603936366756,308.0,60.8152274673537,32.0571492442942,53.9044415685545,11.5247275512742,0.0,0.0981446,1.0
6.22594275600257,2.47446585077632,0.772542299070685,0.136717911578069,352.0,76.447272526799,49.0518848928445,63.7414819410331,12.1953073672442,0.0,0.0981446,1.0
6.93834475364817,2.81832098568605,0.769901525247148,0.127170391964303,322.0,48.4054658562491,75.0528387351676,59.6803789803814,11.5467393639841,0.0,0.0981446,1.0
7.13047917869494,3.23500698251788,0.626122102166266,0.170758792097964,410.0,92.3283559529803,99.8962014470825,35.91579349326,12.3109738207843,0.0,0.0981446,1.0
5.93939802325314,2.97772384596326,0.789030303087258,0.178451401045077,471.0,80.0726364482952,96.2221530224018,78.0658616431856,11.5945228230111,0.83501,0.934857,1.0
6.28149447536741,4.34775502293933,0.767140196714141,0.288678813534893,408.0,62.3918421137125,92.5087157057706,46.1615426057146,11.6229175876934,0.00790082,0.106991,1.0
6.65563088167542,3.42063860161743,0.665111585527211,0.300459065129124,582.0,44.1811780750936,75.2331366171185,60.3733399337164,11.959143169778,0.0,0.0981446,1.0
5.64406345459739,2.12714920181348,0.62414005758613,0.315735872571512,565.0,89.201816328675,35.5488291206549,45.689292245505,12.2314041381567,0.000468738,0.0989152,1.0
6.76734062878328,3.06045810686547,0.745758984285649,0.228425726346324,666.0,88.4990959691086,62.7942031459109,51.6007664348594,11.1481154681144,0.0,0.0981446,1.0
5.96301327272235,3.84611819091522,0.782037857749472,0.123040985046111,253.0,79.7759703084771,38.8916807098947,57.2587962998317,12.0148870765267,0.870781,0.970278,1.0
6.49032113930065,2.98635386427653,0.500394302799278,0.262891571896734,496.0,90.330728682733,69.6018104683625,30.4890490154225,11.1804561539393,0.0,0.0981446,1.0
6.63862129530831,2.88372168052686,0.734348822857736,0.108407129299918,592.0,60.7393470704683,81.0793786741482,57.2317039711281,11.269465968851,0.901855,1.0,1.0
7.35543312034245,3.19923436517985,0.554940874995147,0.246114601825821,563.0,88.8257132947334,81.0354305585358,44.8610313054996,12.2189636535783,0.0,0.0981446,1.0
5.34185915225248,2.32569657203676,0.532846770524277,0.221568139704396,504.0,90.9169637289738,70.9324845939512,47.5257418577179,11.8803819295131,0.0,0.0981446,1.0
5.45251054147033,4.08755705060057,0.703754512507493,0.211128726091649,653.0,56.4659769275175,43.0550245429147,43.5614231687069,11.2724580651996,0.901855,1.0,1.0
5.27832021116635,3.80330982751057,0.541069733925287,0.320729150012751,683.0,64.2640083208977,71.3369341287786,66.8188143787973,11.9695440532197,0.901855,1.0,1.0
7.00731869640733,3.33320931197051,0.609490907707858,0.190991994905448,290.0,55.4296301213637,90.6963021937425,49.8065534188467,11.5996330159558,0.0,0.0981446,1.0
6.62211131066826,3.03351546395032,0.638979911438153,0.195393010236377,295.0,85.3806825123,60.1859536118413,72.3175623672039,11.3036269969519,0.245656,0.345549,1.0
6.17497775866392,3.28690549702958,0.641267531885345,0.285621142496698,253.0,65.1913277723193,96.3010133301856,49.2036828291393,11.3876703164379,0.0,0.0981446,1.0
7.0662837788358,3.16896461634962,0.771012757803757,0.30935309495315,439.0,74.5286727564712,63.5864860315272,57.25318673621,11.9708645581061,0.901855,1.0,1.0
6.02592335292772,2.10012953756809,0.521344014943783,0.249793444757171,550.0,56.6790936778923,41.6143336103732,79.3023020014154,11.3233900899041,0.866689,0.966276,1.0
5.54947444813566,2.99860494929855,0.632886122323033,0.383865050546852,498.0,46.4673541362122,54.5526762873748,64.4356173017083,11.8298083917256,0.757374,0.857253,1.0
6.31961250452116,3.66074275835548,0.67733894114289,0.176023780201126,501.0,31.4694516900988,69.758882537662,71.0921624662994,11.2623036608861,0.481007,0.580874,1.0
5.3155690464674,4.3048536941315,0.662426543730792,0.132219859093529,670.0,93.1838793420448,92.3171605544181,86.8267980659388,11.9117194877131,0.901855,1.0,1.0
5.65666918450578,3.71163503584194,0.643063817431754,0.2708662921589,627.0,45.3860936618587,52.0908916964384,92.671032188604,11.5596860427352,0.0,0.0981446,1.0
6.0149508261293,3.38262010868944,0.586748882662523,0.351517239350516,666.0,39.867667931238,52.4983029701467,36.2612466076975,11.5399414252605,0.901855,1.0,1.0
5.03153260144653,3.71082376538764,0.551261197368846,0.324158768123288,616.0,84.2199008098827,73.774442047195,64.0084817377085,11.3951445472549,0.34406,0.444057,1.0
5.33213860031138,2.34387395553131,0.608883117222118,0.146972899344278,368.0,94.1409224032227,35.7277287449311,87.5180018431817,12.3727300324023,0.0169465,0.116203,1.0
5.29566239648398,3.61096042336389,0.578113079216628,0.161514048644993,474.0,73.2881175168766,34.13065417838,75.8167754589925,12.2849043014232,0.301811,0.401703,1.0
6.78307316242447,3.3853467109261,0.618282750577459,0.18287101126727,361.0,51.8875615874047,88.3407994353434,46.5765990311295,12.1726592823096,0.901855,1.0,1.0
6.15100227148832,4.38912905935874,0.601920263427463,0.255963882106281,337.0,69.6592826264827,33.3741505143676,67.3851752990126,11.3083031710771,0.901855,1.0,1.0
5.80771027173292,4.41201374907288,0.748661516965846,0.260032320877701,485.0,68.0116128350985,83.9823546635706,95.8507797249398,11.3197889368031,0.174877,0.274692,1.0
6.51612312776949,2.83588443071095,0.517796943654335,0.230124016506878,264.0,80.6676767954999,78.2899004739779,86.7373247252359,11.3160834616341,0.281106,0.380958,1.0
7.01816620704879,4.17058794707664,0.584882731113655,0.392615684336848,528.0,80.3702515392807,98.8719592315633,34.1610786474834,11.3908941443738,0.0,0.0981446,1.0
5.20897659734116,3.14855059004665,0.745555385723194,0.232741211700393,460.0,99.2895791416674,53.2220338085832,76.5365961792627,12.0637149277643,0.679118,0.779044,1.0
7.39051601815764,2.11356040708597,0.737195593925525,0.392991634503615,422.0,75.8424405204641,72.9921417301399,61.747842785328,12.3841081541351,0.288451,0.388274,1.0
6.02922800846302,2.94806952815606,0.716994003964377,0.132016284021224,642.0,61.6705475553975,96.5780196044928,33.3761061769367,12.2096461197025,0.0,0.0981446,1.0
5.09647791143359,2.52868440175589,0.570504524582766,0.187839316411978,346.0,75.5422761047158,40.3293885335318,91.472958334877,11.5168596823106,0.0,0.0981446,1.0
6.66144393403382,2.60736699061191,0.585829345597893,0.20422369244985,578.0,48.1631151282158,98.8191006273089,81.2360941434042,11.8040415695446,0.901855,1.0,1.0
6.29883602155862,2.01512329416348,0.675593104690216,0.135214178911035,641.0,55.581857312622,99.8092903907097,61.8244811604105,11.6061644609796,0.0,0.0981446,1.0
6.20915594169158,3.12434700799486,0.65645762826089,0.119669691012594,471.0,64.587988256635,58.973788860309,36.753130414841,11.8028275538647,0.233915,0.333687,1.0
5.67206101814523,4.05375477217011,0.549806407427688,0.27804666234551,389.0,93.2583797503239,96.8795873267338,70.992844470366,11.5887579743731,0.000468738,0.0989152,1.0
6.3654710594668,3.37224523154175,0.567543830475718,0.390143966702963,554.0,82.3671247465497,65.0069570398085,84.5172885334302,11.618737338097,0.0651433,0.16499,1.0
6.21434786876415,3.88587349159044,0.671844137023614,0.196150159153106,357.0,35.5563808524506,76.4903371535483,68.5836445843506,12.2756737616383,0.841731,0.94138,1.0
6.06860798478852,2.90850055546489,0.516494998925304,0.142629163090368,652.0,61.0827998608487,49.0931238150115,95.8621153541687,12.1869286149315,0.264825,0.364825,1.0
5.19172035228903,3.39470582534005,0.507200777814055,0.260490713490864,527.0,92.2625639232136,64.7689318425639,60.9742501731489,11.3802495608016,0.0,0.0981446,1.0
6.49363051099715,2.0158774655439,0.675420536697574,0.371868933187965,498.0,49.674238138669,78.2168161481824,64.3171321146115,11.3545603516504,0.901855,1.0,1.0
7.36300321179315,2.51368905328857,0.613776143252727,0.381718939545434,581.0,82.4166388187685,87.3033281047023,81.2976628294885,11.737232459433,0.863085,0.962497,1.0
7.4234104866554,4.40292422165736,0.68598806361898,0.325673619512725,419.0,86.1428512395331,86.8983853349918,39.727138763752,11.1233001102927,0.0,0.0981446,1.0
7.46371111832288,2.31637072535321,0.565665172324749,0.131188079869287,280.0,74.9460160336889,47.6717460754986,49.8577980935314,12.3897323359528,0.0,0.0981446,1.0
6.43071260246844,2.20369825050244,0.618739568308577,0.314150318427679,351.0,82.6404261319176,31.3974122902764,47.1428509872147,12.3041910907026,0.0,0.0981446,1.0
7.42087363548108,2.05153119702254,0.784208756174876,0.102143049977965,477.0,78.8982494444945,69.1256669823537,74.6374934366232,12.1414766328624,0.170936,0.270858,1.0
5.97289984234489,2.1008527968124,0.700685679495367,0.247972557408244,411.0,88.376217453459,79.6842764563093,37.17877712844,11.6295192241599,0.0,0.0981446,1.0
6.40988302118029,2.96507541319115,0.67670461607462,0.360579932876301,667.0,30.1857189555127,70.0718892108176,75.1494283223788,11.2183233623716,0.901855,1.0,1.0
5.64376370913823,2.73029199263857,0.645402621558745,0.358109747071531,359.0,46.2591996052241,83.4213113724987,40.0134550121498,11.5868687546829,0.841731,0.94138,1.0
5.47948659733931,3.97624243172285,0.636728769982275,0.201931403467466,681.0,58.1726860362348,66.7681234981183,33.2141518138434,11.2185778306331,0.0,0.0981446,1.0
5.37369582624015,2.32961431430069,0.570407017734985,0.152133811072409,609.0,73.7393750118606,68.9028562226179,42.643722737402,11.9218656946525,0.0,0.0981446,1.0
5.28645066065715,4.40325235532456,0.788818672995763,0.178226558242854,551.0,87.7641624512208,50.0438028414121,59.73376103779,11.1419275671591,0.0,0.0981446,1.0
6.39142739972032,4.26542834019841,0.760912352733115,0.296576666662298,358.0,48.4028749623792,87.2689783944706,82.8841205248828,12.1247183628894,0.901855,1.0,1.0
6.09168585011769,4.2670545851387,0.689255350332748,0.392369127620274,636.0,85.115807105389,33.0190305759801,62.0666448608576,12.2408443384781,0.160035,0.25979,1.0
7.1177948176425,3.87195184952464,0.752370970684059,0.144179227505602,430.0,92.4646792110218,41.5956309826338,39.1520938065717,11.4147076809372,0.0,0.0981446,1.0
6.03101197155049,4.42175550676903,0.596178637710809,0.353429088670282,530.0,67.1666755175804,81.0184782624558,52.0600129493805,11.408854271253,0.901855,1.0,1.0
5.48939670672962,2.4339799871558,0.504112550253952,0.356474526831038,306.0,75.0893981744798,39.752687811906,75.9514247606656,11.8799253001214,0.901855,1.0,1.0
6.21391265940179,2.21696114079273,0.788709847831443,0.393078017359867,650.0,69.7214343046119,43.2068082075953,96.1200421303789,11.3441840641236,0.0,0.0981446,1.0
7.41744933254186,3.82042249737993,0.532917004601383,0.250992182255647,373.0,93.3514720278897,30.5924427334972,94.3418576463728,11.2297643408384,0.83501,0.934857,1.0
5.45407019965039,3.26605084420553,0.774726135014353,0.186784385538693,382.0,65.7974999826596,71.5639589376543,57.8649570824135,11.9051207502857,0.870781,0.970278,1.0
6.86463605557741,4.2719487502898,0.636920999035579,0.321164610455314,295.0,55.5903864150484,31.2477559322563,96.4394438712579,11.692427456313,0.0,0.0981446,1.0
7.3330034932528,2.18880705406779,0.560593061483013,0.369643226584873,335.0,99.2344022555557,39.4859780622525,76.7513555762364,11.2082501809433,0.901855,1.0,1.0
5.80010197112276,3.78797299318999,0.725879019507031,0.326929072395009,379.0,61.1503969445418,65.5218385230261,86.2927462593846,11.8139994644484,0.901855,1.0,1.0
6.57056185930692,3.7369752863489,0.623339134327146,0.200736202935547,358.0,53.3337991452774,44.4984165688898,35.2241402238802,11.1336221480852,0.0,0.0981446,1.0
7.47914520833396,4.23595181818938,0.791517580500812,0.256877897358245,611.0,99.3822647046462,93.0715073702281,30.9076557026929,11.5210447647662,0.00358196,0.102241,1.0
5.316096468252,2.81213234286774,0.72509283591561,0.233441192609175,661.0,95.3203119415419,90.8132161631924,61.7645838524013,11.6065401173723,0.0,0.0981446,1.0
7.10202054053951,2.87385382448534,0.534396416087064,0.113613222809379,699.0,72.7476503058284,68.1677482136408,80.2420916825948,11.2808898792512,0.290265,0.390075,1.0
7.13573363109487,4.35723020044992,0.695936893821952,0.321406992086425,305.0,69.2521917024919,82.13231199442,36.3419763174504,12.1552236020413,0.345654,0.445587,1.0
5.47113845944555,4.31448898281806,0.789048054188774,0.212370958717239,460.0,46.4492157309339,83.8614237015199,53.7932686600672,11.955261766041,0.901855,1.0,1.0
5.49690392275362,2.8315173848941,0.527441195552208,0.149516028416352,415.0,41.0656865169805,94.9769091674724,78.5174771198368,12.1771635895829,0.0,0.0981446,1.0
6.22168824357172,4.3121789026938,0.761020978182932,0.353738488096807,254.0,39.7618467558755,31.0800884413289,30.1223512505108,11.8704162274467,0.0,0.0981446,1.0
5.22970406191664,3.8306237125927,0.693766033898573,0.127792610884229,450.0,57.761161894791,92.2734101688987,32.3588876737888,11.9770882335355,0.0,0.0981446,1.0
5.28179968603448,3.34687195062812,0.678042835746575,0.170270375175619,700.0,73.5310678564713,93.8583625716428,86.951463406836,12.008212920465,0.848361,0.94803,1.0
7.06727136408738,2.17878861447545,0.719079604784519,0.262639513039856,389.0,72.1351179392039,94.5153378435197,42.0688958879606,12.049160539037,0.0,0.0981446,1.0
6.07737861355647,3.22743724037094,0.67867411449234,0.378175567816919,448.0,91.4258699035845,78.7592721709893,50.2941705776548,11.1765420244229,0.0,0.0981446,1.0
7.10423904650797,3.5920343133461,0.792282388838686,0.234561623086586,553.0,58.9224668205606,63.0864702909743,80.2639880753569,11.5068784579107,0.901855,1.0,1.0
7.30109058444545,4.27562654562821,0.766094384782382,0.249349072547222,484.0,60.1288360356572,36.1065322217066,39.9367938194369,11.3217458728423,0.901085,0.999531,1.0
5.41501175389201,3.52701720754021,0.670969370756431,0.234567065408075,357.0,73.7700741081691,38.3913911088475,30.5334530913195,12.0663666378632,0.0,0.0981446,1.0
5.30181990707987,2.97192198379264,0.75107308547175,0.244107172965226,588.0,56.1059504555524,77.8415909432905,52.0438944000498,11.1600500226091,0.0,0.0981446,1.0
5.55305640704056,2.11363733702615,0.539689704556824,0.169244165178555,455.0,57.7584842552994,73.3298332710874,95.4046426119921,12.1841261271945,0.0,0.0981446,1.0
6.53051354686352,2.30188076529924,0.532561531853915,0.172903205244446,609.0,30.1375666274165,43.9417828103905,82.5064783846714,11.1224139654613,0.0,0.0981446,1.0
6.80100944785112,2.81866139110853,0.717100828939367,0.37020308797982,488.0,84.3052497319377,47.6890018968944,72.929881854443,11.8769762505442,0.296492,0.396454,1.0
5.52074222759467,3.24242331288561,0.763567883486167,0.215446499177383,284.0,99.8441276531075,31.926269679158,98.3177127665737,12.2570153166591,0.717053,0.81688,1.0
6.66737394718952,3.24726769182337,0.657990500086169,0.284715196107665,386.0,30.3009809711666,68.9618255033346,47.2900856227154,11.5669859725255,0.901855,1.0,1.0
6.12391565767097,2.43593640392186,0.507814726814722,0.36426271019474,388.0,98.9445574793518,71.965113221087,31.2818557086699,11.9229650934248,0.0,0.0981446,1.0
6.25236105315152,2.00228837246511,0.792244598663007,0.348148395677168,629.0,46.7837093735564,42.9650429115045,56.0291320743553,12.0818130825664,0.855061,0.954924,1.0
6.53193392736163,3.43971047389644,0.69965598966729,0.119324956725419,680.0,56.117790395067,69.412492107508,92.3043650135735,11.3802813644761,0.0,0.0981446,1.0
7.37419005378296,3.91227196836539,0.767373918323585,0.347654652596597,357.0,68.654257268531,48.9329820470416,36.8071204862027,11.6093983212029,0.682802,0.782778,1.0
6.56393050789406,2.71720196403655,0.520768604059043,0.327497727022181,498.0,82.2121283668521,37.6489486326381,41.9831428354744,11.5824203885608,0.0,0.0981446,1.0
6.9667900455468,3.467457512212,0.715392407933078,0.151783524497594,644.0,71.5551625753388,91.9367032722471,69.5182478955192,12.1040462614406,0.901855,1.0,1.0
6.93445846342239,2.14898444234047,0.511977136467232,0.361071495650056,646.0,31.9990428683063,64.7923725774123,56.9008377201262,12.3320689764033,0.79079,0.890537,1.0
6.47575063641432,2.74904117382537,0.7552563582701,0.356892851340167,675.0,65.0324388699383,35.7490322724407,34.0386974852175,12.2612837052086,0.0,0.0981446,1.0
7.17945408282034,3.75079941837076,0.748729695014635,0.251250359582937,421.0,41.1296197710697,48.045194275579,46.7980035242691,12.3350853113634,0.34406,0.444057,1.0
5.96477019991405,3.552757097746,0.633678666919636,0.399698746422222,328.0,60.230217162255,94.3644433250067,37.1309739384789,11.9448761072258,0.0551815,0.154589,1.0
6.46615312312485,3.2442349763693,0.797503254050868,0.296115030833289,500.0,83.8657671768092,63.2012734879361,46.5180475742232,12.3403898721413,0.0,0.0981446,1.0
7.17075160456237,3.15861603528436,0.741952753106429,0.262135664802146,467.0,91.581289409657,80.0495416653386,81.8382039372195,11.7240469561796,0.901855,1.0,1.0
5.64116701449998,3.40547135586822,0.732105040901914,0.235701366966864,308.0,49.5724987158388,67.1083408174234,43.8990813832474,11.180243240322,0.0941248,0.194069,1.0
6.21428265706978,2.61541907440882,0.594406549393426,0.313424899640036,428.0,49.2278651141807,88.2395399436096,32.4385680878644,12.2051968997884,0.901855,1.0,1.0
7.03593120434574,2.10787107127979,0.798124051755535,0.103632190521615,686.0,44.8822962370164,45.0973825500813,55.0261818161612,12.048728593692,0.0,0.0981446,1.0
6.20002087224735,4.02945175140973,0.541053987546183,0.274754399816291,265.0,89.7853179929347,74.6624599146287,31.3229756402905,12.176207659181,0.0,0.0981446,1.0
6.16497935016022,2.3585018703523,0.706508019783954,0.114479553243229,377.0,92.5238175600232,50.8875865561463,54.0647241824571,11.68765672758,0.0773271,0.177277,1.0
7.47039063058903,2.86993030296284,0.589698560278358,0.333542322525701,599.0,57.6406142707223,89.8861000197878,95.2838418557978,11.4069648109875,0.901855,1.0,1.0
5.03022924008267,3.31434840193743,0.72323458875009,0.304883141380128,669.0,35.4654165454778,54.7121118536294,76.3607381749911,12.2378063240168,0.901855,1.0,1.0
5.06097472487421,3.06563719560289,0.774804766794772,0.338730478179384,400.0,85.0643029627402,89.5342541889425,78.9527945244507,11.1929836348616,0.0214639,0.12135,1.0
6.35069395929112,3.44101522094189,0.730921873006123,0.326996401137466,554.0,44.7138748824823,38.6128718175883,85.4345903740967,11.4038034383484,0.305315,0.40515,1.0
6.46901810039463,4.28167044586685,0.77716284002293,0.109603188455695,448.0,42.2328334717344,62.2705671579789,37.0059337879366,11.3156053558796,0.814746,0.914388,1.0
5.42619867158372,4.28326653375109,0.627686028757582,0.393991034863168,670.0,54.5755872871651,48.4025317140276,63.8444900663399,11.8180049938867,0.339927,0.43987,1.0
6.75041051966392,4.0664848187558,0.516677447060731,0.320213563102399,422.0,60.0486811811454,36.261084700585,97.0155951409807,11.5778846350979,0.757374,0.857253,1.0
5.18117186213549,2.6750023908812,0.603300004922092,0.362269524339337,637.0,78.5670235985495,33.237426375603,96.0249189041205,11.127985970897,0.0,0.0981446,1.0
6.79482787420793,2.89792257216388,0.533651175513912,0.203659543624481,503.0,88.2450210248396,47.8036050199249,57.0080349994138,11.1346106551032,0.0,0.0981446,1.0
6.16962778846944,4.17676257353727,0.731360699644157,0.253500460669536,593.0,47.9857473651202,80.9662841077719,97.1344873256019,11.30272945107,0.0,0.0981446,1.0
6.9132289761575,4.48375470580737,0.661231117543247,0.121195529895613,409.0,78.9916968712716,89.8360485458182,65.2882367842656,12.3621209306588,0.426511,0.526459,1.0
7.08656636606945,3.3638708982121,0.542950185500851,0.293866029562079,406.0,67.2526230271212,81.7716928868374,37.0324043146266,11.1911379530454,0.091354,0.191234,1.0
5.2216313863485,2.26176719636194,0.715954996117726,0.358667453064299,386.0,65.0344532293063,34.8698705965689,35.3140755200307,11.872739389824,0.0,0.0981446,1.0
5.16732888235764,3.61809363382712,0.72000842212372,0.190466690452027,346.0,62.4903751721677,37.5121767010025,35.2483297287644,12.2027492496417,0.0,0.0981446,1.0
5.27374838095096,4.03576296647225,0.773712489080768,0.267904058007598,579.0,44.1832224745121,58.4225907166756,99.7204145703747,12.3125788928636,0.550268,0.650242,1.0
5.92009156502414,3.75896854279237,0.597920778128365,0.168576327833085,404.0,50.4136934350528,37.6696290617126,66.2732669097341,11.3653072908743,0.442633,0.542552,1.0
5.87125710604771,2.56964116740055,0.614021304387006,0.214262896995017,509.0,48.8566499608151,52.7439089416713,89.9812823392256,12.2583273363321,0.393781,0.49372,1.0
7.49217878353724,3.0363286841807,0.583478392239022,0.196871313658087,427.0,96.662672168034,31.3213252297477,95.0307595506939,11.8068161561962,0.83827,0.938061,1.0
5.75219029593333,3.10746514301642,0.695029053811545,0.188844547897248,256.0,62.7910712900108,92.2212986689323,94.2148846945472,11.1471657544354,0.0,0.0981446,1.0
7.38980828798619,4.22062283089929,0.647785037887917,0.37503675150084,666.0,73.5834325169783,82.5920405501313,32.5418395666165,12.0830648853241,0.168929,0.268896,1.0
5.50396975515316,3.16705863013549,0.697959665101432,0.382263481213647,527.0,94.6485332497193,36.8977375202019,93.5774782136542,11.6371976646621,0.800547,0.900525,1.0
6.66467032467029,3.96395097658551,0.779168717952225,0.280812770858912,300.0,85.674353746605,90.7111589450306,69.2893340744015,11.7650403020467,0.901085,0.999531,1.0
6.33929952901834,3.00600451916916,0.549805528916631,0.39965173193188,685.0,86.2407494662378,60.6712648084294,77.4929141385852,12.1031479443634,0.0994751,0.199453,1.0
5.2745005051321,4.21046695871375,0.682761915081433,0.236096853368682,575.0,68.541406831158,41.1975395548523,45.3568419297408,11.4804529949934,0.0,0.0981446,1.0
6.92730409023312,3.25387742706442,0.67289616500229,0.254727602615076,541.0,39.2685889505465,41.0389917092637,41.6584167016754,11.4378984170312,0.901855,1.0,1.0
5.22256801191535,3.26992265824312,0.705433945493939,0.140864354711709,435.0,54.1710177483239,93.2300498581411,32.8676398684316,12.3110872219815,0.0,0.0981446,1.0
6.20213109288629,3.549033276166,0.638918843741603,0.100804961647626,410.0,66.8738120394267,54.8386320532986,39.6162042151913,11.9880895864995,0.0,0.0981446,1.0
5.44932360413307,3.68841828271547,0.734572842871857,0.399231945316148,355.0,86.1188339273841,61.1133443408777,48.312429401888,11.5642511567637,0.0,0.0981446,1.0
7.45516379452963,2.1679194115516,0.799308118405336,0.108276475939289,329.0,63.8552748026541,90.7001369621122,49.1529700284256,12.3994844788912,0.275502,0.375352,1.0
5.13074658213804,3.56187292565037,0.769354788253442,0.130547339821299,477.0,52.554420856838,71.7021550044515,70.2188458395519,12.0786528892245,0.0586202,0.158269,1.0
5.26994609838566,2.22136178407589,0.792151470864175,0.263096758562535,314.0,90.9345668086018,61.6486656840057,84.9607811239998,11.1368514968027,0.0,0.0981446,1.0
5.81570194584539,2.72259906475197,0.707825093323597,0.366074811706123,554.0,87.5111395702033,65.447070718005,85.4966018065192,12.0728422150389,0.901855,1.0,1.0
6.6974233554913,3.04110526294521,0.553474356086876,0.378187417053724,583.0,96.8628191250927,54.2789494717188,80.3676633464023,11.10094849389,0.0,0.0981446,1.0
6.18048299141876,3.68963292933025,0.742762582979349,0.33543616655285,686.0,47.2057479831208,33.5633277400982,55.9754330792216,11.3963628874392,0.87865,0.978536,1.0
5.35047590865534,3.90468185123489,0.686611577511932,0.292057107335091,507.0,69.7106432555204,54.5224343766045,99.2667020308239,12.1570836905348,0.0,0.0981446,1.0
5.99983395783943,3.36940238156469,0.597067417999081,0.271392191633349,666.0,32.0788273483617,30.9889087465093,61.2814808040747,12.045245881527,0.0,0.0981446,1.0
6.50270216430885,2.43302584409144,0.719678877627667,0.361985207139343,265.0,77.9075129178799,88.5620925627994,69.6378506272291,11.9960694872077,0.136102,0.236078,1.0
5.15832050691796,3.22630472391938,0.778997388357379,0.115136025555083,421.0,64.2036974900424,75.6726525321988,58.5780607914043,11.7433973331879,0.901855,1.0,1.0
5.2001112942608,4.1905120359214,0.665859834404763,0.300711598221234,574.0,77.3860722041561,80.2315791119484,55.0688953947939,11.1798810024592,0.0,0.0981446,1.0
5.49642179248393,3.3491374048184,0.728263494610862,0.361001888140319,698.0,96.2436323967741,83.8937920448409,87.5402965227871,11.9875798856573,0.262878,0.362857,1.0
7.4012069791974,3.16473535067622,0.560566214716041,0.252402609501761,329.0,76.8342843297005,85.3593503852547,39.1295650884314,11.7795374048844,0.0,0.0981446,1.0
6.45485166425866,3.98256991834891,0.532338295175603,0.351578566073746,685.0,82.4321686009719,35.9844149353992,79.8871989992055,12.1235603698644,0.00790082,0.106991,1.0
5.21597721983059,3.03620964363356,0.662784771230155,0.345793760322641,638.0,45.1120167403072,79.7923997345839,61.6996987027583,11.3433180687116,0.901855,1.0,1.0
6.25121445390283,4.38579178235878,0.796186014341601,0.215155430855386,485.0,56.6766928224971,61.0621133531602,50.8958359778996,11.4992764532336,0.901855,1.0,1.0
5.23282804770014,3.21090127962736,0.520308018905037,0.359363164308242,475.0,78.460351051028,61.2975435880617,37.8155043783149,12.0285117143325,0.0,0.0981446,1.0
6.81935877374846,3.47770178756963,0.540457824262702,0.217444129837559,388.0,43.3824261136446,81.7204992916416,75.1148533670281,11.9816333993453,0.814746,0.914388,1.0
5.93189490284573,3.37322000875248,0.643811189636528,0.381197833358297,604.0,38.6988512827614,30.0784830717034,82.4223851797977,12.0887298457454,0.901855,1.0,1.0
5.38632517638622,4.12465937953715,0.702021024338103,0.363622564867699,321.0,74.9226038450563,51.2477428958217,65.0813814466638,11.1872049766053,0.129131,0.229096,1.0
6.92515762458446,4.28116762979642,0.561252764831007,0.292711677933375,491.0,75.3748648059827,96.7700199586211,68.8984431807062,12.2130139244197,0.459921,0.559832,1.0
6.86819382018161,2.50175705478009,0.698449107813462,0.108373699812404,610.0,35.0370359524144,40.1102728316586,89.8785347803473,11.5100531808801,0.901085,0.999531,1.0
5.3570189059261,3.11706080998941,0.546249934353191,0.21988930489091,567.0,93.1292990697126,42.4024465925245,96.8278315150075,11.3622850850727,0.281106,0.380958,1.0
6.35105643427846,4.31071568638174,0.571201478216355,0.376310135631511,259.0,42.208977855737,45.7639108318197,91.289461886177,11.6383597067381,0.901855,1.0,1.0
5.8272621815742,2.67288231127145,0.527184125419784,0.124219736928209,319.0,34.4590847648175,65.5204400128583,36.2419629443838,12.2857522102575,0.0,0.0981446,1.0
5.02306523058596,2.74296820586737,0.782957470487869,0.222658044110888,327.0,67.4435480443072,48.9912714969329,90.1909294287285,11.9821212118099,0.375518,0.475494,1.0
5.66242011557758,3.40617518049718,0.776190976187878,0.224305951845795,497.0,69.6531195152429,46.0113645368256,96.2007802378713,11.1736568463435,0.901855,1.0,1.0
6.3175488117345,4.43670667742373,0.510555591860278,0.123137002416919,378.0,90.9211257388928,85.7975621095409,68.1384290144818,12.0351541907226,0.217222,0.317198,1.0
5.36308486454438,2.00446245257526,0.759368884921624,0.116634858365337,604.0,61.5382043666014,91.4124332773386,34.9524084996663,11.3665001576247,0.0,0.0981446,1.0
6.47720370675693,2.83103242477297,0.682567038415012,0.270456265008152,685.0,43.5072127437248,66.0330258221577,85.6806303498529,11.7566633814753,0.901085,0.999531,1.0
6.659992776991,3.48542930382338,0.575448821685705,0.206523701036147,522.0,93.9669060657703,87.9915378922655,68.2111775955633,12.102341073822,0.136102,0.236078,1.0
5.20073308973094,3.05030302914055,0.583268647559748,0.279085736377785,438.0,99.2209919481133,75.4179002660066,58.2193579763461,12.0939876397045,0.0,0.0981446,1.0
5.67547281244149,3.92374483676434,0.787775380261146,0.321765298833904,430.0,53.1853735090996,43.1829693824709,95.3297420921333,11.5530485850866,0.142747,0.242626,1.0
7.26150498625603,3.79805144399983,0.623227299871447,0.378036033533389,458.0,80.4190283815723,88.0196007803118,94.5112199345791,11.7803985977504,0.87865,0.978536,1.0
5.43727597906194,3.90708343915841,0.551522548384083,0.1643493802177,350.0,61.5676698818189,39.0809302653609,67.5807998323804,11.599294133689,0.901855,1.0,1.0
6.42249640007085,3.31309588046588,0.527342519174933,0.34818273493608,253.0,36.6786354383386,43.7664890734488,36.6108735086638,11.2043754799409,0.0,0.0981446,1.0
6.19116940559088,3.06843212256822,0.606317671688634,0.355399125882321,699.0,85.9600993085954,69.7696406900161,97.0812759165449,11.7633226689379,0.901855,1.0,1.0
5.35934312269887,2.01301526288133,0.786654958338132,0.130395744049991,326.0,34.9744416394321,48.916461970211,48.4149978681542,12.0575394258525,0.0,0.0981446,1.0
7.08520264221258,3.63500989522431,0.513076932090194,0.174162331703191,354.0,54.1497198298551,71.4735060548694,58.7694221625365,12.1111212896393,0.797987,0.897941,1.0
6.29771887470505,3.32007710061065,0.680235937314389,0.357236878826441,689.0,62.3622493784382,36.653725676992,38.553924643641,11.1743907606823,0.0,0.0981446,1.0
6.67157101021713,3.81243809249835,0.625836858858007,0.1494470960088,344.0,30.5615311979583,75.4531214341648,69.9072426221416,11.3975972924833,0.0,0.0981446,1.0
5.11398184238913,3.45423027337588,0.798773550659376,0.148879358528058,568.0,95.633579564924,43.255249300348,94.6175397250741,12.1839544267791,0.547267,0.647103,1.0
7.0115668597544,3.66259305374039,0.548641494856666,0.148810157779294,253.0,46.6146993635171,83.206521366976,78.2330999987498,11.9179190187866,0.2679,0.367712,1.0
5.51845496896003,3.68878061332748,0.736180770531307,0.342037174527048,606.0,78.4564135753152,71.5244409450237,80.4159210326289,12.3287488667789,0.793113,0.892949,1.0
7.40071195472977,2.68868360129608,0.678451990222446,0.309613501166091,379.0,77.7753166410767,41.1512499283594,56.0332142447546,11.5941116354352,0.0,0.0981446,1.0
5.57145982636205,3.939146908684,0.558268026277375,0.360843608920204,511.0,44.8221302761281,65.8765004759107,86.7000052984381,12.1867254632042,0.901855,1.0,1.0
5.87118327089891,2.64484877283521,0.621782652158352,0.151088984876471,250.0,67.4089237133359,98.3102787444941,41.4337251139021,11.63109852273,0.0,0.0981446,1.0
7.14592771368803,2.5924579093813,0.536334525114451,0.14639952656024,574.0,63.6000414270589,80.0990538674979,95.1804117707159,12.1709715056702,0.855061,0.954924,1.0
5.44073670823862,4.11846715212878,0.719963855693412,0.328671940804046,367.0,72.9558526801682,35.1983934167817,46.5976615225088,11.3381536308769,0.0,0.0981446,1.0
7.30440397509445,3.90181165106344,0.546991972507086,0.14353753875152,494.0,67.1222613867325,60.190077581908,94.3047742619897,11.3226926475949,0.540581,0.640539,1.0
6.03461949313021,2.76397902758536,0.713940661167065,0.266653868288056,543.0,98.0757380131126,49.3772494660231,30.7086642041888,11.5123317743666,0.0,0.0981446,1.0
5.0221716440075,3.34158717434512,0.609986339432158,0.134753984238846,266.0,61.7557455519595,91.6817038858085,99.683012031226,11.6534585140408,0.0,0.0981446,1.0
5.42080900937295,4.28029781006273,0.697566062279388,0.262518189480001,314.0,67.4277698527201,53.6877584876553,34.1622397991514,11.4581334190104,0.0,0.0981446,1.0
5.6634240947795,2.39768960896512,0.619817944277997,0.243513701520987,423.0,71.3623430333493,86.1228639691287,50.3066129793878,11.6462354886591,0.814746,0.914388,1.0
5.82426066447973,2.47478019132673,0.552085552067023,0.37682097697372,480.0,80.3715109649953,40.8307427368221,64.3005140975295,12.3388825489867,0.319068,0.419034,1.0
5.09272383435974,3.65671626233007,0.753978753693168,0.152241593695098,394.0,58.4129300665067,34.320577715218,89.4343863518001,12.1369590326777,0.000468738,0.0989152,1.0
5.50716352031378,2.99211705740772,0.665058208083568,0.347324738310916,456.0,47.170283396513,42.2583998481814,44.8754996357826,12.3704733102823,0.0741081,0.17373,1.0
5.76929840770323,3.50482289869394,0.791446294360779,0.269888569344192,590.0,58.8026621581611,59.6198547988963,44.298795246174,11.6650873454248,0.334148,0.434086,1.0
6.98360834669043,3.24710043073935,0.739790647827074,0.300875466541457,380.0,69.9790376651438,55.282144739697,41.701379664297,11.6359862275022,0.000468738,0.0989152,1.0
5.96551241890497,4.17189214361416,0.685017405093769,0.117628068574847,592.0,62.3028309730283,53.7558316672537,65.5781279237378,11.7365477740007,0.901855,1.0,1.0
6.30939600286825,4.33115979341742,0.648868001353806,0.320798466145385,637.0,79.2941768857427,68.9937032525762,69.6030111371201,12.2243830347539,0.46857,0.568559,1.0
7.07914131748173,2.59281856636693,0.741232909704251,0.206437378031131,607.0,93.0095888737488,46.900248185863,35.4266219845817,11.2592587626655,0.0,0.0981446,1.0
7.49573041006922,3.63101719275031,0.557705546339084,0.19763081438579,409.0,50.5385794418157,61.6571416126438,96.9479402911812,11.8976101546622,0.702436,0.802418,1.0
7.00325424425802,2.02206390105889,0.567356745052344,0.387446346568108,416.0,37.560913715236,80.1926163370001,57.9856580656037,12.2900725677074,0.848361,0.94803,1.0
5.05020149104009,2.6016246260638,0.521031148946718,0.353457154732241,471.0,49.4800396554398,75.9104523790508,91.8040543495018,12.0931758928924,0.738116,0.837857,1.0
5.97305387913245,2.92115997158484,0.546833335903704,0.334099964991643,434.0,59.0136142036553,74.7128710010386,41.391582889946,11.3723909078461,0.901855,1.0,1.0
5.10273903502338,4.07383493937867,0.597553551900149,0.234482494712905,548.0,58.0461985205933,63.7067924935473,70.8585161103304,11.2991539980309,0.290265,0.390075,1.0
6.09322647920037,2.584090282457,0.636124779531001,0.120516469055592,654.0,33.9438406523963,31.8179918375839,61.0643915893285,11.7708414011971,0.431441,0.53143,1.0
5.54584680935855,4.20713981096473,0.689369840163221,0.368848138885012,264.0,77.672062435676,68.1812186889688,90.6927118198897,12.2397579463023,0.166278,0.265971,1.0
6.21871984265961,4.47994105692678,0.759192934760458,0.371439843507483,417.0,47.2107903390897,82.8156089428133,81.1136356259598,11.4710799939382,0.901855,1.0,1.0
6.13639093482058,3.54127879381226,0.546003156793596,0.164491057606677,422.0,89.3594006043605,96.6958238286524,88.4524228994928,12.3199394630379,0.27172,0.371556,1.0
5.71399966205847,4.37826809712971,0.693936195301318,0.289733065060338,495.0,95.8829870753099,93.0099331783514,66.7225270484438,11.8803549962224,0.208874,0.308639,1.0
6.8322434434729,2.21756014223842,0.588062500841433,0.173180219965319,680.0,40.3622324703218,51.2197607746335,78.6761905222012,11.1202884647211,0.0,0.0981446,1.0
5.92499086051226,2.17885754045975,0.71524057686845,0.149145342081583,372.0,99.841746555873,89.5612441622686,53.9389530548475,11.3616062600815,0.0,0.0981446,1.0
5.92988531882946,2.45599788207516,0.787668046914342,0.380195016923617,426.0,85.7395187945158,78.3038625496866,92.4168369929939,11.2102377164028,0.901855,1.0,1.0
6.82753301466851,2.4523892644719,0.590376197516026,0.18180764149421,687.0,41.7783842158009,83.2289637226496,48.3651768376037,11.7205390562532,0.897759,0.996418,1.0
6.13384386486701,2.57914178000165,0.530835184483084,0.2525723591277,283.0,61.6492243331063,36.9774482830789,50.6861784120784,11.3927941683245,0.0,0.0981446,1.0
5.24125239370699,4.30132947533303,0.599546302061884,0.119367723560535,635.0,56.7672373366917,31.5166198441391,58.829235160396,11.2791137564787,0.232523,0.332467,1.0
6.87177947610213,2.30956195108444,0.591052055550993,0.338019746727794,270.0,90.8551068605273,67.3413181180012,83.6986133727732,11.4046111052823,0.000468738,0.0989152,1.0
6.50868455208241,2.18983673807923,0.763116661036735,0.113369008178112,675.0,56.1461203348123,60.3910555758752,95.1551011372368,11.8413162205444,0.0,0.0981446,1.0
6.35144763602894,3.7000788426454,0.692394331755999,0.202328420498829,316.0,64.0940914477689,79.861091693286,55.1631526660373,11.2956674917081,0.901855,1.0,1.0
5.96091677965091,3.16897285131457,0.607315581070577,0.106235449272955,289.0,53.2510134992996,89.9760832567446,95.3178522812185,11.6606100041371,0.725308,0.825123,1.0
7.21812823960769,2.15632175143563,0.571988059739356,0.386887346316581,505.0,62.0703334563105,34.7611858448067,39.6315468127756,12.1556100898455,0.0,0.0981446,1.0
5.73658191076153,3.22336551399665,0.760830280805684,0.115492090880666,636.0,89.000863742834,76.7453210678538,59.1222165036903,11.4932857755953,0.0,0.0981446,1.0
5.41852478917249,2.51635529744439,0.733050355452111,0.374147617273117,485.0,48.3268980567594,50.726696073442,57.9579919074507,11.8431912096148,0.748942,0.848666,1.0
6.40800892600582,4.03203414446093,0.647453693441799,0.25967579755887,413.0,80.0567896678643,69.1339348036636,83.212944921034,12.2253506685027,0.402622,0.502616,1.0
7.32952389811284,3.54794432284869,0.503862528549089,0.192667771868985,287.0,77.7612652931553,38.599725224859,51.0831471852768,11.4076880134727,0.901085,0.999531,1.0
5.62401537497341,3.24310564135341,0.689555323859848,0.122015968264669,530.0,58.3393688510336,33.929254839265,50.3062484324198,11.1698154061156,0.0,0.0981446,1.0
6.31174081385815,2.19331462553091,0.500828547736076,0.180522527653887,252.0,55.4060082459875,43.694769888116,92.0803675583054,12.1460774232721,0.166278,0.265971,1.0
6.66274907475243,3.57368265645395,0.555117065635438,0.386171976595806,298.0,40.5589597994593,73.4391087607578,82.016644980904,12.2154220635202,0.214981,0.314847,1.0
5.97077236596959,3.70763384285721,0.592338562215684,0.382159792160922,611.0,63.6753917573153,58.8904573663431,93.6713407978298,11.8788651346824,0.79079,0.890537,1.0
5.94859806179112,4.35478643126839,0.593098002093153,0.23366937696434,675.0,46.8109870048245,94.324529741102,82.6308877881774,11.1252246858303,0.0,0.0981446,1.0
5.0000534443974,3.29893741520029,0.683201698772432,0.312442892443541,258.0,73.5566411333165,67.6155332256509,54.0458145733623,11.3291945862418,0.00358196,0.102241,1.0
5.23146712442535,2.82845802546129,0.696632429649694,0.177705747355197,658.0,75.7751256937132,87.8892313806591,99.050876452354,12.2466776795537,0.901855,1.0,1.0
5.76575720624082,3.29756308023054,0.608032930474175,0.361747657838197,464.0,55.9841614184586,66.8497211377024,92.1485327860209,11.1893383551146,0.901855,1.0,1.0
7.44971296282237,3.99969800023952,0.648826900397999,0.314133022984739,463.0,82.6982052374349,87.3321475833033,61.2957335619836,11.8110374812743,0.583686,0.683503,1.0
7.4387490265098,2.90161128104893,0.543912050089685,0.191901839143737,395.0,33.2466924180418,52.1616647455151,53.8510889648834,11.9103624149663,0.635175,0.735175,1.0
7.00572122971394,3.11731465728141,0.781035590816189,0.293935690483922,332.0,75.5585180228152,74.2712455091594,53.9016417800261,11.9699250091486,0.901855,1.0,1.0
5.34186629641989,2.91134873723131,0.782350263556305,0.221654230231196,691.0,62.6733746247443,74.560655374405,60.4269516946269,12.0394074872409,0.0,0.0981446,1.0
6.95008079000825,3.14270544667761,0.769428799815133,0.322716869611436,264.0,50.2969581706451,90.102012234973,57.1449260112366,11.9781431201874,0.901855,1.0,1.0
5.53984278458337,3.53805134107371,0.760630529992953,0.186834040486044,423.0,46.7004925104588,97.3873433787652,33.4454905799967,11.3402087287115,0.0,0.0981446,1.0
6.5250591665027,3.03886665468858,0.768215259264538,0.137338351301106,548.0,38.5062785494651,79.7038855534695,76.5334662149298,11.6735668032069,0.0,0.0981446,1.0
5.10610943660372,3.72645449745881,0.775100375720874,0.269862837222695,476.0,44.1776782777534,90.0494076300301,40.3293448251152,11.7840280363115,0.901855,1.0,1.0
5.26098686996529,3.37689178260478,0.799271722891427,0.239773287115012,418.0,43.6963701459343,37.8728954679341,65.2146272459605,11.3067021504563,0.34406,0.444057,1.0
5.76678152505635,2.51298337256038,0.714207439299535,0.303333260003914,621.0,85.0761956854275,85.6224429943794,99.439153420591,12.2908473889679,0.238123,0.338029,1.0
6.52667081912985,4.34735916123015,0.737340521653841,0.176084168826164,343.0,98.0025673061742,84.7067967484624,60.1954724659771,11.8204742125022,0.00358196,0.102241,1.0
6.11893268669882,3.16644954290522,0.569917847469663,0.131480003843211,557.0,48.4723062379035,74.166457609605,83.6645951272133,12.0963361129486,0.746704,0.846449,1.0
6.90501342739462,2.53372996037413,0.554912436556988,0.139500874124346,571.0,56.7616102532869,31.8412975033098,44.0089688721366,11.4915020894205,0.140376,0.240181,1.0
5.49571273255092,3.23361361679186,0.701804601159639,0.102743962781142,482.0,51.9279551791079,61.8893184027687,76.1337786304207,11.9289478209383,0.000468738,0.0989152,1.0
6.83730236048126,3.48989157254463,0.669834909757917,0.359854077364768,386.0,36.3655299446722,36.4547980635397,52.6478993482317,11.550247230814,0.555943,0.65594,1.0
6.43749475470938,3.2901781026839,0.582747768211731,0.219133831065967,621.0,36.8509212477627,30.6438189956059,67.0839709527893,12.0623526429642,0.0486043,0.148433,1.0
6.22393746624217,3.04005872387356,0.780668753608412,0.223641779699602,282.0,42.0831180785478,81.7230628601744,34.2315282859792,11.2217485037136,0.0,0.0981446,1.0
6.18260809929331,3.07040081645427,0.677413670933755,0.223464991171352,460.0,37.0054544392874,43.4236715913763,82.2933437465802,12.1348230058055,0.901085,0.999531,1.0
5.70498038432366,4.27809988295806,0.787493080250587,0.251195310475716,318.0,83.8802869809032,51.5750009608101,70.0052949914264,11.6896584799345,0.0,0.0981446,1.0
6.66721152533179,3.76931208428281,0.733213305626242,0.317981646888476,544.0,41.7266390824265,33.6913253533949,85.3285058759422,12.1615413777768,0.0,0.0981446,1.0
5.977767843229,3.26251235497743,0.594951990069328,0.233779635841303,616.0,56.7546868958947,40.618445339555,35.4607265508074,11.6806072063295,0.0,0.0981446,1.0
7.05207356236684,2.11920706964327,0.680085052801703,0.326389638820256,384.0,48.4774367895562,60.8144182554758,95.0183779583213,11.8108342267318,0.181252,0.28116,1.0
6.34437627161406,2.51495623457515,0.538199580331174,0.182611713156722,638.0,50.5919347644757,36.7857465064605,60.596304945115,11.1476143684217,0.0,0.0981446,1.0
6.81931669274148,2.20122223572608,0.719149304879294,0.300082454829451,606.0,83.562744381194,35.6737360885903,36.7198034663755,11.741954766756,0.0337242,0.133311,1.0
5.29604672797987,4.3842638327854,0.625937467540176,0.38920377201466,254.0,85.2453649524387,70.2009078797657,63.7108234669083,11.2308530501729,0.102059,0.202013,1.0
7.19162641440074,2.26532267633996,0.798331860605603,0.121031057867585,642.0,54.7357680982569,77.2009375793294,73.7961766031886,11.2468364498666,0.230388,0.330255,1.0
6.88387822017014,3.30957463725198,0.506532682676059,0.382440258197345,581.0,43.921624279232,86.2789077247765,88.3962707490546,11.3984560570671,0.0,0.0981446,1.0
5.5969932105766,4.20336245437352,0.557390536197314,0.103814943844987,446.0,98.3198939448487,36.8250128083457,56.9922907415978,11.2814719189605,0.0,0.0981446,1.0
6.17156753975155,3.0164000638685,0.705707737761859,0.185624002268622,448.0,43.8242814242585,81.9825530560884,73.3461909975718,11.4199121642028,0.901855,1.0,1.0
5.8273445452188,2.93355513097001,0.589420771526166,0.129289998407002,606.0,97.5771816867219,52.3361272949875,89.4629668436899,11.4808159806629,0.218743,0.318568,1.0
7.32422068092581,3.96314511945218,0.707932059240799,0.394178206903173,687.0,93.652530261356,99.7721849296157,43.6187311912557,12.2435808315698,0.137973,0.237692,1.0
5.97320254661478,3.17365073578113,0.751886558751075,0.206986753922255,576.0,92.9258831113209,95.2310505224203,33.8753574647105,11.7330810511761,0.0,0.0981446,1.0
7.07920013025518,2.26367921745382,0.74700277526883,0.240431544106158,536.0,42.5058698092768,84.0656972794752,86.9930651273547,11.5663460063808,0.0,0.0981446,1.0
7.39636427407728,3.70597793512348,0.513300550199023,0.318958291534495,455.0,50.1141170531549,35.9072249950435,83.2810199586089,11.9477561819163,0.901855,1.0,1.0
5.11413804415297,2.80141733320042,0.61274811971811,0.187859831433064,356.0,39.4858126822705,56.8216011576906,51.4395724986457,11.3899533985586,0.0,0.0981446,1.0
7.46053550306814,2.67639877656728,0.535960644158944,0.180612871184834,367.0,83.3980815673843,88.9623283641188,43.7518038039659,12.3322637493813,0.0,0.0981446,1.0
6.80831375195449,2.23025754029959,0.626399957334809,0.337349092673228,551.0,55.2703985897744,83.1470907742688,47.3319637556857,11.969810877311,0.309646,0.409614,1.0
7.28452117484736,3.3056780177043,0.545840109815385,0.173625080274132,670.0,40.3547159142865,75.307820958288,92.9620436694246,12.3747597851348,0.0,0.0981446,1.0
5.27365706536618,4.27029735077325,0.686535657513209,0.261219698494689,375.0,60.3300551667612,78.3144970739914,92.5568325856413,11.4366288808056,0.204953,0.304718,1.0
7.36530815839556,3.25190538071306,0.688390333651307,0.390058407948807,471.0,93.2387335766632,78.1648968779481,75.7430907224489,11.7850147343099,0.901855,1.0,1.0
6.21888565996462,2.3150046268038,0.577426754024421,0.207293507401302,391.0,49.7288051140192,39.1494642041553,49.1772205161406,11.1708009335811,0.0,0.0981446,1.0
6.05752798642691,3.84486687770931,0.796074287061805,0.230030528532927,625.0,34.0586070312034,43.7710249458733,61.7925055374958,12.0879894263825,0.484767,0.584712,1.0
7.4837579555966,3.51358236405876,0.675209926912448,0.173894493516862,452.0,34.6771290351382,61.6157144892446,82.8767924801671,11.2665904179118,0.901085,0.999531,1.0
6.20855481629133,3.01531620110204,0.661445719442654,0.133442259190496,508.0,70.8059906261462,38.5609237873168,89.0982896201628,11.6808650183813,0.294701,0.394684,1.0
5.35841626374863,2.49991840788051,0.523869518128556,0.211979302693761,364.0,57.38232299194,53.6807144469751,44.2913020698453,12.0594596164382,0.0,0.0981446,1.0
5.23190244550603,3.80644682617097,0.731594314844109,0.129269247782916,545.0,33.9159523297529,37.6031852209081,57.8943327542452,12.2504037369389,0.901085,0.999531,1.0
6.03326851648729,3.44839328849437,0.754151102228063,0.233249818280325,387.0,96.8864913439741,92.3208699055819,89.1862718415518,11.9295050253857,0.845411,0.944818,1.0
5.74525374355784,2.7721455362773,0.604561816609708,0.383983484504177,384.0,76.7212840889384,87.3590646270125,93.6521223198529,11.4641449507004,0.0337242,0.133311,1.0
6.04321364145105,4.47618947058123,0.794468494350273,0.171904988708933,268.0,77.7936604817231,45.6749219189254,74.1104959002924,11.1876406853968,0.901855,1.0,1.0
5.01354926374995,3.25267647057851,0.633167933476969,0.213904598896389,608.0,32.7907041719349,61.4311441396038,42.5280386236403,11.3853435241438,0.503753,0.603747,1.0
6.5957341155186,2.25422347311129,0.546787934319946,0.31316678212518,428.0,77.8538296436517,74.1521692205658,84.675397380221,12.2062568197025,0.0,0.0981446,1.0
5.65096095853954,3.36548927109457,0.61655838238444,0.138181527260943,359.0,79.410730250113,72.52105168316,40.8788598569362,12.3468199320901,0.0,0.0981446,1.0
7.20480188592501,2.63746427944614,0.764107157247148,0.184035830214569,576.0,97.1069302127048,36.5377208111061,53.8292602943561,11.806017739299,0.0,0.0981446,1.0
7.18479272837853,4.19528964663766,0.674885582465039,0.312693127946311,398.0,62.7604847368542,40.4560151639434,74.196085579234,12.1313734382821,0.901855,1.0,1.0
7.07273298993018,2.71406060885398,0.798785951129229,0.27591157590076,459.0,86.7370810959151,53.8364288619357,71.404968659804,12.3081461380757,0.897759,0.996418,1.0
5.79743089817072,3.6126272337804,0.746587006827236,0.325445724777249,395.0,47.7276689801011,52.7594240019273,91.0802729994699,11.2277824800257,0.901855,1.0,1.0
5.56802928877189,2.60474855731541,0.799099233888085,0.24126799616301,587.0,64.3347594523467,58.1562896190216,73.7326033308651,11.598573537552,0.393781,0.49372,1.0
6.51177123585346,3.17469239980815,0.558677645856804,0.322655776961123,628.0,84.4575145287435,65.3164708451915,60.2680350484011,12.2589461179015,0.197582,0.297564,1.0
6.55827600733478,3.9256665127988,0.60005859265188,0.206397001627342,346.0,85.0353343940094,54.5239642614859,34.8286222775744,11.3419033787654,0.0297222,0.129219,1.0
5.36102646543852,4.02355692716243,0.645116589956612,0.361503272846271,326.0,95.3794598366168,66.0270977159307,94.7161382515677,11.2713209166493,0.0337242,0.133311,1.0
6.57787371986876,3.40064974242822,0.781852949486567,0.120994221825907,666.0,48.7602926789948,58.2961638982701,38.6937249268826,12.1012360984722,0.858885,0.958622,1.0
6.42818380464817,4.40421042702882,0.72082194019868,0.147445006327052,540.0,93.5129584157183,51.8706029190371,38.4267605168208,11.1037397380337,0.0,0.0981446,1.0
6.60763101658884,3.79013124180258,0.661868488907585,0.338699244747226,315.0,46.1111674186065,85.8555393252012,54.1877554198875,11.4775896987657,0.901855,1.0,1.0
6.94352069217709,3.71446373320098,0.797893864950358,0.144653804980592,638.0,39.8245831237233,34.5050298093298,74.8807683071683,12.052784336617,0.887691,0.987478,1.0
6.77029637813834,4.45974115880218,0.679411219546339,0.351667740630231,269.0,99.1019542319418,78.015350706866,49.8229997957297,11.2048216751937,0.0,0.0981446,1.0
5.92382914463805,2.3381319463574,0.646475882162131,0.183005389726166,605.0,70.3024823503163,67.7373115533442,36.3174770180981,11.956777793527,0.0,0.0981446,1.0
5.01222386601073,2.87203389096089,0.635612600319177,0.37951317291746,467.0,60.7980991203745,80.2415604989908,70.5433038410662,11.9477953907427,0.848361,0.94803,1.0
5.09948972538318,2.4290255681536,0.767840783572342,0.227931079979083,647.0,48.7081000713165,51.1012653827957,60.7907957110352,11.1269372463213,0.0,0.0981446,1.0
7.4137447024503,4.06940043476084,0.633487922074067,0.320959312048726,369.0,55.917337620027,69.44545658097,73.0835808297118,12.2689126021669,0.580966,0.680932,1.0
5.91704198846821,2.48258485766976,0.680917832488331,0.137827856009122,523.0,97.6487400960036,68.9851061954638,43.9911417010276,11.9892244285041,0.0,0.0981446,1.0
7.02269165217604,2.00356907309708,0.614104888335449,0.279385067957855,275.0,96.9807496064449,62.4354015613146,94.3881982218975,11.7787078316775,0.0,0.0981446,1.0
6.38422953556327,4.35630072631499,0.671188422689402,0.366931830843173,453.0,30.8865989592185,44.1020390477942,98.1693464974815,11.9531306778437,0.901855,1.0,1.0
6.3836048535304,3.58720567128229,0.580319054484341,0.290598715868056,676.0,98.5870686032243,94.2921936777325,46.1120885454824,11.5918490241755,0.0,0.0981446,1.0
7.17707225663758,4.4816175059512,0.627988776886885,0.381908058376924,410.0,94.4841834277537,62.5665802835871,33.1018602010661,12.105989452348,0.000468738,0.0989152,1.0
5.69521556690474,4.24543489829714,0.620549841217621,0.297064716833033,372.0,62.7177610869795,69.9741101475556,64.274057723661,11.1391112621247,0.0,0.0981446,1.0
6.55837383508651,3.5933600303992,0.652508455562242,0.355719160876026,573.0,34.2316584629735,79.3075035179467,59.5011773775938,11.1211805927597,0.0,0.0981446,1.0
5.06613878942598,3.14688233947419,0.6635096226001,0.118385519944295,663.0,94.6940060157641,36.8904803782191,90.0031615344738,11.2219187477791,0.0,0.0981446,1.0
6.03197655198206,4.44659541120429,0.604110343740253,0.166465127594552,369.0,75.4193210434625,72.9984168440362,85.9739076640614,12.1071730844997,0.254991,0.354859,1.0
6.23603120966851,4.32925295087015,0.6531223857521,0.345782235032735,553.0,31.1007391574402,34.2126742754361,81.3443614525671,12.1190049899638,0.236024,0.335865,1.0
6.07256768689964,3.48390971223178,0.52415423628577,0.197753338671247,593.0,68.47922830504,69.6274812974563,88.510108440621,11.8780051511001,0.275502,0.375352,1.0
6.75417346405264,3.38256536786357,0.767705817530232,0.193205254938976,254.0,71.1267803573241,73.8674073337579,64.9644033715449,11.3123568010846,0.000468738,0.0989152,1.0
7.34981498876185,3.12965913001737,0.631260569613333,0.191177898267082,645.0,35.8040091961157,81.6387835352531,76.7673333941735,11.6761547917068,0.445099,0.545024,1.0
6.03384599855595,3.35675808885898,0.706463992603018,0.283179357282287,439.0,94.4124322237463,41.067435536986,67.9100695559265,11.6942580357595,0.0,0.0981446,1.0
5.93140958959644,3.79077012838869,0.673720305757948,0.390374186336182,303.0,80.0533253226535,49.632837108456,49.5458859111509,11.3583566489966,0.0,0.0981446,1.0
5.78280025122456,3.09307084298681,0.728318735880291,0.354045372965092,650.0,57.6617666205663,32.9613544536688,32.0670330057578,11.2005211636086,0.0,0.0981446,1.0
6.12354143455923,2.62880149988771,0.682646209725596,0.398446519536433,638.0,90.7103539370677,53.9267748690745,77.8192786541986,11.4913214313984,0.883797,0.983053,1.0
5.60066130289684,3.66036511432502,0.742092396231186,0.137066877853531,597.0,54.2454273651303,90.9585934319986,77.7727597696631,11.7455447789593,0.848361,0.94803,1.0
6.68295679444416,4.03337754314529,0.664572527781056,0.274579392745903,490.0,73.5021717666139,39.6449266278493,71.8958998318991,12.2681879743212,0.76914,0.868878,1.0
5.08071496499452,3.22327294768501,0.517419531814844,0.260311708360298,281.0,67.6257168586652,80.3862503352647,45.0570431967181,12.0513645168067,0.0,0.0981446,1.0
6.3166321838297,4.27340694764908,0.768970561722641,0.318441267506245,501.0,94.7495416446445,34.1054546142476,50.3587986253057,11.6677956882529,0.000468738,0.0989152,1.0
5.53001773184163,2.83250347585839,0.735696878796558,0.247388450469101,473.0,42.0736168846681,98.123208438606,58.0286510192836,11.6761351455261,0.863085,0.962497,1.0
7.39238684035714,3.89447804058186,0.616000628251873,0.268903011191002,607.0,80.6921663509576,94.4991346391055,82.314393921429,11.8585917100445,0.901855,1.0,1.0
6.15675915545016,4.27237215271216,0.658808614777165,0.100076397439177,418.0,65.0512501157732,38.8325048756345,32.2583634792665,11.3212882668117,0.0,0.0981446,1.0
7.22864227648205,3.14279272053993,0.676152614917208,0.157524652079721,447.0,75.2335189161807,90.1087349850159,97.6742741976617,11.9275158512353,0.200966,0.300711,1.0
5.22685957919642,4.06571006546533,0.713286140228735,0.198516679521098,351.0,32.6970949344953,66.0722022340353,42.5643206239853,11.7635814519899,0.0,0.0981446,1.0
6.28744365997676,4.10092743792746,0.56846380995987,0.249868765631432,251.0,32.8831646516217,38.3520847605194,92.8661336620672,11.9462272514758,0.0,0.0981446,1.0
6.70129991234822,2.89381953008812,0.517217918754236,0.230867481410964,666.0,74.9067536927003,84.3140629703212,57.9487308130916,11.6363865782613,0.901855,1.0,1.0
6.35071776770812,2.00277842859108,0.561630992428505,0.296576650423162,521.0,57.2539039014275,91.3274530771038,69.8009348614415,11.491118112163,0.226802,0.326753,1.0
7.44827652973117,4.32093886108016,0.54200211645938,0.143624928722655,362.0,68.6941488677206,54.8755078538357,76.3921306834112,12.1165777499042,0.00358196,0.102241,1.0
5.13412593311113,2.45017801750464,0.667850251631059,0.149328459476532,497.0,36.4570430744263,91.9052942033188,65.5957621640714,12.1256952395773,0.795511,0.895417,1.0
7.24289267393805,2.02100860422981,0.740233243286824,0.156578380673931,599.0,58.8045018508348,78.4817889765775,32.9283142252444,11.8305098604775,0.211156,0.311047,1.0
6.33085625182886,2.16532933501823,0.65806910979427,0.138272018758356,587.0,84.9598164215659,74.4743387980047,81.8407245658666,11.473560490559,0.901855,1.0,1.0
7.32093033063185,3.35048096178049,0.701321838419833,0.246003249433125,448.0,66.8775793647553,93.7059579135801,66.9039139843514,12.0889868063879,0.863085,0.962497,1.0
6.94987347736477,3.79558978426726,0.681190897450021,0.340209745901144,442.0,34.6291595444066,54.6677489934862,95.5846243835214,11.6173092759573,0.855061,0.954924,1.0
7.35788199614154,4.36667108449704,0.792652867644682,0.243109233963102,330.0,76.3709738978284,47.340968451201,40.8546606481492,11.3298850514974,0.0,0.0981446,1.0
5.27478810980282,2.43357552886271,0.602961393771764,0.274653524858775,488.0,68.5700724867051,58.4478781124928,70.7268044616826,12.0496312406566,0.901855,1.0,1.0
5.84798641525087,3.22285587945508,0.720726850032161,0.344666761039048,506.0,35.8786728351917,55.5652620558418,84.5369183524758,11.2974500703723,0.866689,0.966276,1.0
6.00780820904292,3.89804459164416,0.783260034164979,0.178033571022298,280.0,66.8513599217143,50.4087390564734,46.0892114148765,11.1625649378228,0.0,0.0981446,1.0
6.21362225512843,4.03410298396058,0.741494868120822,0.298249908509606,495.0,71.8387455723421,50.2698599587569,34.8606469569588,11.254284316048,0.0,0.0981446,1.0
5.84747258726681,3.07114907886037,0.655934947758085,0.368570731958831,293.0,94.1261441934954,31.8234173826295,34.3545783090701,12.3694394588008,0.0,0.0981446,1.0
7.44069421821075,3.84742465252181,0.504377185913835,0.158724655602653,260.0,78.9642784741425,33.4178430378909,78.714223482838,12.2029443092762,0.901085,0.999531,1.0
5.27014756719716,4.49858597525888,0.680769404582334,0.112870378485022,590.0,94.9068106035561,97.6029693526311,58.0084419447551,11.9653854970451,0.0,0.0981446,1.0
6.86577460375909,2.8784869066929,0.530505255779754,0.39709054420999,658.0,66.375832858374,66.3731188573226,66.3537752383771,11.1374923049791,0.0,0.0981446,1.0
6.18176192177274,4.17209858930255,0.742547165414842,0.102401579054485,342.0,62.8809126893932,56.1236177870492,59.0081841863369,11.5328460749394,0.0,0.0981446,1.0
5.08861508411932,2.92472697595489,0.562123901598025,0.395934354399676,508.0,83.949353897531,39.4473301617015,62.2343610682871,12.1642873252445,0.620899,0.720753,1.0
6.39622535021604,2.45862436601395,0.675531911544343,0.39774284784402,478.0,96.2207281135087,58.1321470848446,70.3249935841379,12.1417706863008,0.0,0.0981446,1.0
5.99221177205745,3.46944991135386,0.507777683000106,0.271883220553772,479.0,98.3515829922282,38.2027548253887,75.3042338767029,11.8702258408396,0.19519,0.295007,1.0
6.46804800948967,2.11683916177654,0.57331423169688,0.322049995012709,548.0,82.9754788639939,70.9103052173713,85.7703914568281,12.221415848277,0.000468738,0.0989152,1.0
6.35891181908522,2.53060008691215,0.792648184956914,0.319259536708546,331.0,74.4931526361643,47.433065635839,30.3410751135433,11.9822679411343,0.0,0.0981446,1.0
6.93195855597274,3.76766199848004,0.655512641997709,0.293680916001215,548.0,59.4032662985144,77.2979955017609,53.500222186464,11.6619386196889,0.901855,1.0,1.0
6.1462406608827,4.04476906384135,0.584644315410711,0.166784116285418,658.0,80.0302419855461,53.0349105422317,83.4044693226733,11.3782284847339,0.901855,1.0,1.0
6.13791678599685,2.54603958120846,0.561518547596864,0.262331628738173,538.0,63.6564012527505,37.7607612682243,31.9805010139662,11.9407553262424,0.0,0.0981446,1.0
6.53603609685314,4.02586326486658,0.751183991553792,0.143911809302798,503.0,47.4822734807525,44.4260610583174,97.6597496980803,11.7079171950073,0.901855,1.0,1.0
7.41666289257199,3.68867609763871,0.681875264485256,0.35908808047736,314.0,85.037419983699,72.6204350546312,33.6944639100514,11.5871746393171,0.0,0.0981446,1.0
6.38017408205152,4.49556997389675,0.528880709464591,0.34069370841095,510.0,49.1683538607713,51.0930497860421,80.6780633366051,11.8070764480907,0.901855,1.0,1.0
6.72605563173064,2.80385720691354,0.582846738177876,0.279700702916381,478.0,71.1589137183531,52.4823639990337,41.0591236604566,11.7842337199311,0.373031,0.47293,1.0
5.27434255762512,2.05728860224411,0.735820799950439,0.214966970417694,569.0,72.8740578899772,54.5265117122025,38.2901735978829,11.2443376684976,0.0,0.0981446,1.0
5.45147302883928,2.5307402973572,0.739913583287666,0.227635653539905,636.0,45.5253813215827,58.889700535083,65.6857645856347,11.9455373266135,0.893009,0.992099,1.0
6.39113232017994,2.28876047768855,0.517380649482545,0.270129522838309,443.0,36.7810292477757,64.3317589711263,76.7563384343449,12.2728047504941,0.74021,0.839965,1.0
5.7947697696675,3.35608981898474,0.763952832699318,0.245302463799717,298.0,75.960557343571,48.1504419589153,68.8852615436483,11.2138370990453,0.319068,0.419034,1.0
7.10832403237165,4.1904343497058,0.522243637879087,0.273530276988899,635.0,89.426739549214,81.0428016787653,85.5870618807877,11.4504416487095,0.319068,0.419034,1.0
7.08693933744289,2.18648527693276,0.626725708840612,0.322587002787297,294.0,90.825679036654,43.0508438877594,48.139653575364,11.5523458506335,0.0214639,0.12135,1.0
5.59163335198281,3.63595921440598,0.517981346986889,0.110229050077029,548.0,32.0853610840482,96.7344627415132,84.3827037344219,11.3798854979572,0.00790082,0.106991,1.0
5.2425599446853,3.67425971536562,0.616378779191489,0.378806275936389,631.0,45.4361585279907,52.6608195320051,95.2283875767487,11.3136515787996,0.0,0.0981446,1.0
6.73076129298849,4.01559730843426,0.682002952086156,0.325492642814957,291.0,38.4809209760351,57.5178030273558,73.9322631183466,12.0232277582078,0.000468738,0.0989152,1.0
5.67038446701441,3.95897597299458,0.742867940059166,0.392566052189289,271.0,88.2115852308121,95.4318262011407,70.592906647521,12.1221670799576,0.0,0.0981446,1.0
7.01837293594219,2.45124143548828,0.744008282716973,0.339480503920122,558.0,38.4203601159389,75.0345841884967,66.1131208844639,11.3436407001186,0.901855,1.0,1.0
7.47275539593984,2.4476709909719,0.620075656393908,0.160128321165985,286.0,73.463771036596,57.7424876902664,98.0479708488728,12.2097509882323,0.104583,0.204489,1.0
7.08062597293257,3.44019730535796,0.567037810426908,0.186171794348273,597.0,44.1064732085962,73.0099051460445,89.861570766899,12.2972472791302,0.901855,1.0,1.0
5.34125428636322,2.84539472244342,0.536596858623069,0.388938535850828,445.0,91.4340557651136,42.2222602419296,32.1258263626471,12.0287452564309,0.0,0.0981446,1.0
5.0313552527252,3.66508155515274,0.787745917613313,0.258078608302074,409.0,91.0093306442445,46.6250603312924,76.1001096320451,12.3269185566244,0.301811,0.401703,1.0
6.67943619128257,2.52115946150325,0.661917051344866,0.313810628040401,290.0,70.5957058161155,89.7651778402314,97.583413731734,11.1123708335857,0.0,0.0981446,1.0
5.66369984951548,3.02886345366255,0.519096726794882,0.255944343719739,303.0,64.8430787817524,74.2164160678133,80.1852320386651,12.3747242314506,0.0413775,0.141115,1.0
6.38115942346589,2.03158195686968,0.773646487581295,0.281973505587357,347.0,44.0530041796604,96.0126665406345,79.6636009751963,12.3086893628989,0.0,0.0981446,1.0
5.43837135557528,4.23946288016425,0.66618524621799,0.138069558241706,365.0,36.5532110267166,42.7955036795483,58.081170198021,12.039279830567,0.901855,1.0,1.0
6.14366180088467,3.51373743427723,0.721954873113705,0.245593916605496,591.0,93.8644058877227,81.624892624093,93.8048888610416,11.2071286913637,0.0214639,0.12135,1.0
6.17291908209297,2.06049366756452,0.546676770313896,0.228845594812649,267.0,58.9965388484096,85.3501590207643,35.9142898697056,11.5519792736376,0.0,0.0981446,1.0
5.63268309400806,2.5458209368982,0.707826181235978,0.138613390662936,604.0,47.7034099797703,67.5958813908922,31.3328238914982,11.6526600599339,0.109463,0.20921,1.0
6.26162016261221,3.93572329390311,0.73757374617203,0.314322900286797,285.0,41.1602211900443,46.7272341564588,72.6776337018117,12.0359040664461,0.901855,1.0,1.0
6.50745564086076,4.26710070584891,0.570973969397244,0.220914850538848,700.0,52.2960681868803,82.665855256269,95.3869165557099,11.1956732728147,0.0,0.0981446,1.0
6.50811732084998,3.67102246753259,0.556411735674682,0.103819860575107,257.0,73.5038987139161,31.6931174388905,54.8222802365736,11.332617490878,0.0,0.0981446,1.0
5.14371483711159,3.48408375144387,0.570335818682567,0.253704096492778,279.0,30.2273796613181,37.2595879274081,69.3283947362143,12.2952119989753,0.0,0.0981446,1.0
6.16528828486069,3.48668080587637,0.563210039517125,0.26138272947501,435.0,31.6732778700349,65.1780189357507,42.516651141262,11.8759856036254,0.901855,1.0,1.0
5.01033871647324,3.03034000730651,0.500235146761679,0.391520588982621,581.0,95.4253987115204,74.9463341334353,55.2960013656926,12.1808739425011,0.0,0.0981446,1.0
5.75500205374245,3.28031973597817,0.582939869330173,0.368311006246238,269.0,30.4735057428972,88.4112958354703,40.7897929062623,11.7772719741003,0.0,0.0981446,1.0
5.34665133537964,4.30122020496797,0.769205054824693,0.155182157423999,696.0,78.9096790479688,51.1158742966741,66.5670069939275,11.2776199488026,0.365028,0.464923,1.0
6.21420618952277,4.33879339046619,0.778558548252036,0.160626148936104,620.0,76.0368781035085,78.5346794069565,82.800146590687,11.8746875708239,0.866689,0.966276,1.0
6.7094449658819,2.56235849973155,0.661620392589709,0.388103946125343,409.0,59.728105262478,95.1416034769345,57.2308599957423,11.8850542718421,0.426511,0.526459,1.0
6.78730548370099,4.28656368067224,0.768570709288709,0.386904075518546,564.0,74.3553394814527,76.859920850248,32.9428947586575,12.0388926476692,0.0,0.0981446,1.0
5.73455792197948,2.74797154151347,0.796587733619713,0.325564111736042,387.0,39.574337959608,75.9661129755521,57.7061978200417,11.3151809276205,0.0257282,0.125623,1.0
5.23979509035908,3.14504727570433,0.539780240048524,0.330675559671629,568.0,36.380033828742,68.7372583902297,70.7026349433919,11.7320450157179,0.901855,1.0,1.0
6.39140648907665,4.08280181592669,0.604609799095074,0.313558190193312,546.0,43.4692828887772,31.5367059109252,36.1650383162772,12.3632530106554,0.901855,1.0,1.0
5.30155440161289,4.01955053923107,0.687042650553028,0.207778878172214,472.0,50.5783017611825,67.2127049114002,30.6401643460799,11.9611037811479,0.0,0.0981446,1.0
5.37331735414181,4.01751342132504,0.640414573173382,0.290415771428097,579.0,76.8618541385795,75.5591264684253,63.9631752189763,12.3224903077776,0.0,0.0981446,1.0
6.53072291615158,2.5714568739694,0.641217532731405,0.173817964291785,406.0,90.9071442865419,44.2868730521298,65.1684574006432,12.0904031290996,0.83827,0.938061,1.0
5.2528079458015,3.10401430937103,0.58791854150885,0.280926507838876,419.0,78.412086254276,39.3431231804016,74.099778057616,12.387202249795,0.901855,1.0,1.0
7.21407807509542,3.30976540496808,0.517373462884168,0.26121963459278,625.0,35.1021054010839,32.3643273055612,31.3908621553396,12.1142442839186,0.282956,0.382804,1.0
6.93517061047669,3.34379313347976,0.763569264781858,0.124135102710359,550.0,84.7955495774897,33.0831152494174,67.3274076373598,11.3758357182481,0.415288,0.515233,1.0
6.75485474569523,3.36277288975106,0.558142933323079,0.332399844532248,369.0,98.3444147276369,61.8198692276104,68.5345254402433,11.9334424171498,0.757374,0.857253,1.0
7.27412597430083,3.4916304559671,0.734559620465824,0.118454173987593,640.0,83.0297701781806,52.3222195287596,77.0578484768928,11.8153019630465,0.901855,1.0,1.0
7.48463983107159,4.26907430245187,0.647020210104384,0.312993781286285,399.0,97.3839886581458,33.4943525960825,87.6823674672324,12.0403871797969,0.901855,1.0,1.0
6.86433312144504,2.15953445991722,0.752270001854799,0.139435344697156,695.0,57.5538899480516,31.2534306690159,40.4715835627338,11.4721385436452,0.901855,1.0,1.0
7.12701843098791,2.01852278030952,0.73399936698633,0.199910881062767,632.0,94.3463289712232,43.1062170935365,76.8825226791282,11.8214164073517,0.901855,1.0,1.0
7.10527020619236,3.69156417871893,0.628812607930725,0.267084702303452,438.0,84.3158347824165,78.4016874617572,65.5722910566119,12.0495200179957,0.71091,0.810757,1.0
6.78162271315999,3.46650721601398,0.568440546317826,0.1543649545426,453.0,45.712570473441,88.8743314767366,62.1434191459474,11.9842688875328,0.59485,0.694685,1.0
5.8222927275462,2.11483142895103,0.669725073673511,0.22208769421612,287.0,72.4281690506208,57.3496824461639,68.5992968796784,11.6789425488198,0.901855,1.0,1.0
5.30520353836805,4.16155021570841,0.760851760790742,0.227326619534409,522.0,78.0216850468922,79.6344949501545,86.8629801620847,11.8238492217926,0.901855,1.0,1.0
5.56934942771693,2.06559622686026,0.74019810280667,0.330812785178652,426.0,48.7678497303534,73.9997575073439,74.7048200112514,12.2284859748801,0.471055,0.571024,1.0
6.17192772042474,3.85668167349844,0.601200198991677,0.289968769623218,657.0,51.0562311897798,46.5259140769416,56.3522313064526,11.1591974967587,0.0,0.0981446,1.0
6.48705750524862,3.62861213706067,0.756754106536406,0.158259642407454,626.0,80.8731096189013,45.3527636902836,81.8247947874968,12.1601534997077,0.901085,0.999531,1.0
7.24872147526436,3.82647477419941,0.76824186069954,0.258169195058657,565.0,42.1683122225662,53.0601822796381,76.02142421214,11.1793637609033,0.203309,0.303201,1.0
7.01082674182379,3.17349940765015,0.528695701585191,0.331688572931445,359.0,48.2992593770232,38.1211736015366,53.6452210048621,11.8762045439124,0.0,0.0981446,1.0
5.03041814622581,2.74411272044495,0.769780379687533,0.35811739459749,627.0,42.1798773648142,58.929307953842,78.6331363833984,11.6197764300385,0.550268,0.650242,1.0
6.50927335479053,3.5381529153599,0.799952591705736,0.327562318520396,360.0,33.3712016427469,43.9075844480919,90.1468119818325,11.1356966512519,0.0,0.0981446,1.0
5.66903793060698,4.25291225840219,0.6609488566347,0.165374995442338,324.0,87.1695023626397,95.8618618882419,79.8669550755652,11.2697675980226,0.901855,1.0,1.0
7.39567173729134,2.47256926782696,0.599288667353534,0.241268284267539,424.0,61.462537581106,46.7975967108326,30.925726101785,11.8583508182247,0.0,0.0981446,1.0
5.0494379823748,2.68543270170743,0.611280146064801,0.262811239283172,573.0,33.4033791926201,72.1527344980114,34.9304633072282,11.7568957506952,0.901855,1.0,1.0
5.15933472355622,3.61871363297587,0.544605345348479,0.350953820311465,576.0,54.234742631609,71.8336056952901,82.0064396751378,12.2698922684888,0.478517,0.578414,1.0
6.57889133786879,3.03659185067233,0.705267595599407,0.234668257276503,674.0,53.0494078618568,43.2175801960367,98.5649222288513,11.7346442334826,0.256978,0.356878,1.0
5.7814217019292,2.13437806790015,0.728031764692642,0.310018288863473,563.0,43.8549570402629,73.940274794775,68.2471185291239,11.6395426707039,0.87865,0.978536,1.0
5.993032493277,3.6277302310753,0.512349630898457,0.194538136219729,319.0,83.1096151407672,30.6549591734269,36.6833784761226,11.699518361455,0.0,0.0981446,1.0
6.44415014422625,2.72421716218214,0.563809373419557,0.118295950506456,687.0,78.4874717315771,43.3832038278037,83.348775005009,12.1271162925043,0.901855,1.0,1.0
6.10009631468059,2.7379137215654,0.694716665801782,0.357739608651198,491.0,44.9423432048005,60.5328757696468,54.339040429843,11.3671709991292,0.0,0.0981446,1.0
6.40534323709869,3.1070470531139,0.755092143387921,0.361031424580018,506.0,52.1458718640463,47.9324445447368,59.5032881565266,12.0594185431605,0.800547,0.900525,1.0
7.17672448622563,3.16663445635248,0.797993690853691,0.229730368015967,278.0,47.8014178459835,74.3902867848872,37.0716547154154,11.1544415170402,0.0,0.0981446,1.0
5.40023774853324,4.33136732601064,0.778551304459025,0.148057772242686,638.0,55.4557267526061,90.1526118091267,90.7052795236547,11.4981356834025,0.776434,0.876066,1.0
5.53052417969334,4.33407344699222,0.750890211159668,0.362815811242699,697.0,69.45409278482,96.351754410324,70.4095794821742,12.1786936794557,0.901855,1.0,1.0
6.46356469795485,3.57243362693453,0.742975439860811,0.179550196137295,384.0,34.7799125286353,49.7932574852896,97.3707373944015,11.6762420245029,0.901855,1.0,1.0
5.66065186654021,2.67854232673163,0.774074666900594,0.129598430794401,358.0,44.7325525308415,61.1653400239438,59.2186291465822,11.2903856604091,0.0,0.0981446,1.0
6.43245945201512,4.36312994422271,0.686381703679955,0.343976347195565,634.0,58.853432021701,78.1186329945504,91.8921209941969,12.19687749694,0.502421,0.602316,1.0
5.90362307600335,2.85254416633407,0.502399125731424,0.367385325741022,407.0,72.8594171751678,92.3525629469511,41.8617558153915,11.9012924275801,0.0,0.0981446,1.0
5.70508111016149,3.05725474133382,0.694148188332638,0.143741459829386,505.0,72.6770244816194,81.4765718722199,43.4971329403308,12.3113958614316,0.0,0.0981446,1.0
5.19046266705528,4.39249053379274,0.633454438952715,0.171725367065938,556.0,99.0592922540212,75.2238260722197,64.5149750111414,11.6424025820325,0.0519702,0.151639,1.0
7.47460751459482,3.16116305941417,0.713351290995854,0.339309227206136,384.0,73.1054277401615,88.1965238106174,90.9326640833061,11.5669878252809,0.102059,0.202013,1.0
7.37426183519903,2.80064564235523,0.749738709595254,0.359753381926231,312.0,55.1537010240109,41.0815807552287,94.5538013502921,11.9239977423172,0.863085,0.962497,1.0
6.46281490577707,2.50304874401074,0.530070301821776,0.211247046474052,386.0,92.5326834259439,39.710030705099,82.5526385837966,11.1024474959412,0.0,0.0981446,1.0
6.83638807900619,2.89223887652067,0.579455939942982,0.179478536723628,497.0,53.1028266186298,91.3469021118347,98.8647761939856,11.9226955020524,0.241542,0.341328,1.0
5.14939240033155,2.14338311818824,0.58832594369791,0.392022342036219,631.0,34.3054380390063,34.6798056381677,34.0092249090764,11.9038050092397,0.324104,0.423934,1.0
6.00273900247596,4.17601670541835,0.557936337664199,0.12601629939157,452.0,60.6960484487315,83.2247852311646,42.4852762051318,12.3667700975924,0.901855,1.0,1.0
7.41029439525111,2.1552091090339,0.654714221595791,0.398542713211294,627.0,71.8233438364221,92.7473679142941,31.1916949358267,11.3963766363665,0.0,0.0981446,1.0
6.89727328456703,4.33755868587212,0.65395544820266,0.35444919854821,250.0,45.1999223156407,85.558446626263,50.6725127329134,11.7477353995687,0.0,0.0981446,1.0
7.33807535586407,4.48705063660949,0.603172526065872,0.136975102710736,351.0,43.0664622483971,48.0284757015027,53.1612361877656,11.9076413013474,0.659822,0.75979,1.0
5.50445856509274,2.48571482060295,0.785782554421133,0.276457863248355,271.0,94.5223366554027,93.6454775153609,67.4412590631168,11.5661407418485,0.0,0.0981446,1.0
7.24993904516641,4.28144019645145,0.643979852277212,0.315696178806404,323.0,35.686124782783,63.0386177599821,86.7666007761499,11.4474823407118,0.0,0.0981446,1.0
7.04525732513315,3.52538000943496,0.53662157882016,0.274803419050194,596.0,80.3965372232193,67.2284780377467,48.5674114822514,11.5801723589518,0.0651433,0.16499,1.0
6.93724499867908,3.39052376074785,0.714628361590705,0.124583645741199,351.0,70.1345287178365,51.1475498839153,55.11998498537,11.7114474735694,0.645141,0.745009,1.0
6.28736461525805,3.08946736769559,0.789607747306247,0.156422742443337,256.0,88.579875571128,70.0935871176197,55.319519140019,11.2265993772471,0.0169465,0.116203,1.0
7.04949927556437,3.80795849513652,0.7891008423778,0.322007097199401,549.0,92.7008053601364,69.7312708940657,48.6380229760612,11.2723181391685,0.085612,0.185254,1.0
7.49448309566053,2.8376321450355,0.763677561347249,0.302984317289142,674.0,83.9980711739919,91.6879243162801,88.1290164921812,12.3237340558,0.300046,0.399964,1.0
6.8276049883479,3.2000053264859,0.704124868449421,0.182948432143903,407.0,64.0577563425419,93.7124433602941,98.6001838574347,11.5659603938799,0.516611,0.616553,1.0
6.29263237766902,3.10135134205352,0.528819791634419,0.181695497112329,489.0,74.7055382610412,65.6549106158211,30.1087028213636,11.2320734900508,0.0,0.0981446,1.0
5.85719316387664,3.69226075530328,0.630553052726923,0.293942449885835,303.0,99.2117842417538,58.1012195887664,67.729320644336,11.2031687203065,0.0,0.0981446,1.0
5.43726098203309,2.06109458939083,0.747372654889984,0.246237911030627,597.0,55.1493060545054,88.3893316677625,35.7456995783842,11.5832304285566,0.0,0.0981446,1.0
7.47455285749811,3.17290246092485,0.677887416305942,0.311068302487427,528.0,95.5989698200597,67.5404173946055,45.4840446776128,11.8861120682726,0.0,0.0981446,1.0
7.05287370391405,3.35390693975579,0.621566152890524,0.347160339547772,346.0,50.1707642871917,98.0932480957241,52.7155393153717,11.6281329166543,0.0,0.0981446,1.0
5.48768350545285,2.7316667514026,0.668188534071435,0.263240247951508,288.0,40.7755921610721,41.1574447637008,92.3803364514029,11.6807346872944,0.0,0.0981446,1.0
6.91809146783472,2.62080101833214,0.51940739973828,0.101529514370007,529.0,93.0683712040133,92.7112536938075,60.0789349709117,12.1841837511221,0.0,0.0981446,1.0
7.13555535482313,2.56719109536353,0.705312218131069,0.149118473362043,496.0,61.1932972046886,66.2961703634468,57.5221693626388,11.1406069890879,0.0,0.0981446,1.0
5.77624401728712,2.56275514112703,0.682206893187923,0.312750886553311,666.0,34.8833386268391,73.2974452050302,40.3238059308993,11.9309598855945,0.0,0.0981446,1.0
6.87081893683206,2.49294065048225,0.611779705514129,0.142151041356178,416.0,42.5684304054547,30.4203270236273,97.4305825591082,11.8138477148933,0.0,0.0981446,1.0
6.36999880225178,2.75894135499692,0.616520386641672,0.229489721498109,529.0,71.9380523619194,49.0090435622223,38.9009221611936,11.2878707696583,0.0,0.0981446,1.0
7.03264689798144,2.07705136565425,0.788879853837666,0.389020414918918,377.0,87.1671500076128,95.5382467859439,77.6541852597727,11.8221996656269,0.179362,0.279345,1.0
5.17743439242691,3.03810100669738,0.646375957434826,0.256146289686178,428.0,54.1258652416081,56.7564613276683,75.9515048439007,12.1553042214331,0.555943,0.65594,1.0
5.95206119675303,4.33455552803297,0.582589008509126,0.195932820623712,374.0,91.2606788776843,33.2073588622492,50.4971054592057,12.1137244045059,0.0,0.0981446,1.0
5.71916471912694,2.67599111927644,0.554034649223835,0.185567927758057,381.0,87.8613792911566,71.918955153659,44.4473654664132,11.7843202382348,0.0,0.0981446,1.0
6.70570886247017,2.22532805984651,0.688991327775271,0.315599397792481,321.0,88.0626936804503,83.0830769159541,65.8793681062328,12.3067299579084,0.901855,1.0,1.0
5.94091600185293,3.37424651600107,0.508921465068349,0.354102062385769,529.0,75.8577457043916,33.3251945876114,53.053235886241,11.662786989139,0.0,0.0981446,1.0
7.37902348479204,2.61940744007565,0.659420844466891,0.383019002622021,360.0,76.8170612068089,84.6327103340001,33.7678073731038,11.7055307517473,0.0,0.0981446,1.0
5.93915885013589,3.89989300460168,0.665293959487525,0.231878154443566,422.0,70.1278138485634,40.3310353879758,85.5146439212723,11.4982234229944,0.119649,0.219647,1.0
5.89040609039502,2.84078794469866,0.646321161287661,0.256625459353411,384.0,53.714470741673,39.504927892308,78.474728635704,11.6212373589422,0.0,0.0981446,1.0
6.10140513592728,3.55337781954182,0.792936531746188,0.222501407438179,479.0,53.9478703358278,37.6793072885834,61.2409016151601,11.3174101751035,0.901855,1.0,1.0
6.9350061543404,2.20180445580251,0.619012672650604,0.177870494986888,673.0,59.3933226972806,81.8019819053716,44.8695229218909,12.2016158629138,0.752613,0.852603,1.0
6.1532462302168,2.83740489144714,0.629807105105943,0.156568016870573,446.0,91.5379489704324,56.6537417406337,93.1940653029292,11.5747465899234,0.901855,1.0,1.0
5.05463444166098,3.17472370894042,0.699458809475595,0.325368999036096,388.0,32.9562870844284,61.9099258698655,86.0078982962469,12.3093526148285,0.0,0.0981446,1.0
6.00973366302324,2.72122951063271,0.712119015773697,0.277252715765755,323.0,47.6332009036374,64.4666862579418,33.4561899035843,11.9894306513343,0.0,0.0981446,1.0
6.86792985108587,3.02213035036851,0.640329505297247,0.126097238111,267.0,83.7642292853291,77.4193008055497,93.8801268201081,11.5378083735346,0.901855,1.0,1.0
6.60767748481372,3.54692389759666,0.576333614340712,0.342374263735059,350.0,46.2705618418513,66.2210909991176,50.6008222841481,12.1380527502283,0.298273,0.398214,1.0
5.34966208504886,3.99472573058622,0.61378258052458,0.341038018917734,482.0,36.9064869668233,60.4364223785465,52.579599368219,11.1136609907781,0.0,0.0981446,1.0
5.79887906087929,2.85985296465218,0.671315447194119,0.344683099753859,456.0,74.8354804098803,67.1976469861753,95.3175462855718,11.9568873414648,0.901855,1.0,1.0
5.04252104712362,2.26276269659174,0.638592886358825,0.338590241207626,603.0,62.8250111889111,99.3563939909233,52.3784199347234,12.3635410301687,0.82627,0.925892,1.0
5.39496877401441,3.66110004281971,0.523544406080748,0.152326298952251,663.0,92.975969939383,87.6049037968841,61.3894313594416,11.4449473428965,0.0519702,0.151639,1.0
5.92424125412274,2.77253393685142,0.613096223715317,0.232560677136086,659.0,82.9286258786091,85.3487810591243,86.7900720033564,11.3900624017716,0.0519702,0.151639,1.0
6.81990579812501,3.32746987980882,0.568031757159635,0.22826850662189,445.0,31.4121339642811,78.2208655450058,80.3456665291452,11.5698220400403,0.901855,1.0,1.0
6.96716229891038,3.6054283436132,0.608137828489462,0.398439395636996,442.0,70.9924455232408,68.394077285853,60.8637859291565,12.0694941087325,0.0,0.0981446,1.0
6.33323596236607,3.21751534981886,0.550190431992602,0.218245897891783,260.0,63.609487271523,57.0919344993558,63.0610239350676,11.2916610097194,0.901855,1.0,1.0
7.18999917944549,2.37825851223515,0.758976319533336,0.188523753286978,673.0,57.1380207467712,57.8119605217404,97.1632286237089,11.3018317235854,0.0,0.0981446,1.0
5.96799270165115,3.11114654498574,0.562699158051397,0.122844329158442,337.0,37.6669847858132,79.8586851298264,45.3724012173198,12.0454304715899,0.901855,1.0,1.0
5.47522357544424,3.91968607294571,0.589161579790444,0.258496850165945,272.0,45.6055866531697,67.8504685163959,32.9434698558686,11.1171024607288,0.0,0.0981446,1.0
5.15345339152016,2.98309624291814,0.736273413337907,0.104928633146045,562.0,86.8961685927396,31.0747711910379,84.0425325584248,12.1958498875326,0.0,0.0981446,1.0
6.78132808190131,3.67926715178621,0.528288659011145,0.331448926620786,440.0,86.3932757614544,86.9553628488164,57.0594072712613,11.1714692663075,0.901855,1.0,1.0
7.37220303798602,4.49029941081581,0.778000577946048,0.16168120560685,445.0,59.2443829421642,99.069025134642,82.367043116558,11.6951069700121,0.731104,0.831071,1.0
5.94263421375798,2.08967879068322,0.514515465097946,0.361262555085423,623.0,88.5969276459075,92.3523736493174,47.374771236767,12.3901861928551,0.0450759,0.144939,1.0
6.02263686623184,4.22888334903201,0.705561506315362,0.296904342321265,312.0,96.4568881476251,37.7168561388677,47.9212008178856,11.1360399843461,0.0,0.0981446,1.0
6.2640082231252,3.69735466727638,0.53037173310677,0.255152263304075,462.0,57.7277721634986,89.1194808950655,55.3679691217627,11.7265360493805,0.901855,1.0,1.0
5.64618266432804,2.67287105166811,0.54004682523275,0.316006037927518,307.0,95.7534991967125,89.1991878019035,86.5909913433018,11.3707748224236,0.296492,0.396454,1.0
7.03335667174583,3.22335474683929,0.505417696700824,0.293857093638824,590.0,66.9095309525107,30.1165017622565,43.6902753069225,11.8240782815075,0.901855,1.0,1.0
5.10046246586949,3.57707660924585,0.609844445600365,0.2450408299568,501.0,33.1681001266807,48.6279533218662,71.7888016040649,12.3472359479329,0.00358196,0.102241,1.0
5.37180119965867,2.11951398954924,0.60280851054695,0.30151570549657,561.0,57.0469979794442,75.5056525681235,31.5175644501688,11.8237039930175,0.0,0.0981446,1.0
5.42000739835216,3.79835842682488,0.559727547766604,0.167484289010896,639.0,77.5779433943485,64.13418892605,66.0207416210454,12.1566967847933,0.400152,0.500098,1.0
6.30604065713196,3.37846597634271,0.749280323179182,0.395951991543567,472.0,67.9877135091925,38.9121826742443,34.2865925268463,12.3931925362239,0.0,0.0981446,1.0
6.45484472008346,3.51895064499703,0.613485276919409,0.369891898761011,631.0,92.4926421055636,62.5497361497381,86.2137102919355,12.2747001952311,0.744503,0.84426,1.0
5.32933690062014,2.93284186110739,0.676346358501467,0.314851566403513,286.0,99.8043905155786,89.2694506940697,43.7080154225452,11.2467115403485,0.0,0.0981446,1.0
6.74104566436497,3.75535533866653,0.698776651912335,0.292821436586126,632.0,72.6634672519175,73.4798309032016,65.5535959129696,11.2194616201672,0.901855,1.0,1.0
7.37489010029015,3.40167710642948,0.758799373408724,0.179870002674866,691.0,32.4399000831665,92.9812511916909,59.3866485070476,11.9600551062624,0.901855,1.0,1.0
6.70444963060303,2.59642344883949,0.5911186818048,0.357790356362334,302.0,31.7967686510804,82.8037160667558,95.0494614966315,12.2020788311781,0.462396,0.562296,1.0
5.11360676226489,2.40735639532497,0.606196513427306,0.209885930802114,346.0,69.9300945008282,89.7622129157411,91.7768560791103,11.7391566724242,0.822723,0.922673,1.0
7.39061015599716,3.09993166097949,0.55255019625707,0.116390204143445,473.0,64.4768610764872,75.6202262885151,73.978376012804,11.1485195578851,0.0,0.0981446,1.0
7.28625841195969,2.78777867073609,0.631951302542556,0.346008521169172,304.0,64.2696175228638,77.2208585077577,87.0521264006983,12.2366783827864,0.901855,1.0,1.0
5.2440051454522,3.94676102887738,0.613582573103559,0.174145853467865,671.0,62.1345691046235,74.7490161592062,77.6848021537442,11.5895447886061,0.763922,0.863898,1.0
6.85700833482018,2.48761849590444,0.644069355779973,0.251303949140603,634.0,59.4899410551311,72.987748889267,37.9080117556862,12.0702653489723,0.387386,0.487301,1.0
5.69116565464952,4.19713473878257,0.738293706388305,0.376757880852529,661.0,96.6980128049384,51.0116013942615,90.864440518679,12.3050580063692,0.258954,0.358884,1.0
5.98956741382836,2.7238431963347,0.703356806203268,0.363295071191387,683.0,52.8492812351537,74.5262681103195,99.5701421434216,11.5741417739724,0.400152,0.500098,1.0
7.1424470622111,3.0489207153253,0.548614085362835,0.299547759288092,532.0,64.8482329242675,50.1902256965905,88.1926870194792,11.1345432733767,0.0,0.0981446,1.0
5.86945831474207,3.37791296863771,0.608888070756302,0.314332523360341,439.0,71.4889581913666,98.3346624117911,79.9899594586898,11.9624577725277,0.524506,0.624482,1.0
5.99501965578671,3.92451382201445,0.575990375068457,0.113965729843667,669.0,43.1076339581846,32.5830592353332,65.8990662201345,11.4462883181127,0.0,0.0981446,1.0
7.24210706080736,2.63031540355893,0.566395838885154,0.397735662641782,471.0,67.8233700644935,78.8453406871971,78.9847219302663,11.5682871179301,0.0,0.0981446,1.0
6.9675769674469,4.07445914061918,0.727514378417412,0.359971682441164,658.0,50.5098903539847,64.9487402743939,75.3691738331632,11.704063318804,0.901855,1.0,1.0
5.93336661146728,2.50240955255497,0.595775526677838,0.229392691521444,667.0,65.1300940567551,76.695274062887,43.9170739575393,11.4819331526601,0.0,0.0981446,1.0
7.00524274046227,2.524038167106,0.771699577184804,0.380230030101848,628.0,91.7781052590602,66.4271120779123,45.8052128572159,11.7893575375218,0.0,0.0981446,1.0
5.83776529512464,2.46798389087423,0.779279390147718,0.108451187048593,388.0,97.7912048495815,62.8883362297571,97.2378609575198,11.1127326817028,0.0,0.0981446,1.0
6.48210856343841,3.05465489084226,0.608505929547916,0.191916664798414,453.0,84.2789453405979,54.3313129951822,96.3922438404539,11.5574457494852,0.632288,0.7321,1.0
5.62910179439121,3.60589402017348,0.574079262607021,0.353396054114749,688.0,43.924158952247,39.8384907627352,71.3895442035662,11.5106415913675,0.901855,1.0,1.0
5.22566315118391,3.24850527605975,0.637134659229781,0.201002144092533,493.0,87.7647794595827,86.4468429173715,49.3738162537773,12.1774795114084,0.000468738,0.0989152,1.0
5.516381568293,2.63652055663706,0.707994363630251,0.166904660241132,293.0,53.6531706144843,99.6054134591135,66.5109160115647,11.3845894722932,0.901855,1.0,1.0
7.46718675236164,3.80451156848198,0.614168772100719,0.108776830622743,382.0,51.9285346823984,39.3732596621498,32.8623845749508,12.1486257429386,0.0,0.0981446,1.0
5.49274853025247,2.52000324712498,0.769759166551139,0.307416341528516,338.0,97.3696990083957,32.6838107983801,38.2555444655527,12.0830142891817,0.0,0.0981446,1.0
7.12265542930203,2.77364813883791,0.725344404006292,0.284516485496216,426.0,73.2266624969563,89.123878423181,51.42778347682,11.3229906371576,0.675509,0.775371,1.0
6.77389481492311,3.55854784698895,0.587627185815605,0.102870902535008,336.0,71.5827916300654,39.2523435759968,33.4259626612923,12.2130555927428,0.0,0.0981446,1.0
6.05961078991653,3.32198111030286,0.528661585554841,0.234230133567679,465.0,86.7709532973583,33.4297663016131,79.6032983299699,11.8866002933244,0.0,0.0981446,1.0
6.76602418879354,2.83647727135057,0.795061277435072,0.284847422785875,352.0,73.8185275589375,50.1654302415465,47.5377283524288,11.5420471435486,0.901855,1.0,1.0
6.40669562381648,4.37411686288824,0.705497938295376,0.377142961473438,328.0,86.8411481056394,45.9925044911193,79.1925563400455,11.8915516730454,0.717053,0.81688,1.0
5.18879582483101,2.4151471785149,0.710474540097461,0.245410338442433,261.0,52.9608418113746,55.8307690127264,51.0890967086301,11.5232449207329,0.0337242,0.133311,1.0
5.85005128053989,2.35522310751977,0.526306179103691,0.251418139038755,596.0,58.7686316524868,87.0177260927118,50.0039059606932,11.9258506999155,0.373031,0.47293,1.0
7.49579981832885,3.06895067181256,0.559308339718223,0.137337218201477,331.0,56.4553051137157,42.5325029364378,80.2624587745229,11.5093927225631,0.901855,1.0,1.0
5.00864430073625,3.60187054201246,0.737730327117634,0.16711264258473,542.0,43.1897299280303,99.9499765529545,75.679765521539,11.5701934583994,0.901085,0.999531,1.0
7.15428880558833,2.87797790620922,0.759203562651768,0.150831635120831,490.0,75.3192012633094,33.9675050501174,86.5076280825789,12.3938969848412,0.901855,1.0,1.0
5.51501635909641,2.91174809136822,0.696327073142971,0.29700463660795,404.0,51.9815915067019,82.3505573028548,90.3501300652675,11.2186709204166,0.0,0.0981446,1.0
7.19840995172642,4.19181338967982,0.504568132210301,0.30419521070759,645.0,31.1369266097901,98.1892005091905,38.8578208842952,11.1997259238709,0.0619394,0.16173,1.0
5.2632427621511,2.64370803846195,0.783012134837259,0.35967677127656,494.0,58.8493248090278,98.9367451821685,48.121199778104,12.0299862678233,0.3635,0.463474,1.0
5.30168028933316,2.60332281417152,0.625197845928047,0.101362620500549,565.0,66.7255721985264,97.8199812867358,57.8803840144317,11.5838108565682,0.841731,0.94138,1.0
7.12118890037902,3.93413815005447,0.56936493803169,0.292973797757317,699.0,60.6659528164909,78.8216005740061,76.4313679044701,11.4307740399826,0.0125218,0.112309,1.0
6.5764084656769,4.16117585281797,0.625358059718254,0.108469819317925,688.0,52.7203411527427,87.1997216320637,65.7551209557622,11.3916683489586,0.536526,0.6365,1.0
5.72456443764352,2.18250431224861,0.669676537647615,0.19079755729478,306.0,44.3600876953691,64.3631585420511,84.9317109398188,12.0351572716529,0.696799,0.796691,1.0
6.99843816851125,3.55151830969286,0.773332573509997,0.206839348314401,634.0,98.3648138624345,53.7480643455159,43.2666380466959,11.1006306016549,0.0,0.0981446,1.0
6.11487293296175,2.09565510114568,0.739920246711196,0.328171768509641,537.0,98.7618418270292,33.9126012984231,33.4388730269203,11.3460691447527,0.0,0.0981446,1.0
7.34961390667012,2.9887461492657,0.771539411888073,0.390258233815594,630.0,72.3321774914605,82.1964368002086,75.8658991622372,11.8477666658297,0.901855,1.0,1.0
6.40525943942954,2.04922122679119,0.785485177684251,0.161020213192711,250.0,98.3902554161181,39.864920189827,97.2280867148731,11.791535116988,0.901855,1.0,1.0
6.7361166100564,3.64513052226828,0.719733049775263,0.27719554203298,278.0,80.3289344738523,35.2344783196748,74.2738022336119,11.9651926950291,0.901855,1.0,1.0
6.87594052077185,3.61382844082934,0.508755781229182,0.329703921899457,380.0,96.8942154785962,73.7613099230905,71.3531137148733,11.4378887608678,0.901855,1.0,1.0
6.83532656958464,2.6202170747437,0.754095576932432,0.263015774294722,404.0,33.6777328691304,87.3337159505446,92.1103628130326,12.3223430386387,0.901855,1.0,1.0
7.48751027598011,4.23885259714238,0.564894384377121,0.375124842096977,399.0,73.1688312980584,66.116268891146,34.865341969922,11.3615215367756,0.0,0.0981446,1.0
6.05870539369197,2.13349454328517,0.586666830914233,0.268766458747863,503.0,42.9523405032159,52.5440538107235,44.9868324815997,12.2144417057366,0.555943,0.65594,1.0
5.7450516530613,2.63198150844547,0.535264467443209,0.224497275880169,641.0,64.349043493766,97.1853693315652,40.3530478491276,11.3699413873542,0.0551815,0.154589,1.0
6.78906855063108,2.09584489397616,0.694273793099521,0.148481111204794,433.0,48.1854159122929,79.6961986693521,90.5200271431636,11.1724398964796,0.0741081,0.17373,1.0
6.38758377153108,3.81202734684718,0.523219657250064,0.196853182738086,305.0,68.3304876643558,81.4759469848747,99.4579947477016,12.088730806421,0.901855,1.0,1.0
5.71252037589418,2.44313091036191,0.556474428252428,0.255066188084622,693.0,55.7288909627322,58.5546493459003,51.431847644327,12.3381735650566,0.487266,0.587176,1.0
5.18638309066385,3.64652685511213,0.525726210926624,0.350720964775213,598.0,83.4200246601399,84.4227865216291,48.9702722392262,11.7055614914028,0.0,0.0981446,1.0
6.04935986069493,4.38964700620336,0.531958898220195,0.275275910733377,604.0,69.8934067678041,34.8652284150567,75.2475246469161,12.303408678103,0.462396,0.562296,1.0
5.44832878871846,2.88679260686751,0.548818023206314,0.109978999345803,427.0,97.3455850526296,90.0553397282243,30.9659219721205,11.9755327198851,0.0,0.0981446,1.0
6.49488264614639,2.63800131555218,0.601525506867537,0.309872582883959,578.0,79.8522919408632,54.3969836983633,66.3653987876958,11.3528878477825,0.639123,0.739079,1.0
5.24839735117148,2.80932190221616,0.592939043591899,0.140410844932097,461.0,88.2950582789556,51.3436439601284,64.8453781069555,11.2932060495942,0.0,0.0981446,1.0
6.27463366347889,3.90057341963385,0.727089043199267,0.284221631959206,645.0,60.1565699896359,43.0654332826825,32.2003251200332,11.9511895312929,0.0,0.0981446,1.0
6.63405229267202,2.71898056979049,0.6864455911766,0.284942017299782,455.0,40.582572913964,65.3911015380249,60.4296958393177,11.2101377835505,0.0,0.0981446,1.0
7.37655031849018,3.21918074525703,0.65600486858124,0.297582904482354,697.0,68.7084038034193,41.8965867498114,54.2851462600204,11.6619158222831,0.901855,1.0,1.0
5.59714910386777,4.27145114276004,0.739603160531807,0.126436541879287,446.0,97.142028784889,51.8112381462881,40.0527779223436,11.8022844748884,0.0125218,0.112309,1.0
5.14239947626046,2.69130395925145,0.594268958886609,0.292608198593582,289.0,94.7978609738326,60.7585438065862,40.3702953592793,12.1516334403828,0.0,0.0981446,1.0
5.43182561975612,4.15131023371658,0.707319617450549,0.118979333739203,608.0,39.759665416522,94.8895348021456,37.3981660061002,12.3336173002657,0.841731,0.94138,1.0
6.63423794000067,2.21049277031573,0.616597215785652,0.374794564137223,502.0,89.4487445124803,75.1034582106899,43.4891206293254,12.1173266175508,0.000468738,0.0989152,1.0
5.9489850722213,2.58798534863159,0.50520308267082,0.208838921461857,311.0,39.476546433365,91.2382695933473,51.1096974750366,11.615380803402,0.0,0.0981446,1.0
6.36160873148696,2.38528930427988,0.654874662275291,0.309698887638677,480.0,84.9562269592091,51.2571619031427,57.3126971498643,11.3631905327847,0.324104,0.423934,1.0
6.86962339237313,2.95452339077346,0.680041119213159,0.10799259028162,448.0,42.8634091176264,35.3108662609587,59.28759342865,11.4967359120807,0.0,0.0981446,1.0
6.43994643478686,3.73702034845732,0.532696409702578,0.107077792211539,607.0,67.0283409142714,34.297848282015,49.1023159494395,12.0504618618653,0.151334,0.251058,1.0
6.83354694511142,4.24494787024646,0.63429129961181,0.307850257193317,525.0,90.7561717609618,93.3969790781347,57.2870821854603,12.3085558542764,0.709227,0.808975,1.0
7.39153614674062,4.39030077373968,0.610466567365492,0.135498885633093,333.0,56.0889079628134,59.06774467005,43.8868373505294,11.1459077876898,0.0,0.0981446,1.0
5.83777157197309,2.02259822021715,0.72983339681717,0.245166347056627,501.0,85.5155033062677,45.538012983198,56.7432618296897,12.0071194865538,0.0,0.0981446,1.0
6.83900121431495,2.45053714865877,0.685777045467067,0.267113338416817,503.0,69.9831449751385,64.3246065649472,90.9270029754526,12.1760094851712,0.901855,1.0,1.0
6.35651397978646,2.42269549003337,0.722361656254229,0.184285624087586,651.0,78.7693002052408,88.4336708822013,73.0874135606262,11.9557916517295,0.887691,0.987478,1.0
5.29308246122924,4.44021588010731,0.553806913393284,0.122718041539237,250.0,86.4983105319715,68.5648232516634,89.7380497164735,11.4549710764299,0.417753,0.517731,1.0
5.07576296974913,2.23048541345982,0.723571165088021,0.257400188401788,437.0,54.7841077518708,57.1162482636762,66.0240120815492,11.5560672390523,0.901855,1.0,1.0
6.24429113835595,3.01032842477224,0.674889702676825,0.29442662856007,257.0,55.4907764766823,51.5396288142327,40.3843934413588,11.2406273242288,0.0,0.0981446,1.0
7.18487160103782,2.21340503162483,0.544371900523573,0.392397387322083,522.0,76.7468112422447,86.5028879290617,68.0047875182606,11.83224177091,0.273616,0.37346,1.0
5.35664975322981,2.61705413546986,0.500229935700026,0.393565972397521,322.0,94.5985677618619,82.0888019981711,95.8121942616895,11.3912626597636,0.0,0.0981446,1.0
6.17207492874957,2.7120806057885,0.781733042562378,0.395595197263157,323.0,86.2006207790064,49.8406491769896,85.9991272328675,11.1140756215746,0.0,0.0981446,1.0
6.45629249630562,3.85392006316194,0.552559496029435,0.354998310146783,430.0,62.9787627753258,38.4337388887397,42.6284083037043,11.9585236005442,0.901855,1.0,1.0
6.4485112703531,2.27388345375685,0.50892911067887,0.127764563754937,486.0,39.7424509191967,75.383662561627,92.1479117783652,11.156926168393,0.107051,0.206887,1.0
